,UKREIS,UJAHR,UMONAT,UWOCHENTAG,USTUNDE,UKATEGORIE,UART,UTYP1,IstRad,IstPKW,IstFuss,IstKrad,IstGkfz,IstSonstig,ULICHTVERH,STRZUSTAND,longitude,latitude
628,11,2016,8,1,19,3,6,4,1,0,1,0,0,0,0,0,8.853244213,53.08684058
629,11,2016,7,2,16,3,5,6,1,1,0,0,0,0,0,0,8.810589353,53.039247018
630,11,2016,8,5,11,2,0,3,1,1,0,0,0,0,0,0,8.77338784,53.091692259
631,11,2016,8,7,12,3,5,2,1,0,0,0,0,0,0,0,8.759853363,53.113487516
632,11,2016,8,6,13,3,5,3,1,1,0,0,0,0,0,0,8.619074583,53.180499785
633,11,2016,8,5,11,2,5,3,1,1,0,0,0,0,0,1,8.880009305,53.090647602
634,11,2016,8,3,7,2,4,6,1,0,0,0,0,0,0,0,8.886746948,53.051523432
635,12,2016,7,7,9,3,3,6,1,1,0,0,0,0,0,0,8.593473107,53.533815985
636,11,2016,8,5,14,3,5,2,1,1,0,0,0,0,0,0,8.830436667,53.085655978
637,11,2016,8,2,14,3,4,6,1,0,0,1,0,0,0,0,8.886716122,53.051556637
638,11,2016,8,4,13,3,3,6,1,0,0,0,0,0,0,0,8.799423844,53.070182994
639,11,2016,7,5,14,3,4,1,1,0,0,0,0,0,0,0,8.626030857,53.166729465
640,12,2016,8,3,13,3,0,1,1,0,0,0,1,0,0,0,8.579152952,53.533283649
641,11,2016,8,7,10,3,6,1,1,0,1,0,0,0,0,0,8.789326083,53.09304724
642,12,2016,7,3,21,3,5,3,1,1,0,0,0,0,1,0,8.598274133,53.570226548
643,11,2016,8,2,16,3,5,3,1,0,0,0,0,0,0,0,8.80769035,53.082407593
644,11,2016,8,2,15,3,5,3,1,0,0,0,0,0,0,1,8.912666774,53.055381219
645,11,2016,7,5,7,3,4,6,1,1,0,0,0,0,0,0,8.758906288,53.091790365
646,11,2016,7,7,12,3,3,2,1,1,0,0,0,0,0,0,8.627879892,53.17188814
647,11,2016,7,3,11,3,5,3,1,0,0,0,0,1,0,0,8.832841014,53.070808736
648,11,2016,7,1,22,3,0,7,1,0,0,0,0,0,1,0,8.896295348,53.082419536
649,11,2016,8,3,8,3,5,2,1,1,0,0,0,0,0,0,8.791019792,53.095509267
650,11,2016,8,6,18,3,0,1,1,0,0,0,0,0,0,0,8.826999172,53.072778406
651,11,2016,8,1,10,3,0,3,1,1,0,0,0,0,0,0,8.855044402,53.078751255
652,11,2016,7,3,11,2,0,7,1,0,0,0,0,1,0,0,8.954507597,53.04512671
653,11,2016,7,1,12,3,7,1,1,0,0,0,0,1,0,0,8.832126864,53.108670507
654,11,2016,8,5,9,2,0,3,1,0,0,0,0,1,0,1,8.880177935,53.101501703
655,11,2016,8,6,13,3,5,3,1,1,0,0,0,0,0,0,8.829459291,53.089004433
656,11,2016,7,2,15,3,5,3,1,1,0,0,0,0,0,0,8.739879924,53.047237021
657,12,2016,8,5,7,3,1,6,1,1,0,0,0,0,0,1,8.592138455,53.568458255
658,12,2016,8,3,7,3,6,4,1,0,1,0,0,0,0,1,8.581042446,53.551480994
659,12,2016,8,7,16,3,5,3,1,1,0,0,0,0,0,0,8.611174304,53.529619801
660,11,2016,7,1,14,3,0,1,1,0,0,0,0,0,0,0,8.807166859,53.064618784
661,11,2016,8,4,13,3,3,6,1,1,0,0,0,0,0,0,8.909005793,53.056010076
662,11,2016,8,1,17,3,5,3,1,1,0,0,0,0,0,0,8.786447654,53.095466049
663,11,2016,7,2,23,3,4,6,1,0,0,0,0,0,2,0,8.803215079,53.07222352
664,12,2016,8,2,10,3,5,7,1,1,0,0,0,0,0,0,8.589764523,53.539233426
665,11,2016,8,2,16,3,0,1,1,0,0,0,0,0,0,1,8.8275864,53.072585925
666,11,2016,8,5,12,3,0,5,1,0,0,0,0,1,0,1,8.572200725,53.197289143
667,11,2016,7,7,12,3,5,3,1,1,0,0,0,0,0,0,8.772341306,53.109011924
668,11,2016,7,3,1,3,5,3,1,1,0,0,0,0,2,0,8.84489116,53.045803426
669,12,2016,8,5,9,3,8,1,1,0,0,0,0,0,0,0,8.586094193,53.561086382
670,11,2016,8,6,9,3,5,3,1,1,0,0,0,0,0,0,8.925386642,53.073007888
671,11,2016,8,4,8,3,4,6,1,0,0,0,0,0,0,1,8.791901344,53.085743807
672,12,2016,7,4,13,2,5,3,1,1,0,0,0,0,0,0,8.593336367,53.54652292
673,12,2016,7,6,18,3,8,1,1,0,0,0,0,0,0,0,8.58464508,53.560062984
674,11,2016,8,4,16,3,5,2,1,1,0,0,0,0,0,0,8.818738214,53.043877108
675,11,2016,7,3,6,3,5,3,1,1,0,0,0,0,0,0,8.826166792,53.034332725
676,11,2016,8,4,15,2,0,1,1,0,0,0,0,0,0,0,8.809185506,53.078851413
677,12,2016,8,2,20,3,1,1,1,1,0,0,0,0,1,0,8.599933906,53.529435909
678,11,2016,8,3,15,3,5,3,1,1,0,0,0,0,0,0,8.849731047,53.048971602
679,11,2016,8,3,13,2,5,2,1,1,0,0,0,0,0,0,8.819113549,53.080275639
680,11,2016,8,4,7,3,0,2,1,1,0,0,0,0,0,1,8.765461511,53.107180755
681,11,2016,8,2,8,3,5,2,1,1,0,0,0,0,0,0,8.787484393,53.089916474
682,11,2016,8,4,8,3,5,3,1,1,0,0,0,0,0,0,8.805500056,53.081558785
683,11,2016,8,6,13,3,5,3,1,1,0,0,0,0,0,0,8.675490612,53.173579502
684,12,2016,7,7,16,3,0,7,1,0,0,0,0,0,0,0,8.593715463,53.562241705
685,11,2016,7,3,14,3,5,3,1,1,0,0,0,0,0,0,8.574061522,53.19802157
686,11,2016,8,5,14,3,5,3,1,1,0,0,0,0,0,1,8.635789753,53.17319335
687,11,2016,8,2,19,2,5,3,1,1,0,0,0,0,0,0,8.867286943,53.06990895
688,11,2016,8,6,11,3,1,5,1,0,0,0,0,1,0,0,8.830887201,53.076970691
689,11,2016,8,6,15,3,4,2,1,1,0,0,0,0,0,1,8.784098571,53.075618285
690,12,2016,7,2,20,3,7,6,1,0,0,0,0,0,0,0,8.580430606,53.557209943
691,11,2016,8,7,12,3,5,2,1,1,0,0,0,0,0,0,8.853544711,53.064832079
692,11,2016,7,2,17,3,5,2,1,1,0,0,0,0,0,0,8.876597124,53.081389183
693,11,2016,8,4,6,3,0,7,1,0,0,0,0,1,0,0,8.661476751,53.161662004
694,11,2016,8,1,15,3,6,3,1,0,1,0,0,0,0,0,8.790066029,53.094617757
695,11,2016,8,2,15,3,0,1,1,0,0,0,0,0,0,1,8.853149551,53.1042719
696,11,2016,8,5,7,3,4,3,1,0,0,0,0,0,0,0,8.863046102,53.071430211
697,11,2016,8,5,7,2,0,7,1,0,0,0,0,0,0,0,8.780955559,53.112683583
698,11,2016,8,3,13,3,5,3,1,1,0,0,0,0,0,1,8.957982762,53.048842848
699,11,2016,7,1,23,3,6,4,1,0,1,0,0,0,2,0,8.894631362,53.08042675
700,11,2016,8,5,17,3,0,3,1,0,1,0,0,0,0,0,8.805980599,53.073344638
701,11,2016,8,4,16,3,3,6,1,1,0,0,0,1,0,0,8.833199893,53.078713219
702,11,2016,8,2,9,3,5,3,1,1,0,0,0,0,0,0,8.875247304,53.101368637
703,11,2016,7,5,6,3,5,2,1,1,0,0,0,0,0,0,8.886391602,53.0346057
704,11,2016,8,7,13,3,0,3,1,1,0,0,0,0,0,0,8.757915405,53.058070093
705,11,2016,7,4,8,3,5,2,1,1,0,0,0,0,0,0,8.825253991,53.07900556
706,11,2016,7,4,15,3,5,3,1,1,0,0,0,0,0,0,8.770724305,53.078508261
707,11,2016,7,7,12,3,0,7,1,0,0,0,0,0,0,0,8.822994996,53.07294195
708,11,2016,9,3,8,3,5,2,1,1,0,0,0,0,0,0,8.824454486,53.084524886
709,11,2016,9,6,12,3,5,2,1,1,0,0,0,0,0,0,8.584576456,53.181445939
710,11,2016,9,4,19,3,5,3,1,1,0,0,0,0,0,0,8.789252702,53.090129561
711,11,2016,9,4,21,2,0,1,1,0,0,0,0,0,2,0,8.887138416,53.058586714
712,11,2016,9,7,19,3,0,1,1,0,0,0,0,0,1,0,8.8004552,53.078790885
713,11,2016,8,5,16,3,4,2,1,1,0,0,0,0,0,0,8.820285182,53.086470662
714,11,2016,9,1,16,2,6,4,1,0,1,0,0,0,0,0,8.83866205,53.154661821
715,11,2016,9,6,14,2,5,2,1,0,0,0,1,0,0,0,8.783842248,53.087683398
716,11,2016,9,3,20,3,1,7,1,0,1,0,0,0,2,0,8.773990138,53.077806914
717,11,2016,9,3,17,3,5,3,1,1,0,0,0,0,0,0,8.769162034,53.082699114
718,12,2016,9,2,18,1,5,3,1,1,0,1,0,0,0,0,8.594982437,53.572101206
719,12,2016,9,6,17,3,5,3,1,1,0,0,0,0,0,0,8.592888385,53.587077615
720,11,2016,8,5,5,3,0,1,1,0,0,0,0,0,1,0,8.9034522,53.059549586
721,11,2016,9,7,15,2,6,4,1,0,1,0,0,0,0,0,8.783585311,53.149971367
722,11,2016,8,3,19,3,0,3,1,1,0,0,0,0,0,0,8.716248585,53.144001326
723,11,2016,9,5,15,3,5,3,1,1,0,0,0,0,0,0,8.815087083,53.077144174
724,11,2016,9,5,10,2,5,2,1,0,0,0,1,0,0,0,8.785029416,53.088672332
725,11,2016,9,4,7,3,3,2,1,0,0,0,1,0,0,0,8.784051937,53.075570081
726,11,2016,9,3,12,3,5,3,1,1,0,0,0,0,0,0,8.962455609,53.133095756
727,11,2016,9,6,11,3,5,3,1,0,0,1,0,0,0,0,8.788609366,53.10338967
728,11,2016,9,1,16,3,0,1,1,0,0,0,0,0,0,0,8.823566931,53.076848775
729,11,2016,9,6,6,2,5,3,1,0,0,0,0,0,1,0,8.642388278,53.163114496
730,11,2016,9,4,7,3,5,3,1,1,0,0,0,0,0,0,8.796303863,53.090580383
731,11,2016,8,6,16,3,3,6,1,0,0,0,0,0,0,0,8.853551223,53.064846837
732,11,2016,9,3,18,3,3,6,1,1,0,0,0,0,0,0,8.85156513,53.083823059
733,11,2016,9,3,0,3,5,3,1,1,0,0,0,0,2,0,8.816027598,53.081075804
734,11,2016,9,5,17,3,5,3,1,0,0,0,0,0,0,0,8.825130211,53.084265885
735,11,2016,9,3,8,2,5,3,1,0,0,0,0,0,0,0,8.82916382,53.080279878
736,11,2016,9,2,19,3,5,3,1,1,0,0,0,0,1,0,8.910371628,53.071235291
737,11,2016,9,6,11,3,1,7,1,1,0,0,0,0,0,0,8.795425968,53.065412251
738,11,2016,9,5,18,3,1,5,1,1,0,0,0,0,0,0,8.828152079,53.083113067
739,11,2016,9,4,15,3,5,3,1,1,0,0,0,0,0,0,8.769643065,53.110399335
740,11,2016,9,5,12,3,5,3,1,1,0,0,0,0,0,0,8.632551119,53.181297925
741,11,2016,9,3,9,3,5,3,1,1,0,0,0,0,0,0,8.880656817,53.07056225
742,11,2016,9,6,7,3,5,2,1,1,0,0,0,0,0,0,8.846293129,53.047508966
743,11,2016,8,4,13,3,0,7,1,0,1,0,0,0,0,0,8.797825761,53.076811825
744,11,2016,9,1,18,3,6,4,1,0,1,0,0,0,0,0,8.787582429,53.069836705
745,11,2016,9,4,7,3,5,3,1,0,0,1,0,0,0,0,8.814628016,53.084994964
746,12,2016,9,3,15,2,0,1,1,0,0,0,0,0,0,0,8.603482647,53.523462945
747,11,2016,9,2,13,2,8,1,1,0,0,0,0,0,0,0,8.690824426,53.168844146
748,11,2016,9,3,18,3,5,3,1,1,0,0,0,0,0,0,8.573282016,53.198987303
749,11,2016,8,5,14,3,5,2,1,1,0,0,0,0,0,0,8.902085133,53.071462923
750,11,2016,8,5,7,3,5,3,1,1,0,0,0,0,0,0,8.738433115,53.047248202
751,11,2016,9,1,2,3,5,3,1,1,0,0,0,0,2,0,8.812048699,53.097576098
752,11,2016,9,5,13,3,5,3,1,0,0,1,0,0,0,0,8.872446106,53.063127631
753,11,2016,8,4,9,3,6,7,1,0,1,0,0,0,0,0,8.808487091,53.082882903
754,11,2016,9,6,20,3,5,3,1,1,0,0,0,0,1,0,8.813882937,53.080179071
755,11,2016,9,3,22,3,5,2,1,1,0,0,0,0,2,0,8.923355553,53.059411907
756,11,2016,9,2,7,3,5,2,1,1,0,0,0,0,0,0,8.818904678,53.036490673
757,11,2016,9,6,17,3,5,3,1,1,0,0,0,0,0,0,8.883394173,53.100539235
758,12,2016,9,6,11,3,5,3,1,1,0,0,0,0,0,0,8.590937878,53.541100061
759,11,2016,9,4,10,3,5,3,1,1,0,0,0,0,0,0,8.818364654,53.077444256
760,11,2016,9,3,15,3,0,7,1,0,0,0,0,0,0,0,8.759523606,53.113636427
761,11,2016,9,3,7,3,5,2,1,1,0,0,0,0,0,0,8.780233397,53.105587243
762,11,2016,9,6,20,3,6,4,1,0,1,0,0,0,2,0,8.788935463,53.070868307
763,11,2016,9,5,15,3,5,3,1,1,0,0,0,0,0,0,8.838337218,53.081398897
764,11,2016,9,4,7,3,5,7,1,0,0,0,0,1,0,0,8.69569807,53.168705866
765,11,2016,9,6,11,3,1,1,1,0,0,0,0,1,0,0,8.872205784,53.064131244
766,12,2016,9,3,8,3,3,2,1,1,0,0,0,0,0,0,8.591571473,53.532219658
767,11,2016,9,7,10,3,5,3,1,1,0,0,0,0,0,0,8.892679595,53.129241236
768,12,2016,9,4,17,3,5,3,1,0,0,0,0,0,0,0,8.596428482,53.535885925
769,12,2016,9,5,11,3,1,5,1,1,0,0,0,0,0,0,8.593671606,53.563508492
770,11,2016,9,2,16,2,1,5,1,1,0,0,0,0,0,0,8.899246936,53.134485013
771,11,2016,9,3,15,3,5,3,1,1,0,0,0,0,0,0,8.736640535,53.045318652
772,11,2016,9,6,16,3,5,3,1,1,0,0,0,0,0,0,8.754795907,53.119762067
773,11,2016,9,1,17,3,0,1,1,0,0,0,0,0,0,0,8.804397235,53.072617345
774,11,2016,8,2,8,3,0,7,1,1,0,0,0,0,0,1,8.733601224,53.165501779
775,11,2016,9,3,7,3,5,3,1,1,0,0,0,0,0,0,8.844339739,53.083995128
776,11,2016,9,6,10,3,3,6,1,0,0,1,0,0,0,0,8.794972547,53.067222886
777,11,2016,9,5,7,3,5,2,1,1,0,0,0,0,0,0,8.834910653,53.082073241
778,11,2016,9,4,16,3,5,3,1,1,0,0,0,0,0,0,8.901473401,53.059425667
779,12,2016,8,4,7,3,5,3,1,1,0,0,0,0,0,0,8.613474838,53.529284557
780,11,2016,9,2,12,3,7,7,1,0,0,0,0,0,0,0,8.528682531,53.19390816
781,11,2016,8,5,23,3,0,1,1,0,0,0,0,0,2,0,8.827093866,53.086337012
782,11,2016,9,6,14,3,6,4,1,1,1,0,0,0,0,0,8.943732262,53.037997317
783,11,2016,9,4,12,2,5,3,1,1,0,0,0,0,0,0,8.832109977,53.068643296
784,12,2016,9,2,9,2,5,3,1,1,0,0,0,0,0,1,8.596488745,53.567606106
785,11,2016,8,4,9,3,5,3,1,1,0,0,0,0,0,0,8.873966216,53.101336209
786,11,2016,8,7,9,2,8,7,1,0,0,0,0,0,0,0,8.829774269,53.07182141
787,11,2016,9,6,10,3,0,7,1,0,0,0,0,1,0,0,8.827792837,53.048716711
788,11,2016,9,4,8,3,5,3,1,0,0,0,0,1,0,0,8.761857506,53.115408935
789,11,2016,9,3,9,3,3,6,1,1,0,0,0,0,0,0,8.859622973,53.102814678
790,12,2016,9,6,17,3,5,3,1,1,0,0,0,0,0,0,8.592883073,53.587083025
791,11,2016,8,4,9,3,5,3,1,1,0,0,0,0,0,0,8.945673119,53.058132992
792,11,2016,9,7,20,3,1,5,1,1,0,0,0,0,2,0,8.791481294,53.06819549
793,11,2016,8,3,17,3,3,6,1,1,0,0,0,0,0,0,8.61337253,53.174638224
794,11,2016,8,6,9,3,5,3,1,1,0,0,0,0,0,0,8.838002695,53.067873543
795,11,2016,9,5,16,3,5,7,1,1,0,1,0,0,0,0,8.794148793,53.089119466
796,11,2016,9,4,17,3,5,3,1,1,0,0,0,0,0,0,8.964611784,53.057582094
797,11,2016,9,6,13,3,5,3,1,1,0,0,0,0,0,0,8.808024515,53.082607284
798,11,2016,9,1,13,1,6,7,1,0,1,0,0,0,0,0,8.80898995,53.076416664
799,11,2016,9,4,10,3,6,7,1,0,0,0,0,1,0,0,8.819236932,53.083896749
800,11,2016,8,6,9,3,3,2,1,1,0,0,0,0,0,0,8.962343656,53.057404929
801,11,2016,9,5,13,3,5,3,1,1,0,0,0,0,0,0,8.625547043,53.181244089
802,11,2016,9,6,16,3,5,2,1,1,0,0,0,0,0,0,8.878094108,53.082300661
803,11,2016,9,3,18,3,3,6,1,0,1,0,0,0,0,0,8.810982424,53.061879158
804,11,2016,9,5,0,3,9,7,1,0,0,0,0,0,2,0,8.709033147,53.053308884
805,12,2016,10,1,17,3,5,2,1,1,0,0,0,0,0,0,8.598198768,53.585172439
806,11,2016,9,3,12,3,5,3,1,1,0,0,0,0,0,0,8.871266605,53.077386362
807,11,2016,9,2,18,3,0,7,1,0,0,0,0,0,0,0,8.820020758,53.030358667
808,11,2016,9,5,15,2,6,4,1,0,1,0,0,1,0,0,8.80705847,53.082128254
809,11,2016,9,4,8,3,1,7,1,1,0,0,0,0,0,0,8.918068034,53.073815572
810,11,2016,8,4,15,3,5,7,1,1,0,0,0,0,0,0,8.837003441,53.075367044
811,11,2016,8,4,19,3,5,3,1,1,0,0,0,0,0,0,8.807119306,53.08201646
812,11,2016,8,4,8,3,5,2,1,0,0,0,0,1,0,0,8.806884801,53.08198829
813,11,2016,9,3,10,3,5,3,1,1,0,0,0,0,0,0,8.844719792,53.076654921
814,11,2016,8,4,15,3,3,6,1,1,0,0,0,0,0,0,8.788127626,53.098850601
815,11,2016,8,2,7,3,5,2,1,1,0,0,0,0,0,0,8.788607215,53.103369889
816,12,2016,9,2,7,3,5,2,1,0,0,0,0,0,0,0,8.588173905,53.536002046
817,11,2016,9,4,14,3,5,2,1,1,0,0,0,0,0,0,8.800696443,53.07868761
818,11,2016,9,2,18,3,0,1,1,0,0,0,0,0,0,0,8.830725203,53.071477853
819,11,2016,9,7,9,2,5,3,1,1,1,0,0,0,0,0,8.809050725,53.095048859
820,11,2016,9,1,19,3,1,5,1,1,0,0,0,0,0,0,8.761728177,53.114648032
821,11,2016,8,5,15,3,1,5,1,1,0,0,0,0,0,0,8.900443281,53.04101478
822,11,2016,9,4,1,2,0,7,1,0,0,0,0,0,2,0,8.852305615,53.057182363
823,11,2016,9,3,12,3,5,3,1,1,0,0,0,0,0,0,8.808998165,53.095059499
824,11,2016,9,2,17,3,8,3,1,0,0,0,0,1,0,0,8.939106573,53.076445085
825,11,2016,8,4,12,3,6,6,1,0,1,0,0,0,0,0,8.823741035,53.07791143
826,11,2016,8,3,8,3,5,3,1,1,0,0,0,0,0,0,8.791454036,53.090986087
827,11,2016,8,6,5,3,5,3,1,1,0,0,0,0,1,0,8.914310495,53.065156948
828,11,2016,9,5,12,3,5,3,1,1,0,0,0,0,0,0,8.803220678,53.072218579
829,11,2016,9,3,18,3,5,3,1,1,0,0,0,0,0,0,8.808515583,53.0592433
830,11,2016,9,6,13,3,5,1,1,1,0,0,0,0,0,0,8.870949795,53.087521681
831,11,2016,9,1,17,3,5,2,1,1,0,0,0,0,0,0,8.808273929,53.094727076
832,11,2016,8,2,9,3,4,6,1,1,0,0,0,0,0,1,8.796653451,53.056766083
833,11,2016,9,4,8,3,5,2,1,1,0,0,0,0,0,0,8.867267059,53.091107195
834,11,2016,9,2,3,2,3,6,1,0,0,0,0,0,2,0,8.790203004,53.082852253
835,11,2016,8,3,10,3,5,2,1,1,0,0,0,0,0,0,8.91627251,53.071139538
836,11,2016,9,6,12,3,5,2,1,1,0,0,0,0,0,0,8.797760077,53.083440702
837,11,2016,8,4,17,3,5,3,1,1,0,0,0,0,0,0,8.776358668,53.092805998
838,12,2016,9,4,11,3,5,3,1,1,0,0,0,0,0,0,8.594059274,53.547818259
839,11,2016,9,6,21,3,5,2,1,1,0,0,0,0,2,0,8.794289,53.074478513
840,11,2016,9,5,10,3,5,3,1,1,0,0,0,0,0,0,8.93168979,53.062199157
841,11,2016,9,3,11,3,5,2,1,1,0,0,0,0,0,0,8.811217068,53.074914383
842,12,2016,9,2,7,3,5,3,1,1,0,0,0,0,0,0,8.572755774,53.560456946
843,11,2016,9,3,5,3,5,2,1,1,0,0,0,0,2,0,8.901608654,53.059354294
844,11,2016,9,4,12,3,6,4,1,0,1,0,0,0,0,0,8.803260445,53.069600718
845,11,2016,9,3,19,3,6,4,1,0,1,0,0,0,1,0,8.801721169,53.079231781
846,11,2016,9,2,14,2,5,3,1,1,0,0,0,0,0,0,8.78393542,53.075720163
847,11,2016,8,4,16,2,0,1,1,0,0,0,0,0,0,0,8.819741976,53.083986234
848,11,2016,8,1,1,3,0,1,1,0,0,0,0,0,2,0,8.661214442,53.176433038
849,11,2016,10,7,18,3,0,7,1,0,0,0,0,0,0,0,8.846633418,53.071590984
850,11,2016,9,4,16,3,6,4,1,0,1,0,0,0,0,0,8.810990556,53.061256336
851,11,2016,9,2,17,3,5,2,1,1,0,0,0,0,0,0,8.891743082,53.098485669
852,11,2016,9,5,16,3,5,2,1,0,0,0,0,1,0,0,8.896879958,53.059085246
853,11,2016,9,4,22,3,5,3,1,1,0,0,0,0,2,0,8.914376284,53.059780033
854,12,2016,9,7,20,3,5,3,1,1,0,0,0,0,1,0,8.599084972,53.5310695
855,11,2016,8,4,20,3,1,5,1,1,0,0,0,0,0,0,8.800898007,53.0657325
856,11,2016,9,1,17,3,5,3,1,1,0,0,0,0,0,0,8.782489192,53.094943039
857,11,2016,9,5,13,3,4,6,1,1,0,0,0,0,0,0,8.763962179,53.113109031
858,12,2016,9,6,22,3,3,5,1,1,0,0,0,0,2,0,8.573948459,53.54894061
859,11,2016,9,4,14,3,5,3,1,1,0,0,0,0,0,0,8.794912738,53.093951885
860,11,2016,9,3,16,3,5,2,1,1,0,0,0,0,0,0,8.805878757,53.073427938
861,11,2016,9,2,18,3,5,2,1,1,0,0,0,0,1,0,8.756948953,53.11792513
862,11,2016,9,6,15,3,5,3,1,1,0,0,0,0,0,0,8.740888587,53.053064332
863,11,2016,8,4,13,3,3,2,1,1,0,0,0,0,0,0,8.81446197,53.101160792
864,12,2016,9,6,15,3,0,7,1,0,0,0,0,0,0,0,8.601024943,53.570231468
865,11,2016,9,4,7,3,5,3,1,0,0,0,0,1,0,0,8.730022275,53.056017688
866,11,2016,8,3,15,2,4,6,1,0,0,0,0,1,0,0,8.782382003,53.153007448
867,11,2016,8,6,12,3,4,6,1,0,0,0,0,0,0,0,8.809955998,53.074341702
868,11,2016,9,5,18,3,1,7,1,1,0,0,0,0,0,0,8.851726035,53.086496997
869,11,2016,9,5,20,3,5,3,1,1,0,0,0,0,2,0,8.828348676,53.078164325
870,11,2016,8,3,15,3,5,3,1,0,0,0,0,0,0,0,8.842092401,53.08585487
871,11,2016,8,6,17,3,0,1,1,0,0,0,0,0,0,0,8.929197436,53.064295011
872,11,2016,9,5,20,2,5,3,1,1,0,0,0,0,2,1,8.814968874,53.079723545
873,11,2016,9,5,15,3,3,6,1,0,0,0,0,0,0,0,8.767226038,53.081003809
874,11,2016,9,4,7,3,5,3,1,1,0,0,0,0,0,0,8.938879147,53.081009978
875,11,2016,9,4,15,3,0,7,1,0,0,0,0,0,0,0,8.767430295,53.08081625
876,11,2016,9,6,9,3,5,3,1,1,0,0,0,0,0,0,8.796826087,53.05669392
877,11,2016,8,3,7,3,1,5,1,1,0,0,0,0,0,0,8.571935233,53.203262198
878,11,2016,9,6,5,2,1,5,1,1,0,0,0,0,2,0,8.789408991,53.090190688
879,12,2016,9,3,13,3,5,2,1,0,0,0,0,1,0,0,8.596665853,53.571766882
880,11,2016,9,7,18,2,5,2,1,1,0,0,0,0,0,0,8.810720789,53.071820013
881,12,2016,9,4,15,3,5,3,1,1,0,0,0,0,0,0,8.59167744,53.5814751
882,11,2016,9,3,8,3,5,3,1,0,0,0,0,1,0,0,8.81055406,53.074072587
883,11,2016,9,3,14,3,5,2,1,0,0,0,1,0,0,0,8.788155806,53.076462274
884,11,2016,9,2,12,3,5,3,1,1,0,0,0,0,0,0,8.877441137,53.080490671
885,11,2016,9,3,10,3,0,7,1,0,0,0,0,1,0,0,8.714968387,53.162594739
886,11,2016,9,1,17,3,5,3,1,1,0,0,0,0,0,0,8.755681807,53.118894814
887,11,2016,10,2,15,3,0,3,1,0,0,0,0,1,0,0,8.886263348,53.061065946
888,11,2016,9,5,16,3,1,7,1,0,0,0,1,0,0,0,8.730919098,53.040787454
889,11,2016,9,4,23,3,0,1,1,0,0,0,0,0,2,0,8.827859356,53.07250336
890,12,2016,9,2,13,3,5,2,1,1,0,0,0,0,0,1,8.592715225,53.535256315
891,11,2016,9,2,16,2,0,5,1,1,0,0,0,0,0,0,8.818254905,53.079919612
892,11,2016,8,4,17,3,5,2,1,1,0,0,0,0,0,0,8.762309534,53.087134721
893,12,2016,8,7,20,3,5,3,1,1,0,0,0,0,0,0,8.597481125,53.529510277
894,11,2016,10,7,9,3,5,2,1,1,0,0,0,0,0,0,8.893215187,53.111342445
895,11,2016,10,4,7,3,5,3,1,0,0,0,0,1,1,0,8.851267953,53.104811467
896,11,2016,11,4,12,3,5,2,1,0,0,0,0,1,0,1,8.777758814,53.09944966
897,11,2016,11,4,16,3,0,1,1,0,0,0,0,0,2,1,8.801406367,53.109231227
898,11,2016,10,1,14,3,0,7,1,0,0,0,0,0,0,1,8.804857544,53.065988234
899,12,2016,10,5,14,3,5,3,1,1,0,0,0,0,0,1,8.580051323,53.550060071
900,12,2016,10,3,7,3,7,1,1,0,0,0,0,0,0,0,8.587040671,53.536418145
901,11,2016,10,3,8,3,5,3,1,0,0,0,0,1,0,0,8.860678645,53.079172194
902,11,2016,11,5,15,3,5,3,1,1,0,0,0,0,0,1,8.784084799,53.089518171
903,11,2016,10,3,22,3,3,7,1,0,0,0,0,0,2,0,8.864949693,53.095776604
904,12,2016,11,3,12,2,3,2,1,1,0,0,0,0,0,1,8.5728158,53.560458585
905,11,2016,10,6,13,3,5,3,1,1,0,0,0,0,0,0,8.819504858,53.080538618
906,11,2016,10,1,4,3,0,1,1,0,0,0,0,0,2,1,8.649599253,53.176740395
907,11,2016,11,2,7,3,0,7,1,0,0,0,0,0,0,1,8.797118318,53.07633128
908,11,2016,10,7,17,2,3,6,1,0,0,0,0,1,0,0,8.800979867,53.068372621
909,11,2016,10,5,15,3,5,3,1,1,0,0,0,0,0,1,8.635998634,53.171277441
910,11,2016,10,3,7,3,5,3,1,1,0,0,0,0,0,0,8.788625428,53.08813143
911,11,2016,10,3,21,3,3,6,1,1,0,0,0,0,2,1,8.717512287,53.06233457
912,12,2016,11,3,18,3,5,3,1,1,0,0,0,0,2,0,8.590942196,53.582058854
913,11,2016,11,6,10,3,4,6,1,0,0,0,0,0,0,1,8.799820376,53.072765362
914,11,2016,10,6,8,2,0,4,1,0,0,0,0,1,0,0,8.875584679,53.080148809
915,11,2016,10,2,14,3,5,2,1,1,0,0,0,0,0,1,8.884397938,53.072734947
916,11,2016,11,5,17,3,6,4,1,0,1,0,0,0,2,1,8.818524521,53.08267001
917,12,2016,10,7,22,3,0,1,1,0,0,0,0,0,2,0,8.591194267,53.518287336
918,11,2016,11,4,20,3,5,3,1,1,0,0,0,0,2,1,8.807251144,53.0822668
919,11,2016,10,1,14,2,6,4,1,0,1,0,0,0,0,0,8.787474197,53.103368977
920,11,2016,10,3,16,3,0,7,1,0,0,0,0,1,0,0,8.8171409,53.028660724
921,11,2016,11,4,22,3,6,4,1,0,1,0,0,0,2,0,8.831295849,53.085878236
922,11,2016,11,5,12,3,5,2,1,1,0,0,0,0,0,1,8.870604297,53.090316272
923,12,2016,10,5,17,3,0,1,1,0,0,0,0,0,0,0,8.586404113,53.52743101
924,11,2016,11,4,11,2,0,1,1,0,0,0,0,0,0,1,8.831076427,53.085828506
925,11,2016,10,3,18,3,5,2,1,1,0,0,0,0,0,0,8.78914619,53.073122578
926,11,2016,11,4,8,3,5,3,1,0,1,0,0,0,0,1,8.817390272,53.08350304
927,11,2016,10,6,20,3,4,2,1,1,0,0,0,0,2,0,8.568824771,53.18133162
928,11,2016,10,5,18,2,0,1,1,0,0,0,0,0,1,1,8.863794017,53.064898962
929,11,2016,11,3,6,3,5,3,1,1,0,0,0,0,1,1,8.60551021,53.17507493
930,11,2016,11,3,10,3,5,3,1,1,0,0,0,0,0,0,8.834374717,53.081934696
931,11,2016,11,7,12,3,5,2,1,1,0,0,0,0,0,1,8.837385048,53.037846589
932,11,2016,10,6,16,3,0,7,1,1,0,0,0,0,0,0,8.893067377,53.082222825
933,11,2016,11,3,17,3,5,3,1,1,0,0,0,0,1,1,8.878505499,53.101393278
934,11,2016,10,2,17,3,5,3,1,1,0,0,0,0,2,1,8.785501701,53.096731001
935,11,2016,10,7,19,2,7,7,1,0,0,0,0,0,2,0,8.838031836,53.067851645
936,11,2016,10,3,9,3,1,5,1,1,0,0,0,0,0,0,8.865859849,53.09749196
937,12,2016,11,6,9,3,0,7,1,1,0,0,0,0,0,1,8.588620385,53.577869677
938,11,2016,11,5,7,3,3,6,1,0,0,0,1,0,0,0,8.805609107,53.065541904
939,12,2016,10,4,10,3,0,7,1,1,0,0,0,0,0,0,8.594270376,53.561541654