,UKREIS,UJAHR,UMONAT,UWOCHENTAG,USTUNDE,UKATEGORIE,UART,UTYP1,IstRad,IstPKW,IstFuss,IstKrad,IstGkfz,IstSonstig,ULICHTVERH,STRZUSTAND,longitude,latitude
940,11,2016,10,3,20,3,5,3,1,1,0,0,0,0,2,0,8.87518152,53.082430093
941,11,2016,10,2,6,2,5,3,1,1,0,0,0,0,2,1,8.625262433,53.180283454
942,11,2016,10,6,14,3,0,1,1,0,0,0,0,0,0,1,8.878388974,53.079063537
943,11,2016,10,2,6,3,4,2,1,0,0,0,0,0,2,0,8.903496286,53.047822467
944,11,2016,11,6,7,3,5,3,1,0,0,0,0,1,0,1,8.835625733,53.073780148
945,11,2016,10,2,14,3,5,3,1,0,0,0,0,1,0,0,8.802157885,53.063803023
946,11,2016,10,5,16,3,0,5,1,0,0,0,0,1,0,0,8.80369947,53.101702804
947,11,2016,10,4,20,3,0,1,1,0,0,0,0,0,2,0,8.806307456,53.084131297
948,11,2016,10,6,13,3,5,3,1,1,0,0,0,0,0,1,8.804912463,53.088549123
949,11,2016,10,3,13,3,5,3,1,1,0,0,0,0,0,0,8.824969723,53.084567362
950,11,2016,11,2,19,2,5,3,1,0,0,0,0,0,2,0,8.800612371,53.094594469
951,11,2016,11,6,20,3,5,3,1,1,0,0,0,0,2,1,8.824750675,53.084162597
952,11,2016,10,4,15,2,5,3,1,1,0,0,0,0,0,0,8.686084571,53.173313335
953,12,2016,10,3,17,3,5,3,1,1,0,0,0,0,0,1,8.596091266,53.533002797
954,11,2016,11,4,10,3,4,2,1,1,0,0,0,0,0,1,8.799303541,53.083891055
955,11,2016,10,5,14,3,5,3,1,1,0,0,0,0,0,1,8.837144696,53.082586161
956,11,2016,10,2,15,3,5,2,1,1,0,0,0,0,0,0,8.835455275,53.097159714
957,11,2016,11,5,10,3,0,1,1,0,0,0,0,0,0,1,8.630235587,53.167078348
958,11,2016,11,1,21,3,5,3,1,1,0,0,0,0,2,1,8.796404156,53.06897503
959,11,2016,10,7,16,3,0,7,1,0,0,0,0,0,0,1,8.926232695,53.097604788
960,12,2016,11,3,7,3,0,7,1,0,0,0,0,0,0,1,8.590542774,53.539808206
961,12,2016,10,4,20,2,0,7,1,1,0,0,0,0,2,0,8.612636767,53.52943394
962,11,2016,10,1,17,3,5,2,1,1,0,0,0,0,2,1,8.820246287,53.084041434
963,11,2016,10,6,15,3,0,1,1,0,0,0,0,0,0,1,8.810615651,53.081874609
964,11,2016,10,3,9,3,5,3,1,1,0,0,0,0,0,0,8.800978681,53.081030574
965,11,2016,11,3,8,3,5,3,1,0,0,0,0,1,0,1,8.964033675,53.061793587
966,11,2016,11,7,13,3,1,5,1,1,0,0,0,0,0,1,8.755089602,53.088499616
967,11,2016,10,6,18,3,5,3,1,1,0,0,0,0,2,1,8.821691213,53.082188404
968,11,2016,10,3,5,3,5,2,1,1,0,0,0,0,2,1,8.80484184,53.080964552
969,11,2016,10,3,13,3,1,7,1,1,0,0,0,0,0,0,8.772008935,53.071641519
970,11,2016,11,4,16,3,5,3,1,1,0,0,0,0,2,1,8.897650483,53.058945762
971,11,2016,11,3,10,2,5,2,1,0,0,0,0,1,0,1,8.852612274,53.10444922
972,11,2016,11,2,17,3,5,3,1,1,0,0,0,0,2,0,8.796972398,53.068586684
973,11,2016,11,2,17,3,0,3,1,1,0,0,0,0,2,0,8.949730143,53.064211567
974,11,2016,10,6,10,3,0,7,1,0,0,0,0,0,0,0,8.828546616,53.085202368
975,11,2016,11,5,9,3,5,3,1,0,0,0,0,1,0,1,8.739480892,53.048794049
976,11,2016,10,3,6,3,5,3,1,1,0,0,0,0,2,1,8.819770863,53.049489827
977,11,2016,10,2,7,3,5,2,1,1,0,0,0,0,1,1,8.851000054,53.045321735
978,11,2016,10,5,15,3,0,7,1,0,0,0,0,0,0,1,8.822239131,53.034105512
979,11,2016,11,3,5,2,0,7,1,0,0,0,0,0,2,1,8.902452891,53.049181607
980,12,2016,10,3,8,3,5,3,1,1,0,0,0,0,0,0,8.607747477,53.530273238
981,11,2016,10,2,15,3,0,1,1,0,0,0,0,0,0,1,8.886893759,53.059709904
982,12,2016,11,7,9,3,5,3,1,1,0,0,0,0,0,0,8.604562552,53.577474197
983,11,2016,10,5,15,3,5,3,1,1,0,0,0,0,0,0,8.873253809,53.067168044
984,11,2016,11,4,13,3,0,1,1,0,0,0,0,0,0,1,8.805726731,53.081407153
985,11,2016,10,1,13,2,4,6,1,0,0,0,0,0,0,0,8.784086288,53.075625732
986,11,2016,10,4,18,3,5,3,1,1,0,0,0,0,2,0,8.838033734,53.067850219
987,11,2016,11,6,12,3,1,7,1,1,0,0,0,0,0,0,8.936280259,53.06685072
988,11,2016,11,6,7,3,5,3,1,1,0,0,0,0,0,0,8.783275997,53.069726152
989,11,2016,11,2,8,2,5,2,1,1,0,0,0,0,0,0,8.819093714,53.087046512
990,11,2016,10,1,14,3,2,6,1,0,0,0,0,0,0,0,8.777118403,53.106599244
991,11,2016,11,4,14,3,2,6,1,0,0,0,0,0,0,1,8.851856525,53.088671584
992,11,2016,11,5,17,3,5,3,1,1,0,0,0,0,2,1,8.792135972,53.075238037
993,11,2016,11,4,17,3,3,2,1,1,0,0,0,0,2,1,8.809168264,53.078835362
994,11,2016,10,2,6,3,5,3,1,1,0,0,0,0,2,1,8.58004043,53.180281013
995,12,2016,10,7,11,3,5,3,1,0,0,0,0,1,0,0,8.587391806,53.536457669
996,11,2016,10,5,22,3,5,2,1,1,0,0,0,0,2,0,8.891846581,53.048530874
997,11,2016,10,3,11,3,1,5,1,1,0,0,0,0,0,0,8.807838884,53.064219339
998,11,2016,11,5,12,3,5,3,1,0,0,0,0,0,0,0,8.819471619,53.075858586
999,11,2016,11,6,13,3,5,3,1,1,0,0,0,0,0,0,8.824991634,53.081148636
1000,11,2016,10,6,15,3,5,2,1,1,0,0,0,0,0,0,8.856903633,53.0726742
1001,11,2016,11,4,16,3,5,3,1,1,0,0,0,0,1,1,8.789158474,53.08291211
1002,11,2016,10,6,20,3,4,6,1,1,0,0,0,0,2,1,8.819116854,53.080277622
1003,11,2016,10,4,16,3,5,2,1,0,0,0,0,1,0,0,8.80361921,53.072225218
1004,11,2016,11,3,11,3,0,7,1,1,0,0,0,0,0,1,8.735091441,53.043963732
1005,11,2016,10,5,13,3,0,2,1,0,0,0,0,1,0,1,8.86482143,53.07086104
1006,11,2016,10,3,19,3,0,1,1,0,0,0,0,0,2,1,8.825143856,53.08442857
1007,11,2016,10,5,6,3,6,4,1,0,1,0,0,0,2,1,8.702511393,53.170102808
1008,11,2016,10,2,5,3,5,2,1,1,0,0,0,0,2,0,8.746867871,53.121831005
1009,11,2016,11,3,10,3,3,7,1,1,0,0,0,0,0,1,8.802228836,53.069846391
1010,11,2016,10,2,6,3,1,7,1,0,1,0,0,0,2,1,8.801159279,53.078305096
1011,11,2016,11,1,16,3,5,2,1,1,0,0,0,0,1,0,8.56483373,53.193259815
1012,11,2016,10,2,19,3,2,7,1,1,0,0,0,0,1,0,8.835220427,53.084532617
1013,11,2016,10,5,20,3,5,3,1,1,0,0,0,0,2,0,8.830918448,53.074384109
1014,11,2016,11,2,8,3,5,3,1,1,0,0,0,0,0,0,8.897421758,53.058587462
1015,11,2016,10,3,13,3,0,1,1,0,0,0,0,0,0,0,8.769665398,53.082442326
1016,12,2016,10,4,14,3,0,7,1,0,0,0,0,0,0,0,8.543578944,53.586541145
1017,11,2016,10,2,11,2,6,4,1,0,1,0,0,0,0,0,8.624885523,53.173019775
1018,11,2016,10,6,15,3,5,3,1,1,0,0,0,0,0,1,8.740126029,53.05141244
1019,11,2016,11,6,14,3,1,5,1,1,0,0,0,0,0,0,8.788533366,53.070593297
1020,11,2016,10,2,11,3,5,3,1,1,0,0,0,0,0,0,8.872321865,53.067339602
1021,11,2016,11,6,12,3,3,6,1,0,0,0,0,0,0,0,8.845521676,53.046614505
1022,11,2016,11,4,17,3,5,2,1,1,0,0,0,0,2,1,8.866764622,53.090946025
1023,11,2016,10,4,14,3,5,2,1,1,1,0,0,0,0,0,8.735091441,53.043963732
1024,11,2016,11,5,7,3,5,2,1,1,0,0,0,0,1,1,8.739195678,53.135399013
1025,11,2016,10,4,7,3,0,7,1,0,0,0,0,0,2,1,8.721049363,53.048833406
1026,11,2016,10,2,7,3,5,3,1,1,0,0,0,0,1,1,8.874262121,53.078426847
1027,11,2016,10,6,14,3,5,3,1,0,0,0,0,0,0,1,8.949886323,53.035368989
1028,11,2016,10,4,15,3,3,2,1,1,0,0,0,0,0,0,8.807286956,53.060097396
1029,11,2016,11,5,15,3,3,6,1,0,0,0,0,1,0,0,8.800813659,53.068469852
1030,11,2016,11,4,17,3,5,3,1,0,0,0,0,1,2,1,8.780250616,53.078267947
1031,11,2016,10,2,11,3,5,3,1,0,0,0,0,1,0,0,8.940560527,53.077596202
1032,12,2016,10,3,17,3,2,6,1,1,0,0,0,0,0,0,8.586291401,53.563601291
1033,12,2016,10,2,15,3,0,1,1,0,0,0,0,0,0,1,8.589412627,53.563446102
1034,11,2016,10,2,13,3,0,1,1,0,0,0,0,0,0,0,8.856377472,53.088814285
1035,12,2016,10,5,17,3,5,3,1,1,0,0,0,0,0,1,8.590250542,53.559095532
1036,11,2016,10,2,14,3,5,3,1,1,0,0,0,0,0,0,8.836550578,53.114971932
1037,11,2016,11,3,6,3,5,2,1,1,0,0,0,0,1,1,8.900942566,53.05928981
1038,12,2016,10,6,14,3,5,3,1,1,0,0,0,0,0,1,8.601122883,53.497222475
1039,11,2016,10,6,11,3,0,1,1,0,0,0,0,0,0,1,8.896328236,53.079425142
1040,11,2016,10,3,8,3,1,5,1,1,0,0,0,0,1,1,8.842881437,53.095292698
1041,11,2016,11,3,18,2,5,3,1,1,0,0,0,0,2,0,8.7735374,53.110751913
1042,11,2016,11,6,19,3,4,6,1,1,0,0,0,0,2,1,8.831986411,53.077475117
1043,11,2016,10,5,6,3,5,3,1,1,0,0,0,0,2,1,8.734257141,53.039985975
1044,11,2016,10,6,17,3,0,3,1,1,0,0,0,0,0,0,8.567041814,53.181911043
1045,11,2016,10,1,12,3,5,2,1,1,0,0,0,0,0,1,8.825152692,53.084318416
1046,11,2016,11,3,16,3,6,4,1,0,1,0,0,0,2,1,8.837050438,53.087290281
1047,11,2016,11,6,13,3,3,6,1,1,0,0,0,0,0,0,8.893384367,53.097096112
1048,11,2016,10,6,12,3,5,3,1,0,0,0,0,0,0,0,8.795298232,53.087495539
1049,11,2016,11,2,8,3,5,3,1,1,0,0,0,0,0,1,8.82024211,53.084031234
1050,11,2016,11,2,10,3,5,3,1,1,0,0,0,0,0,0,8.763299609,53.116509729
1051,11,2016,10,3,14,3,5,2,1,1,0,0,0,0,0,0,8.713020255,53.15315128
1052,11,2016,11,2,18,3,5,2,1,1,0,0,0,0,2,0,8.82871286,53.072222088
1053,11,2016,11,6,12,3,5,3,1,1,0,0,0,0,0,0,8.794459405,53.069706209
1054,11,2016,10,3,16,3,5,2,1,1,0,0,0,0,0,0,8.916597929,53.044006422
1055,11,2016,10,6,6,3,5,3,1,1,0,0,0,0,2,1,8.892477077,53.049685589
1056,11,2016,10,6,12,3,4,1,1,1,0,0,0,0,0,1,8.89979154,53.116457604
1057,11,2016,11,6,15,3,0,1,1,0,0,0,0,0,0,0,8.850788534,53.105571369
1058,11,2016,10,2,9,2,5,3,1,1,0,0,0,0,0,0,8.740888087,53.053073899
1059,11,2016,10,5,11,3,5,2,1,1,0,0,0,0,0,0,8.814997118,53.093666866
1060,11,2016,11,4,10,3,6,4,1,0,1,0,0,0,0,1,8.808823863,53.095783613
1061,11,2016,11,6,8,3,5,3,1,1,0,0,0,0,0,0,8.754778603,53.119754091
1062,11,2016,10,6,16,3,3,6,1,0,0,0,0,0,0,1,8.845809896,53.091295262
1063,11,2016,10,4,8,3,5,3,1,1,0,0,0,0,1,1,8.797246393,53.086443001
1064,11,2016,11,2,9,3,0,7,1,0,0,0,0,0,0,1,8.847202969,53.087048696
1065,11,2016,10,7,19,3,0,6,1,0,0,0,0,0,2,0,8.809025447,53.088335031
1066,11,2016,12,6,13,2,0,1,1,0,0,0,0,0,0,2,8.611115262,53.180480168
1067,11,2016,12,2,9,3,5,3,1,1,0,0,0,0,0,1,8.818455641,53.077265301
1068,12,2016,12,5,11,3,5,3,1,0,0,0,0,1,0,1,8.58863079,53.578163784
1069,11,2016,11,2,16,3,9,4,1,0,1,0,0,0,1,1,8.800481767,53.078558513
1070,11,2016,11,6,7,3,4,6,1,0,0,0,0,0,1,1,8.889923408,53.096902606
1071,11,2016,12,5,8,3,5,2,1,1,0,0,0,0,0,1,8.790904611,53.053691331
1072,11,2016,12,4,15,3,5,2,1,0,0,0,1,0,0,0,8.959230408,53.04187945
1073,11,2016,11,2,19,3,0,1,1,0,0,0,0,0,2,0,8.822987708,53.073652621
1074,11,2016,12,3,16,3,1,5,1,1,0,0,0,0,2,0,8.827118453,53.078468229
1075,11,2016,12,5,17,3,5,2,1,1,0,0,0,0,2,0,8.844818264,53.045649787
1076,11,2016,12,6,18,3,5,1,1,1,0,0,0,0,2,0,8.893797907,53.050461359
1077,11,2016,11,6,17,2,5,3,1,1,0,0,0,0,2,0,8.864695223,53.10629288
1078,11,2016,12,6,14,3,5,3,1,0,0,1,0,0,0,0,8.697296462,53.168486832
1079,11,2016,12,5,8,3,5,3,1,0,0,0,0,0,0,0,8.832110324,53.086088642
1080,11,2016,12,7,19,3,0,7,1,0,0,0,0,0,2,0,8.910371628,53.071235291
1081,11,2016,11,4,7,3,0,7,1,1,0,0,0,0,1,1,8.792213248,53.088514008
1082,11,2016,12,6,10,3,0,1,1,0,0,0,0,0,0,2,8.845539539,53.106292813
1083,11,2016,12,3,14,3,5,2,1,1,0,0,0,0,0,1,8.923292695,53.059412885
1084,11,2016,12,3,8,3,5,2,1,1,0,0,0,0,2,0,8.815661297,53.055458318
1085,11,2016,12,5,20,3,0,2,1,1,0,0,0,0,2,1,8.850153745,53.071237646
1086,11,2016,11,2,9,2,5,3,1,1,0,0,0,0,0,0,8.819661873,53.038307087
1087,11,2016,11,3,17,3,4,2,1,1,0,0,0,0,2,0,8.84399178,53.068802431
1088,11,2016,11,6,8,3,0,3,1,1,0,0,0,0,0,0,8.887926578,53.066877102
1089,11,2016,12,3,19,3,0,1,1,0,0,0,0,0,2,0,8.808357235,53.074370052
1090,11,2016,12,5,9,3,5,3,1,1,0,0,0,0,0,1,8.804850372,53.065992545
1091,11,2016,12,5,17,3,5,3,1,1,0,0,0,0,2,1,8.852631104,53.067339692
1092,11,2016,12,7,14,3,5,3,1,1,0,0,0,0,0,0,8.610508681,53.175406436
1093,11,2016,11,5,9,3,0,4,1,0,1,0,0,0,0,0,8.62222955,53.171384914
1094,11,2016,12,4,11,3,5,3,1,1,0,0,0,0,0,1,8.799858518,53.070448857
1095,11,2016,12,6,13,3,0,7,1,1,0,0,0,0,0,1,8.810270536,53.081495901
1096,12,2016,12,4,6,3,5,2,1,1,0,0,0,0,2,0,8.598158648,53.570168503
1097,11,2016,12,6,17,3,4,6,1,0,0,0,0,0,2,1,8.751317836,53.064854985
1098,12,2016,11,3,7,3,5,2,1,1,0,0,0,0,2,2,8.608769296,53.590760505
1099,12,2016,12,5,9,2,5,3,1,1,0,0,0,0,0,0,8.608544642,53.570690483
1100,11,2016,11,5,19,3,5,3,1,1,0,0,0,0,2,1,8.8567152,53.071394091
1101,11,2016,12,6,17,3,5,3,1,1,0,0,0,0,2,0,8.940067655,53.067865925
1102,11,2016,12,4,11,3,5,2,1,1,0,0,0,0,0,1,8.84304366,53.081090812
1103,11,2016,12,2,8,2,5,3,1,1,0,0,0,0,1,1,8.825139161,53.084516554
1104,11,2016,11,3,16,3,4,6,1,0,0,0,0,0,0,0,8.787128515,53.075621006
1105,12,2016,12,4,17,3,5,2,1,1,0,0,0,0,2,0,8.607191935,53.58609186
1106,11,2016,12,3,11,3,5,3,1,1,0,0,0,0,0,0,8.88034166,53.082410299
1107,11,2016,12,5,10,3,5,7,1,0,0,0,0,1,0,0,8.809410229,53.077622253
1108,11,2016,11,2,13,3,5,3,1,1,0,0,0,0,0,0,8.850670636,53.038340474
1109,11,2016,12,2,6,3,5,3,1,0,0,0,0,1,2,1,8.79202241,53.073076516
1110,12,2016,11,4,8,3,5,3,1,1,0,0,0,0,0,0,8.595662175,53.575302496
1111,11,2016,12,6,14,3,5,3,1,1,0,0,0,0,0,0,8.811218205,53.080114999
1112,11,2016,12,4,13,3,3,4,1,1,1,0,0,0,0,1,8.783906805,53.067792783
1113,12,2016,12,2,14,2,0,7,1,0,0,0,0,0,0,0,8.590321761,53.523608925
1114,11,2016,12,6,4,3,5,2,1,1,0,0,0,0,2,1,8.910550411,53.047448176
1115,11,2016,11,7,20,2,5,2,1,1,0,0,0,0,2,1,8.807326148,53.082318595
1116,11,2016,12,6,7,3,5,2,1,1,0,0,0,0,0,0,8.622771675,53.177048322
1117,11,2016,12,6,16,3,3,6,1,1,0,0,0,0,1,0,8.927438125,53.097029715
1118,11,2016,12,7,16,2,0,1,1,0,1,0,0,0,1,0,8.79618892,53.065642268
1119,11,2016,12,6,9,3,5,3,1,1,0,0,0,0,0,0,8.819718809,53.049701637
1120,11,2016,11,4,15,3,5,3,1,1,0,0,0,0,0,0,8.786045974,53.061622931
1121,11,2016,12,2,12,3,5,3,1,1,0,0,0,0,0,1,8.775537878,53.076821653
1122,11,2016,11,4,14,3,5,2,1,0,0,0,0,1,0,0,8.791253627,53.091519162
1123,12,2016,12,5,15,3,5,3,1,1,0,0,0,0,0,1,8.595817433,53.510195915
1124,11,2016,12,4,13,3,5,3,1,1,0,0,0,0,0,0,8.781888581,53.067274076
1125,12,2016,11,1,14,3,5,3,1,1,0,0,0,0,0,0,8.632816279,53.600620197
1126,11,2016,12,5,1,3,1,1,1,1,0,0,0,0,2,0,8.823785705,53.077548576
1127,12,2016,11,1,16,2,5,3,1,1,0,0,0,0,1,1,8.592771629,53.515605909
1128,11,2016,11,4,8,2,1,6,1,0,0,0,0,0,0,0,8.728260397,53.044277902
1129,11,2016,12,7,15,3,5,3,1,1,0,0,0,0,0,0,8.843021251,53.068950258
1130,11,2016,12,5,16,3,5,3,1,1,0,0,0,0,2,1,8.575713568,53.191205091
1131,11,2016,11,7,5,3,0,7,1,0,0,0,0,0,2,1,8.8009044,53.061724781
1132,11,2016,12,2,14,2,5,3,1,1,0,0,0,0,0,1,8.835479407,53.038821644
1133,11,2016,12,2,9,3,0,1,1,0,0,0,0,0,0,1,8.805028707,53.088457949
1134,12,2016,11,4,19,3,0,7,1,0,0,0,0,0,1,0,8.593879675,53.560661225
1135,11,2016,12,3,10,3,2,6,1,1,0,0,0,0,0,0,8.804841935,53.088604441
1136,11,2016,11,4,11,3,8,1,1,0,0,0,0,0,0,0,8.899000159,53.126872057
1137,11,2016,12,7,14,3,6,4,1,0,1,0,0,0,0,0,8.799469885,53.070168264
1138,11,2016,12,2,2,3,0,1,1,0,0,0,0,0,2,1,8.870597417,53.090225504
1139,11,2016,12,4,9,3,3,6,1,0,0,0,0,0,0,0,8.826602512,53.085603565
1140,11,2016,11,4,11,3,5,2,1,0,0,0,0,1,0,1,8.517825259,53.21037239
1141,12,2016,12,6,11,3,4,2,1,1,0,0,0,0,0,0,8.579758521,53.547556981
1142,11,2016,11,4,16,3,5,2,1,1,0,0,0,0,0,0,8.870546419,53.096022812
1143,11,2016,12,6,20,3,1,5,1,1,0,0,0,0,2,0,8.823342957,53.072980286
1144,11,2016,11,3,17,3,1,5,1,1,0,0,0,0,2,0,8.831936427,53.080985243
1145,12,2016,12,4,13,3,0,1,1,0,0,0,0,0,0,1,8.594011588,53.569168501
1146,11,2016,12,6,17,3,5,3,1,1,0,0,0,0,2,1,8.855141234,53.07642143
1147,11,2016,12,7,12,3,0,5,1,1,0,0,0,0,0,0,8.92363413,53.060427647
1148,11,2016,11,4,18,3,0,7,1,0,0,0,1,0,2,0,8.809505618,53.06318104
1149,12,2016,11,3,6,3,5,3,1,1,0,0,0,0,2,0,8.601340517,53.53145778
1150,12,2016,12,5,17,3,5,6,1,1,0,0,0,0,2,0,8.580018635,53.54386572
1151,11,2016,11,3,16,3,5,3,1,0,0,0,0,1,1,0,8.800876235,53.094595856
1152,11,2016,12,3,12,3,1,5,1,1,0,0,0,0,0,1,8.778751829,53.099003044
1153,11,2016,12,2,5,3,5,3,1,0,0,0,0,1,2,1,8.916263072,53.071080995
1154,11,2016,12,3,17,3,5,2,1,1,0,0,0,0,1,1,8.870561138,53.089821503
1155,11,2016,12,4,18,3,0,7,1,0,0,0,0,0,2,1,8.812950315,53.092058338
1156,11,2016,12,6,7,3,4,6,1,1,0,0,0,0,1,1,8.539340804,53.193174678
1157,11,2016,12,4,13,3,5,3,1,0,0,0,0,1,0,0,8.845862845,53.073307918
1158,11,2016,12,7,13,3,0,7,1,0,0,0,0,0,0,1,8.789962432,53.086407264
1159,12,2016,11,6,13,3,5,2,1,1,0,0,0,0,0,1,8.60343689,53.523436699
1160,11,2016,11,3,17,3,0,2,1,0,0,1,0,0,2,0,8.806540978,53.087284118
1161,11,2016,12,5,6,3,5,3,1,1,0,0,0,0,2,0,8.890998453,53.086194664
1162,11,2016,12,3,8,3,5,3,1,1,0,0,0,0,0,0,8.792189208,53.075276428
1163,11,2016,12,4,3,3,0,7,1,0,0,0,0,0,2,0,8.822642844,53.074673047
1164,11,2016,11,3,9,3,1,5,1,1,0,0,0,0,0,0,8.88708053,53.062759242
1165,12,2016,12,2,7,3,5,3,1,1,0,0,0,0,0,2,8.595324946,53.520119261
1166,12,2016,12,2,17,3,5,3,1,1,0,0,0,0,2,1,8.628438233,53.526865659
1167,12,2016,12,1,2,3,5,3,1,1,0,0,0,0,2,1,8.569714511,53.554505741
1168,11,2016,12,2,7,3,5,3,1,1,0,0,0,0,1,0,8.790541064,53.098468341
1169,11,2016,12,2,17,3,3,1,1,1,0,0,0,0,0,1,8.826258078,53.079319547
1170,11,2016,12,4,18,3,0,1,1,0,0,0,0,0,2,0,8.818163649,53.077737021
1171,11,2016,12,3,7,3,5,2,1,1,0,0,0,0,2,0,8.848363012,53.11007913
1172,12,2016,12,4,18,3,5,2,1,0,0,0,0,1,2,1,8.582219797,53.55321711
1173,11,2016,12,6,6,3,5,3,1,1,0,0,0,0,1,1,8.879708037,53.06073661
1174,11,2016,11,4,8,2,1,7,1,1,0,0,1,0,0,0,8.832588668,53.078323901
1175,12,2016,11,3,19,3,0,1,1,0,0,0,0,0,2,1,8.574623614,53.550923646
0,11,2017,12,6,11,3,5,2,1,1,0,0,0,0,0,0,8.819357703000037,53.048032859000045
1,11,2017,11,5,14,3,5,3,1,1,0,0,0,0,0,0,8.814767080000024,53.04945069300004
2,11,2017,11,5,7,3,0,1,1,0,0,0,0,0,0,0,8.817741150000074,53.04890343900007
3,12,2017,11,4,8,3,5,3,1,1,0,0,0,0,0,0,8.575254630000074,53.54767284700006
4,11,2017,6,4,15,3,5,2,1,1,0,0,0,0,0,0,8.783201364000035,53.06624431000006
5,11,2017,6,5,13,3,0,7,1,0,0,0,0,1,0,0,8.779683698000042,53.068708068000035
6,11,2017,5,4,13,3,5,3,1,1,0,0,0,0,0,0,8.809638192000023,53.05115636000005
7,11,2017,5,2,5,2,0,7,1,0,0,0,0,0,1,0,8.818875624000043,53.04861555800005
8,11,2017,3,5,12,3,5,3,1,0,0,0,0,1,0,0,8.765870003000032,53.06067189600003
9,12,2017,3,2,13,3,5,6,1,0,0,1,0,0,0,1,8.580916561000038,53.53967299900006
10,11,2017,2,4,18,3,5,3,1,1,0,0,0,0,2,0,8.793886249000025,53.09658435400007
11,11,2017,2,4,17,3,1,7,1,0,0,0,0,1,2,0,8.789261489000069,53.06362080700006
12,11,2017,2,3,16,3,0,1,1,0,0,0,0,0,0,0,8.802199095000049,53.11417692500004
13,11,2017,2,3,8,3,5,3,1,1,0,0,0,0,0,0,8.83140621900003,53.03380924000004
14,12,2017,2,2,17,2,5,3,1,0,0,0,0,1,2,0,8.572776883000074,53.560457522000036
15,11,2017,2,2,12,3,5,3,1,1,0,0,0,0,0,0,8.736762223000028,53.04545738100006
16,11,2017,2,7,16,3,5,2,1,1,0,0,0,0,0,0,8.80689251900003,53.06037484400008
17,11,2017,2,6,13,2,5,2,1,1,0,0,0,0,0,1,8.758772127000043,53.11597791500003
18,11,2017,2,6,7,3,6,4,1,0,1,0,0,0,1,1,8.837279989000024,53.071793282000044
19,11,2017,2,5,13,2,3,5,1,1,0,0,0,0,0,1,8.800577576000023,53.094594287000064
20,11,2017,2,4,17,2,5,3,1,1,0,0,0,0,1,0,8.803906274000042,53.07237027600007
21,12,2017,1,2,18,3,5,3,1,1,0,0,0,0,2,1,8.589759804000039,53.52845815500007
22,11,2017,1,2,13,2,5,3,1,1,0,0,0,0,0,1,8.57932708100003,53.18326822700004
23,11,2017,1,2,14,2,3,6,1,1,0,0,0,0,0,1,8.861669449000033,53.09929393400006
24,11,2017,1,2,17,3,5,3,1,1,0,0,0,0,2,1,8.872660771000028,53.10512611300004
25,12,2017,1,7,14,3,5,3,1,0,0,0,0,1,0,0,8.599936050000053,53.512243366000064
26,11,2017,1,7,13,3,6,4,1,0,1,0,0,0,0,0,8.798202154000023,53.080112918000054
27,11,2017,1,7,17,3,4,2,1,1,0,0,0,0,2,0,8.813587076000033,53.09036358600008
28,11,2017,1,6,14,3,4,2,1,1,0,0,0,0,0,0,8.847187761000043,53.08698330100003
29,11,2017,1,6,5,3,5,3,1,1,0,0,0,0,2,0,8.87572646600006,53.062000510000075
30,11,2017,1,6,17,3,1,5,1,1,0,0,0,0,2,1,8.823335834000034,53.083307664000074
31,11,2017,1,5,8,3,3,6,1,0,0,0,0,0,0,0,8.80129363900005,53.09179393200003
32,11,2017,1,5,20,3,5,3,1,1,0,0,0,0,2,0,8.845907608000061,53.087468433000026
33,11,2017,1,5,17,3,4,6,1,0,0,0,0,0,2,0,8.80916340500005,53.095163402000026
34,12,2017,1,4,12,3,5,2,1,1,0,0,0,0,0,0,8.582264485000053,53.56085369200008
35,11,2017,1,4,9,3,2,6,1,1,0,0,0,0,0,0,8.81731725800006,53.073059466000075
36,11,2017,1,4,11,3,5,3,1,1,0,0,0,0,0,0,8.884274577000042,53.07310647700007
37,11,2017,1,4,19,3,5,3,1,1,0,0,0,0,2,2,8.85005863200007,53.094642183000076
38,11,2017,1,4,13,3,5,2,1,1,0,0,0,0,0,0,8.806412090000038,53.093970056000046
39,11,2017,1,4,14,2,5,2,1,1,0,0,0,0,0,0,8.740079079000054,53.05141149700006
40,11,2017,1,3,19,3,0,1,1,0,0,0,0,0,2,0,8.806910596000023,53.081839553000066
41,11,2017,1,3,12,3,5,3,1,1,0,0,0,0,0,0,8.848996311000064,53.02808517900007
42,12,2017,1,2,9,3,5,3,1,1,0,0,0,0,0,0,8.597229635000076,53.57987021300005
43,11,2017,1,2,11,3,5,6,1,1,0,0,0,0,0,0,8.83368977200007,53.03323138300004
44,11,2017,1,2,2,2,0,1,1,0,0,0,0,0,2,1,8.810947444000021,53.07178040100007
45,11,2017,1,7,17,3,0,7,1,1,0,0,0,0,2,1,8.80943417100002,53.073997562000045
46,12,2017,1,6,17,3,5,3,1,0,0,0,0,1,2,1,8.588670807000028,53.565993122000066
47,11,2017,1,6,9,3,5,2,1,1,0,0,0,0,0,1,8.792695082000023,53.07365944900005
48,11,2017,1,6,9,3,5,2,1,1,0,0,0,0,0,0,8.791225202000021,53.09167647100003
49,11,2017,1,4,15,3,4,7,1,1,0,0,0,0,0,1,8.880140719000053,53.10255444400008
50,11,2017,1,4,15,3,5,3,1,1,0,0,0,0,0,0,8.831354611000052,53.08125526100008
51,11,2017,1,4,17,3,5,3,1,1,0,0,0,0,1,2,8.877307251000047,53.08224973800003
52,11,2017,1,3,7,3,5,3,1,1,0,0,0,0,1,0,8.846452087000046,53.04842701700005
53,11,2017,1,3,6,3,5,3,1,1,0,0,0,0,2,1,8.936381089000065,53.07380779700003
54,11,2017,1,2,16,3,5,3,1,1,0,0,0,0,0,2,8.852215130000047,53.111364293000065
55,11,2017,1,7,10,3,5,3,1,0,0,0,0,1,0,1,8.804131347000066,53.07240242700004
56,11,2017,1,5,19,3,6,4,1,0,1,0,0,0,2,1,8.806589383000073,53.09406807100004
57,11,2017,1,5,7,3,0,7,1,0,0,0,0,1,2,1,8.805850651000071,53.09061802800005
58,11,2017,1,5,12,3,5,3,1,1,0,0,0,0,0,1,8.896299403000057,53.07925385400006
59,11,2017,1,5,7,3,5,2,1,1,0,0,0,0,2,1,8.887834969000039,53.109195482000075
60,11,2017,1,5,16,2,5,2,1,1,0,0,0,0,2,1,8.809159717000057,53.07882740700006
61,11,2017,1,4,12,2,5,3,1,1,0,0,0,0,0,1,8.89114156200003,53.08259519200004