,UKREIS,UJAHR,UMONAT,UWOCHENTAG,USTUNDE,UKATEGORIE,UART,UTYP1,IstRad,IstPKW,IstFuss,IstKrad,IstGkfz,IstSonstig,ULICHTVERH,STRZUSTAND,longitude,latitude
62,11,2017,1,3,15,3,1,5,1,1,0,0,0,0,0,1,8.768858900000055,53.08306730600003
63,11,2017,1,3,16,3,5,2,1,1,0,0,0,0,1,1,8.899940737000065,53.123427708000065
64,11,2017,1,3,6,3,5,3,1,1,0,0,0,0,2,1,8.856590599000072,53.07136736100006
65,11,2017,1,3,8,3,5,3,1,1,0,0,0,0,1,1,8.825888128000031,53.07871280100005
66,11,2017,1,2,16,3,5,3,1,1,0,0,0,0,0,0,8.713857049000069,53.14164865300006
67,11,2017,1,7,13,2,0,1,1,0,0,0,0,0,0,2,8.879166171000065,53.07331876900008
68,11,2017,1,6,13,3,5,3,1,1,0,0,0,0,0,0,8.82496756300003,53.08456810900003
69,11,2017,1,6,20,3,5,3,1,1,0,0,0,0,2,0,8.843336819000058,53.073338394000075
70,12,2017,1,4,11,3,3,2,1,1,0,0,0,0,0,1,8.572799834000023,53.560458149000056
71,11,2017,1,3,11,3,5,3,1,1,0,0,0,0,0,1,8.838866587000041,53.05081316900004
72,11,2017,1,3,13,3,3,2,1,1,0,0,0,0,0,1,8.782175668000036,53.06682878300006
73,11,2017,1,3,7,3,1,5,1,1,0,0,0,0,1,1,8.838151493000055,53.09597462500005
74,11,2017,1,3,22,3,0,1,1,0,0,0,0,0,2,1,8.828753180000035,53.08525373600003
75,12,2017,1,2,13,3,3,6,1,1,0,0,0,0,0,1,8.571553798000025,53.54440588600005
76,12,2017,1,2,17,3,5,3,1,1,0,0,0,0,2,1,8.603379073000042,53.52323837100005
77,12,2017,1,2,8,3,5,3,1,1,0,0,0,0,1,1,8.584717090000026,53.560772728000074
78,11,2017,1,2,14,3,3,6,1,1,0,0,0,0,0,1,8.87881857800005,53.09083703400006
79,11,2017,1,2,16,3,1,5,1,1,0,0,0,0,1,1,8.809492830000067,53.07397819000005
80,11,2017,1,2,11,3,5,7,1,1,0,0,0,0,0,1,8.790027117000022,53.10413120000004
81,11,2017,1,2,7,3,5,3,1,1,0,0,0,0,2,1,8.862530587000037,53.09928721400007
82,11,2017,1,1,18,3,0,3,1,1,0,0,0,0,2,1,8.759520132000034,53.11993028400008
83,12,2017,2,5,8,3,5,3,1,1,0,0,0,0,0,0,8.597109364000062,53.57525666300006
84,11,2017,2,7,19,3,3,6,1,1,0,0,0,1,2,0,8.815223032000063,53.07047992500003
85,11,2017,3,2,17,3,5,3,1,1,0,0,0,0,0,0,8.829269751000027,53.07006040300007
86,11,2017,3,7,10,3,5,2,1,0,0,0,0,0,0,0,8.856531476000043,53.08872591700003
87,11,2017,3,6,12,3,4,6,1,0,0,0,0,0,0,0,8.802017989000035,53.07143659500008
88,11,2017,3,6,15,3,3,6,1,0,0,0,0,0,0,0,8.806708030000038,53.060518682000065
89,11,2017,3,6,13,2,6,4,1,0,1,0,0,0,0,0,8.820469875000072,53.11201453500007
90,11,2017,3,6,14,3,0,7,1,0,1,0,0,0,0,0,8.760718540000028,53.11229865800004
91,11,2017,3,6,9,3,1,5,1,1,0,0,0,0,0,0,8.751956041000028,53.08986177000003
92,11,2017,3,5,12,3,0,2,1,0,0,0,0,1,0,0,8.794949978000034,53.06720795100006
93,11,2017,3,5,13,3,5,3,1,1,0,0,0,0,0,0,8.789643759000057,53.08661641200007
94,11,2017,3,5,19,3,1,5,1,1,0,0,0,0,2,0,8.78115573100007,53.10700965800004
95,11,2017,3,5,7,2,5,3,1,1,0,0,0,0,0,0,8.84647269800007,53.048464006000074
96,11,2017,3,5,17,3,5,3,1,0,0,0,0,1,0,0,8.825035108000066,53.084196226000074
97,12,2017,2,6,14,2,3,6,1,0,0,0,0,1,0,0,8.601939019000042,53.57027328600003
98,11,2017,3,4,10,3,6,3,1,0,1,0,0,0,0,0,8.790009911000027,53.07160087600005
99,11,2017,3,4,18,3,1,5,1,1,0,0,0,0,0,0,8.824042525000038,53.073035540000035
100,11,2017,3,3,17,3,5,2,1,1,0,0,0,0,0,0,8.820244314000036,53.08403661700004
101,11,2017,3,3,16,3,5,3,1,1,0,0,0,0,0,0,8.813544939000053,53.09037364900007
102,11,2017,3,3,8,3,5,3,1,0,0,0,0,0,0,0,8.835619147000045,53.07377044100008
103,11,2017,3,2,15,3,0,1,1,0,0,0,0,0,0,1,8.578647555000032,53.183397942000056
104,11,2017,3,2,10,3,0,1,1,0,0,0,0,0,0,1,8.827655309000022,53.07256548000004
105,11,2017,3,2,17,3,5,2,1,1,0,0,0,0,1,1,8.799092470000062,53.05643225600005
106,11,2017,3,2,13,3,5,3,1,1,0,0,0,0,0,1,8.918824123000036,53.05961163600006
107,11,2017,3,2,9,3,5,2,1,1,0,0,0,0,0,1,8.765574073000039,53.07412796500006
108,12,2017,3,1,20,3,0,1,1,0,0,0,0,0,2,1,8.633794335000061,53.52264314800004
109,11,2017,3,7,20,3,5,3,1,1,0,0,0,0,2,1,8.930530279000038,53.08764059900005
110,12,2017,3,6,9,3,5,3,1,1,0,0,0,0,0,0,8.602294131000065,53.57201413700005
111,11,2017,3,6,12,3,5,3,1,1,0,0,0,0,0,0,8.927132111000049,53.09002478500008
112,11,2017,3,6,13,3,5,2,1,1,0,0,0,0,0,0,8.804841840000051,53.08096455200007
113,11,2017,3,6,7,3,3,6,1,0,0,0,0,0,0,0,8.839896169000042,53.08174187900005
114,12,2017,3,5,16,3,5,3,1,1,0,0,0,0,0,0,8.599817546000054,53.49572773300008
115,11,2017,3,5,17,2,5,3,1,1,0,0,0,0,0,0,8.75172270400003,53.16389861200008
116,11,2017,3,5,15,3,5,2,1,0,0,0,0,1,0,0,8.782590785000025,53.08709175700005
117,11,2017,3,5,15,3,5,2,1,0,0,1,0,0,0,0,8.941683848000025,53.060365243000035
118,11,2017,3,5,13,2,5,3,1,1,0,0,0,0,0,0,8.835827307000045,53.04826142200005
119,11,2017,3,4,19,1,5,3,1,0,0,0,0,1,2,0,8.722832345000029,53.05879937800006
120,11,2017,3,4,19,3,1,5,1,1,0,0,0,0,2,0,8.852351254000041,53.08186490700007
121,11,2017,3,4,13,3,5,3,1,1,0,0,0,0,0,0,8.794895857000029,53.09393061600008
122,11,2017,3,4,8,3,5,2,1,1,0,0,0,0,0,1,8.847103749000041,53.080229915000075
123,11,2017,3,3,15,3,6,4,1,0,1,0,0,0,0,0,8.820067907000066,53.07264017800003
124,11,2017,3,3,16,3,0,5,1,1,0,0,0,0,0,0,8.83772699800005,53.09502768100003
125,11,2017,3,3,17,3,5,3,1,1,0,0,0,0,0,0,8.90236369300004,53.10108801600006
126,11,2017,3,3,11,3,0,1,1,0,0,0,0,0,0,0,8.826852159000055,53.07282943700005
127,11,2017,3,2,11,3,5,3,1,1,0,0,0,0,0,0,8.799487447000047,53.07155290800006
128,11,2017,3,2,13,3,3,7,1,1,0,0,0,0,0,0,8.761977333000061,53.08067655000008
129,11,2017,3,2,14,3,5,3,1,1,0,0,0,0,0,0,8.738541584000075,53.13723675700004
130,11,2017,3,1,12,3,0,1,1,0,0,0,0,0,0,0,8.828230344000076,53.16005615900008
131,12,2017,3,6,13,3,5,2,1,1,0,0,0,0,0,0,8.58263260800004,53.521591227000044
132,12,2017,3,6,13,3,5,1,1,1,0,0,0,0,0,0,8.584659546000069,53.55688048300004
133,12,2017,3,5,12,3,5,2,1,0,0,0,0,1,0,1,8.595294102000025,53.51124784700005
134,11,2017,3,5,21,3,5,2,1,0,0,1,0,0,2,1,8.893069753000077,53.049999058000026
135,11,2017,3,4,10,3,5,3,1,1,0,0,0,0,0,0,8.782148043000063,53.075616998000044
136,11,2017,3,4,18,2,0,7,1,0,0,0,0,0,1,1,8.789298693000035,53.06417769800004
137,11,2017,3,3,12,3,5,3,1,1,0,0,0,0,0,0,8.72133886100005,53.131980817000056
138,11,2017,3,3,13,3,3,7,1,0,0,0,0,0,0,0,8.725820234000025,53.10035724800008
139,11,2017,3,2,10,3,5,3,1,1,0,0,0,0,0,0,8.946508425000047,53.076591456000074
140,11,2017,3,2,17,3,0,6,1,0,0,0,0,0,1,1,8.833484913000063,53.039716207000026
141,11,2017,3,2,13,3,4,6,1,0,0,0,0,0,0,0,8.825931942000068,53.07300568800008
142,11,2017,3,2,15,3,5,2,1,1,0,0,0,0,0,1,8.87543054300005,53.06190690400007
143,11,2017,3,7,19,3,5,3,1,1,0,0,0,0,2,0,8.71296256200003,53.145273545000066
144,11,2017,3,7,15,2,5,3,1,0,0,0,0,1,0,0,8.858003477000068,53.04602494900007
145,11,2017,3,7,15,3,5,3,1,1,0,0,0,0,0,0,8.957574863000048,53.05744755900008
146,11,2017,3,6,14,3,5,2,1,1,0,0,0,0,0,1,8.807467856000073,53.08248038700003
147,11,2017,3,6,12,2,5,3,1,0,0,0,0,1,0,0,8.853977496000027,53.08244622600006
148,12,2017,3,5,11,3,5,3,1,1,0,0,0,0,0,0,8.601813570000047,53.59145769000003
149,11,2017,3,5,17,3,0,3,1,1,0,0,0,0,2,1,8.781523715000048,53.08350602100006
150,11,2017,3,4,10,3,0,1,1,0,0,0,0,0,0,1,8.800439657000027,53.078807045000076
151,11,2017,3,4,13,3,0,7,1,0,0,0,0,0,0,0,8.844892126000047,53.04575763400004
152,11,2017,2,3,13,3,6,4,1,0,1,0,0,0,0,0,8.750001929000064,53.09290344800007
153,11,2017,2,3,15,2,5,3,1,1,0,0,0,0,0,1,8.795603216000075,53.06763986300007
154,11,2017,2,3,10,3,5,2,1,1,0,0,0,0,0,1,8.798785862000045,53.079805760000056
155,11,2017,2,3,15,3,5,3,1,1,0,0,0,0,0,0,8.880340901000068,53.07897347800008
156,11,2017,2,3,6,3,5,3,1,1,0,0,0,0,2,1,8.763544323000076,53.108971902000064
157,11,2017,2,3,19,2,5,3,1,1,0,0,0,0,2,0,8.658618895000075,53.172988823000026
158,11,2017,2,2,13,3,5,3,1,1,0,0,0,0,0,0,8.82266856800004,53.07457120400005
159,11,2017,2,2,9,3,5,3,1,1,0,0,0,0,0,0,8.838691453000024,53.08275316700008
160,11,2017,2,7,5,3,0,1,1,0,0,0,0,0,2,2,8.601944071000048,53.180125529000065
161,11,2017,2,6,7,3,5,3,1,1,0,0,0,0,0,0,8.940565832000061,53.07760136200005
162,11,2017,2,6,18,3,5,2,1,1,0,0,0,0,2,1,8.802826137000068,53.079923163000046
163,11,2017,2,6,16,3,5,2,1,1,0,0,0,0,0,1,8.824539516000073,53.08421852400005
164,11,2017,2,5,7,3,5,3,1,1,0,0,0,0,1,1,8.824448715000074,53.08428730700007
165,11,2017,2,5,12,3,5,3,1,0,0,0,0,0,0,1,8.801892374000033,53.06779504100007
166,11,2017,2,5,14,3,5,3,1,1,0,0,0,0,0,1,8.944847296000034,53.07532684500006
167,12,2017,2,4,10,3,3,2,1,1,0,0,0,0,0,1,8.577404727000044,53.55390504600007
168,11,2017,2,3,19,3,5,2,1,1,0,0,0,0,2,0,8.833577843000057,53.070618180000054
169,12,2017,2,2,10,3,5,3,1,1,0,0,0,0,0,1,8.638166396000031,53.53490010000007
170,12,2017,2,2,16,3,5,3,1,1,0,0,0,0,0,1,8.59097988600007,53.54399514800008
171,11,2017,2,2,18,3,0,3,1,1,0,0,0,0,1,1,8.791226947000041,53.09515428100008
172,11,2017,2,2,9,2,0,1,1,0,0,0,0,0,0,1,8.82868323100007,53.08523647100003
173,11,2017,2,2,16,3,6,4,1,0,1,0,0,0,0,1,8.790031644000067,53.06408673100003
174,11,2017,2,1,19,3,8,6,1,1,0,0,0,0,2,1,8.944457881000062,53.05707214500006
175,11,2017,2,1,19,3,0,7,1,0,0,0,0,0,2,1,8.802599749000024,53.097471075000044
176,11,2017,2,6,13,3,3,6,1,1,0,0,0,0,0,0,8.847738999000057,53.07873939000007
177,11,2017,2,5,20,3,5,2,1,1,0,0,0,0,2,0,8.817692283000042,53.05263328600006
178,11,2017,2,4,8,3,5,3,1,1,0,0,0,0,0,0,8.579140094000024,53.183384587000035
179,11,2017,2,4,8,3,5,3,1,1,0,0,0,0,0,0,8.822075244000075,53.04092207000008
180,11,2017,2,4,16,3,5,3,1,1,0,0,0,0,0,0,8.892270073000077,53.07942376600005
181,11,2017,2,3,13,3,5,3,1,1,0,0,0,0,0,0,8.799475261000055,53.07151457700007
182,11,2017,2,3,15,3,1,5,1,1,0,0,0,0,0,0,8.822688713000048,53.07432475300004
183,11,2017,2,3,17,3,1,3,1,1,0,0,0,0,2,0,8.78452747800003,53.08476902500007
184,11,2017,2,2,7,3,5,2,1,0,0,0,0,1,0,0,8.800451113000065,53.078795135000064
185,11,2017,2,2,10,3,5,3,1,0,0,0,0,1,0,0,8.880715158000044,53.05590338700006
186,11,2017,2,6,18,3,5,3,1,1,0,0,0,0,2,0,8.802845682000054,53.10137838300005
187,12,2017,5,3,14,3,5,3,1,1,0,0,0,0,0,0,8.597780962000058,53.58514498200003
188,12,2017,5,3,11,3,5,2,1,1,0,0,0,0,0,0,8.591173886000036,53.56612086800004
189,11,2017,5,3,9,3,5,3,1,1,0,0,0,0,0,0,8.80151853500007,53.08674130300005
190,11,2017,5,3,14,3,5,3,1,1,0,0,0,0,0,0,8.731387907000055,53.04794215700008
191,11,2017,5,3,12,3,1,5,1,1,0,0,0,0,0,0,8.768469968000034,53.07996304200003
192,11,2017,5,2,11,3,0,1,1,0,0,0,0,0,0,1,8.804215761000023,53.08528668800005
193,11,2017,5,6,15,3,0,6,1,0,0,0,0,1,0,0,8.808490218000031,53.08809114500008
194,11,2017,5,1,19,3,0,7,1,0,0,0,0,0,0,0,8.789711453000052,53.07901912800003
195,11,2017,5,6,9,3,0,7,1,0,0,0,0,1,0,1,8.810020337000026,53.09905157700007
196,11,2017,5,7,14,3,5,3,1,1,0,0,0,0,0,0,8.803844463000075,53.07233677200003
197,11,2017,5,7,14,3,4,6,1,1,0,0,0,0,0,0,8.90155296100005,53.09344781200008
198,11,2017,5,7,3,3,5,2,1,1,0,0,0,0,2,1,8.82318538800007,53.07296488800006
199,11,2017,5,6,13,3,5,2,1,1,0,0,0,0,0,0,8.571907288000034,53.19603744300008
200,11,2017,5,6,7,3,3,6,1,0,0,0,0,0,0,1,8.83562046000003,53.03656967300003
201,11,2017,5,5,16,3,5,3,1,1,0,0,0,0,0,1,8.783136929000023,53.08347077500008
202,11,2017,5,4,10,3,0,7,1,0,0,0,0,0,0,1,8.816484008000032,53.07488646200005
203,11,2017,5,4,17,3,5,2,1,0,0,0,0,0,0,0,8.84789760600006,53.04953916900007
204,12,2017,5,3,11,3,5,3,1,1,0,0,0,0,0,0,8.598119367000038,53.53283669600006
205,11,2017,5,3,16,3,5,2,1,0,0,0,0,1,0,0,8.618971965000071,53.18012463500003
206,11,2017,5,3,10,3,5,3,1,1,0,0,0,0,0,0,8.923898954000038,53.07296401800005
207,11,2017,5,3,8,3,5,2,1,1,0,0,0,0,0,0,8.792853741000044,53.073527210000066
208,11,2017,5,3,12,3,3,6,1,1,0,0,0,0,0,0,8.822819827000046,53.04293999500004
209,11,2017,5,3,14,3,4,6,1,0,0,0,0,0,0,1,8.800077590000058,53.07905311700006
210,12,2017,4,1,18,3,5,3,1,1,0,0,0,0,0,0,8.626398215000052,53.529621098000064
211,11,2017,4,7,14,3,5,3,1,1,0,0,0,0,0,0,8.806255864000036,53.08431519800007
212,11,2017,4,7,21,2,4,6,1,0,0,0,0,0,2,0,8.799542122000048,53.07014515100008
213,11,2017,4,7,3,3,0,1,1,0,0,0,0,0,2,0,8.798444967000023,53.07737826600004
214,12,2017,4,6,12,2,5,3,1,1,0,0,0,0,0,0,8.590876861000027,53.53353829800005
215,11,2017,4,6,17,3,5,3,1,1,0,0,0,0,0,0,8.894585017000054,53.07945953400008
216,11,2017,4,6,20,3,6,4,1,0,1,0,0,0,1,1,8.800680624000051,53.07867807000008
217,11,2017,4,6,21,3,5,2,1,1,0,0,0,0,2,1,8.801830629000051,53.06393065000003
218,11,2017,4,6,13,3,3,6,1,1,0,0,0,0,0,0,8.796548658000063,53.08114497000008
219,11,2017,4,6,12,3,5,3,1,1,0,0,0,0,0,0,8.862971556000048,53.071448788000055
220,11,2017,4,5,17,2,3,2,1,1,0,0,0,0,0,0,8.799432763000027,53.07018014000005
221,11,2017,4,5,5,3,4,6,1,1,0,0,0,0,1,0,8.864321245000042,53.052364441000066
222,11,2017,4,5,18,3,5,3,1,1,0,0,0,0,0,0,8.904496970000025,53.04069874800007
223,11,2017,4,5,18,3,4,6,1,1,0,0,0,0,0,0,8.789774317000024,53.07144554000007
224,11,2017,4,5,8,3,5,3,1,1,0,0,0,0,0,0,8.791756156000076,53.10397471600004
225,11,2017,4,5,10,1,5,3,1,0,0,0,0,1,0,0,8.790320735000023,53.096289795000075
226,11,2017,4,4,17,3,1,5,1,1,0,0,0,0,0,0,8.839382159000024,53.09619963200004
227,12,2017,4,3,12,2,5,3,1,1,0,0,0,0,0,0,8.612068803000057,53.58743979400003
228,12,2017,4,3,6,3,5,3,1,1,0,0,0,0,1,1,8.598017230000039,53.58513395700004
229,11,2017,4,3,17,3,5,3,1,0,0,0,0,1,0,0,8.913101563000055,53.043128738000064
230,11,2017,4,3,18,3,3,6,1,1,0,0,0,0,0,0,8.830455768000036,53.07157447900005
231,11,2017,4,3,12,3,5,3,1,1,0,0,0,0,0,1,8.837129230000073,53.082606902000066
232,11,2017,4,2,18,3,5,3,1,1,0,0,0,0,0,1,8.545340975000045,53.19427034000006
233,11,2017,4,2,9,3,5,2,1,1,0,0,0,0,0,0,8.572745473000055,53.19514655100005
234,11,2017,4,2,10,3,5,3,1,1,0,0,0,0,0,0,8.625825505000023,53.182273587000054
235,11,2017,4,2,16,3,5,3,1,1,0,0,0,0,0,1,8.716129042000034,53.17823056600008
236,11,2017,4,2,7,3,5,3,1,1,0,0,0,0,0,0,8.870730029000072,53.09127798800006
237,12,2017,4,1,22,3,1,1,1,1,0,0,0,0,2,0,8.58212780100007,53.541810732000044
238,11,2017,4,7,21,3,3,6,1,1,0,0,0,0,1,0,8.838131632000056,53.06777665100003
239,11,2017,4,7,16,2,0,7,1,0,0,0,0,0,0,1,8.863965919000066,53.09346832700004
240,11,2017,4,6,23,2,5,3,1,1,0,0,0,0,2,1,8.853992670000025,53.06610842200007
241,11,2017,4,6,10,3,5,3,1,1,0,0,0,0,0,0,8.783286836000059,53.06972004700003
242,11,2017,4,5,22,2,0,7,1,0,0,0,0,0,2,0,8.734476199000028,53.04738024100004
243,11,2017,4,5,19,3,0,7,1,0,0,0,0,0,0,0,8.784876204000057,53.097373298000036
244,11,2017,4,5,8,3,5,3,1,1,0,0,0,0,0,0,8.762346716000025,53.11235970300004
245,11,2017,4,4,10,3,3,6,1,0,0,0,0,1,0,0,8.697764388000053,53.17281676300007
246,11,2017,4,4,16,3,1,5,1,1,0,0,0,0,0,0,8.82411852100006,53.07921703400007
247,11,2017,4,4,9,3,5,2,1,1,0,0,0,0,0,0,8.784885471000052,53.10251179200003
248,11,2017,4,4,16,3,0,7,1,0,0,0,0,0,0,0,8.843773186000021,53.07436919700007
249,11,2017,4,4,7,3,5,3,1,1,0,0,0,0,0,0,8.882060555000066,53.07909741200007
250,12,2017,4,3,18,3,0,7,1,1,0,0,0,0,0,0,8.60731830900005,53.53721334700003
251,11,2017,4,3,14,3,4,6,1,0,0,0,0,0,0,0,8.810637292000024,53.06236080000008
252,11,2017,4,3,7,3,6,4,1,0,1,0,0,0,0,1,8.810684380000055,53.08042223100006
253,11,2017,4,7,9,3,5,3,1,1,0,0,0,0,0,1,8.757841710000037,53.05835107900003
254,11,2017,4,7,11,3,5,3,1,1,0,0,0,0,0,0,8.754153124000027,53.08881024900006
255,11,2017,4,6,16,3,0,7,1,1,0,0,0,0,0,0,8.810710802000074,53.08367930400004
256,11,2017,4,5,18,3,4,6,1,0,0,0,0,0,0,0,8.804149464000034,53.07239225500007
257,11,2017,4,5,8,3,5,3,1,1,0,0,0,0,0,1,8.882490129000075,53.10965755700005
258,11,2017,4,4,1,3,1,7,1,1,0,0,0,0,2,1,8.833647464000023,53.07403534500003
259,11,2017,4,3,13,3,5,3,1,0,0,0,0,0,0,0,8.758016198000064,53.05783027500007
260,11,2017,4,3,9,3,5,3,1,1,0,0,0,0,0,0,8.798966810000024,53.10562814300005
261,11,2017,4,2,17,3,5,2,1,1,0,0,0,0,0,0,8.789874318000045,53.071512048000045
262,11,2017,4,2,15,3,0,1,1,0,0,0,0,0,0,0,8.830296717000067,53.07163151800006
263,11,2017,4,2,15,3,5,2,1,1,0,0,0,0,0,0,8.584578079000039,53.18144684200007
264,12,2017,4,1,11,3,0,7,1,0,0,0,0,0,0,0,8.615900774000067,53.58402488400003
265,11,2017,4,1,17,3,5,3,1,1,0,0,0,0,0,0,8.785629269000026,53.07096506800008
266,11,2017,4,1,16,3,3,6,1,0,0,0,0,0,0,0,8.858998129000042,53.12457241000004
267,11,2017,4,7,14,3,5,3,1,1,0,0,0,0,0,0,8.740889150000044,53.053034884000056
268,12,2017,4,6,13,3,6,7,1,0,1,0,0,0,0,1,8.581948042000022,53.55281296700008
269,11,2017,4,6,14,3,5,3,1,0,0,0,0,1,0,0,8.797512716000028,53.08042521700003
270,11,2017,4,6,14,3,4,6,1,0,0,0,0,0,0,0,8.542197031000057,53.19028627400007
271,11,2017,4,6,14,2,5,3,1,1,0,0,0,0,0,0,8.79755625100006,53.066536529000075
272,11,2017,4,6,8,3,5,3,1,1,0,0,0,0,0,0,8.787347314000044,53.07204920200007
273,12,2017,4,5,11,2,3,6,1,0,0,0,0,1,0,0,8.58883824700007,53.52516447100004
274,11,2017,4,5,14,3,0,7,1,0,0,0,0,0,0,0,8.690915560000064,53.168783217000055
275,11,2017,4,5,12,2,0,7,1,0,0,0,0,0,0,0,8.940395352000053,53.083970700000066
276,11,2017,4,5,18,3,0,1,1,0,0,0,0,0,0,0,8.679819714000075,53.172456441000065
277,11,2017,4,5,16,3,0,1,1,0,0,0,0,0,0,0,8.832042217000037,53.07104316700003
278,11,2017,4,5,9,3,6,4,1,0,1,0,0,0,0,0,8.769323847000067,53.11443363800004
279,12,2017,4,4,17,3,1,5,1,1,0,0,0,0,0,0,8.598164095000072,53.53301895800007
280,11,2017,4,4,19,3,6,2,1,0,1,0,0,0,0,0,8.804415224000024,53.08075552100007
281,11,2017,4,4,15,3,5,2,1,1,0,0,0,0,0,0,8.788662188000046,53.09818936000005
282,11,2017,4,4,8,3,5,2,1,0,0,0,0,1,0,0,8.828712860000053,53.072222088000046
283,11,2017,4,3,18,3,0,1,1,0,0,0,0,0,0,0,8.822520061000034,53.072884730000055
284,11,2017,4,3,10,3,5,3,1,1,0,0,0,0,0,0,8.818128758000057,53.077729343000044
285,11,2017,4,3,17,3,1,7,1,1,0,0,0,0,0,0,8.571707837000076,53.19619664600003
286,11,2017,4,3,15,3,5,2,1,1,0,0,0,0,0,0,8.819593258000054,53.075768104000076
287,11,2017,4,3,18,3,5,3,1,1,0,0,0,0,0,0,8.823559353000064,53.044149696000034
288,11,2017,4,3,15,3,5,3,1,1,0,0,0,0,0,0,8.818580079000071,53.05169326100008
289,12,2017,4,2,13,3,5,3,1,1,0,0,0,0,0,0,8.593298680000032,53.55939167100007
290,11,2017,4,2,14,3,5,3,1,0,0,0,0,0,0,0,8.793098041000064,53.06674440300003
291,11,2017,4,2,12,2,0,1,1,0,0,0,0,0,0,0,8.73938247500007,53.13451431200008
292,11,2017,4,2,11,3,5,3,1,1,0,0,0,0,0,0,8.901089459000048,53.089328427000055
293,11,2017,4,2,14,3,5,2,1,1,0,0,0,0,0,0,8.867988987000047,53.07293794800006
294,11,2017,4,2,22,3,5,2,1,0,0,0,0,0,2,0,8.873034688000075,53.10065777300008
295,11,2017,4,1,15,3,0,3,1,0,0,0,0,1,0,0,8.779377347000036,53.10017318300004
296,11,2017,4,7,14,3,0,1,1,0,0,0,0,0,0,0,8.81187170800007,53.08185457900004
297,11,2017,3,6,22,3,1,7,1,1,0,0,0,0,2,0,8.837238529000047,53.06960027100007
298,11,2017,3,6,15,3,5,2,1,1,0,0,0,0,0,0,8.807286850000025,53.08213910200004
299,11,2017,3,6,12,3,5,2,1,1,0,0,0,0,0,0,8.736937128000022,53.047447645000034
300,11,2017,3,6,12,3,5,3,1,0,0,0,0,0,0,0,8.774752453000076,53.107982046000075
301,11,2017,3,6,16,3,5,3,1,1,0,0,0,0,0,0,8.760935286000063,53.12355843800003
302,12,2017,3,5,18,2,6,7,1,0,1,0,0,0,0,0,8.595101561000035,53.53033209100005
303,11,2017,3,5,15,2,6,4,1,0,1,0,0,0,0,0,8.786012442000072,53.099343746000045
304,11,2017,3,5,4,2,0,7,1,0,0,0,0,0,2,1,8.884662830000025,53.07896277700007
305,11,2017,3,5,12,3,0,1,1,0,0,0,0,0,0,0,8.807670651000024,53.07578002100007
306,11,2017,3,5,18,3,1,5,1,1,0,0,0,0,0,0,8.936632574000043,53.038336377000064
307,12,2017,3,4,7,3,5,3,1,1,0,0,0,0,0,1,8.604313776000026,53.58794640200006
308,11,2017,3,4,17,3,3,2,1,1,0,0,0,0,0,1,8.603954423000062,53.18462770100007
309,11,2017,3,4,12,3,5,2,1,1,0,0,0,0,0,1,8.837390064000033,53.03784418600003
310,11,2017,3,4,5,3,0,1,1,0,0,0,0,0,2,1,8.791488336000043,53.07477273100005
311,11,2017,3,4,0,3,1,1,1,1,0,0,0,0,2,0,8.611722728000075,53.183342425000035
312,12,2017,3,3,17,3,1,3,1,1,0,0,0,0,0,0,8.585884909000072,53.55925165800005
313,11,2017,3,3,14,3,3,6,1,1,0,0,0,0,0,0,8.760789541000065,53.11512782900007
314,11,2017,3,3,15,3,3,5,1,1,0,0,0,0,0,0,8.779760105000037,53.099678667000035
315,11,2017,3,3,13,3,5,3,1,1,0,0,0,0,0,0,8.83833721800005,53.08139889700004
316,11,2017,3,3,22,3,0,1,1,0,0,0,0,0,2,0,8.877716766000049,53.08019217600008
317,11,2017,3,3,16,2,0,1,1,1,0,0,0,0,0,0,8.87880414600005,53.11227233300008
318,11,2017,3,2,17,2,4,6,1,0,0,0,0,0,0,0,8.80521081300003,53.073027221000075
319,11,2017,3,2,19,3,1,5,1,1,0,0,0,0,1,0,8.835890995000057,53.074158339000064
320,11,2017,5,3,11,3,6,4,1,0,1,0,0,0,0,0,8.625758294000036,53.17253707900005
321,11,2017,3,2,6,3,5,2,1,1,0,0,0,0,0,0,8.788008577000028,53.06296183500007
322,11,2017,3,2,12,3,5,2,1,0,0,0,0,1,0,0,8.808220049000056,53.09459692100006
323,11,2017,6,3,13,3,5,3,1,1,0,0,0,0,0,0,8.713841629000058,53.17071829400004
324,11,2017,6,3,20,3,3,2,1,1,0,0,0,0,0,0,8.791066435000062,53.091441598000074
325,11,2017,6,3,12,2,0,7,1,0,0,0,0,0,0,0,8.800409005000063,53.08445046600008
326,11,2017,6,3,16,2,6,4,1,0,1,0,0,0,0,0,8.797270450000042,53.080714208000074
327,11,2017,6,2,9,3,5,3,1,1,0,0,0,0,0,0,8.640013009000029,53.174564892000035
328,11,2017,6,2,14,3,5,2,1,1,0,0,0,0,0,0,8.80676111200006,53.08171886000008