,UKREIS,UJAHR,UMONAT,UWOCHENTAG,USTUNDE,UKATEGORIE,UART,UTYP1,IstRad,IstPKW,IstFuss,IstKrad,IstGkfz,IstSonstig,ULICHTVERH,STRZUSTAND,longitude,latitude
329,11,2017,6,2,9,3,5,2,1,0,0,0,0,1,0,0,8.788164551000023,53.07647768100003
330,11,2017,6,2,16,3,5,3,1,1,0,0,0,0,0,1,8.583551140000054,53.214329709000026
331,11,2017,6,1,14,3,0,1,1,0,0,0,0,0,0,0,8.782189667000068,53.123441796000066
332,11,2017,6,1,15,3,3,6,1,0,0,0,0,0,0,0,8.664779182000075,53.12134350200006
333,11,2017,6,1,14,2,1,5,1,1,0,0,0,0,0,0,8.852099847000034,53.087650532000055
334,11,2017,6,7,10,2,5,3,1,1,0,0,0,0,0,0,8.80743846200005,53.094381902000066
335,11,2017,6,7,0,2,0,1,1,0,0,0,0,0,2,0,8.800196847000052,53.080355610000026
336,11,2017,6,6,13,3,5,3,1,1,0,0,0,0,0,0,8.78412395600003,53.08949350700004
337,11,2017,6,6,14,3,5,3,1,1,0,0,0,0,0,1,8.735153515000036,53.044000777000065
338,11,2017,6,6,15,2,4,7,1,0,0,0,0,0,0,1,8.853514636000057,53.08714015100003
339,11,2017,6,6,15,3,1,7,1,1,0,0,0,0,0,1,8.807120879000024,53.06021317600005
340,12,2017,6,5,7,3,5,3,1,1,0,0,0,0,0,0,8.58837896500006,53.56651276800005
341,11,2017,6,5,8,3,5,2,1,1,0,0,0,0,0,0,8.879470980000065,53.10138436600005
342,11,2017,6,5,13,3,5,3,1,1,0,0,0,0,0,0,8.765315069000053,53.11040253500005
343,11,2017,6,5,15,3,5,3,1,1,0,0,0,0,0,0,8.841374421000069,53.09265942800005
344,11,2017,6,5,12,3,5,3,1,1,0,0,0,0,0,0,8.842758683000056,53.07229089100008
345,12,2017,6,4,13,3,5,3,1,0,0,0,0,1,0,1,8.590794966000033,53.54069990000005
346,12,2017,6,4,12,2,5,2,1,1,0,0,0,0,0,1,8.598065535000046,53.58514746600008
347,12,2017,6,4,16,3,3,2,1,1,0,0,0,0,0,1,8.58521309200006,53.557433521000064
348,12,2017,6,4,15,3,5,3,1,1,0,0,0,0,0,1,8.597916013000031,53.533425641000065
349,11,2017,6,4,13,3,5,2,1,1,0,0,0,0,0,1,8.852325333000067,53.08599152700003
350,11,2017,6,4,9,3,5,3,1,1,0,0,0,0,0,0,8.87566146200004,53.08249430400008
351,11,2017,6,4,10,3,5,2,1,1,0,0,0,0,0,1,8.704403060000061,53.155652591000035
352,11,2017,6,4,16,3,5,3,1,0,0,0,0,0,0,0,8.803160899000034,53.08464130600004
353,11,2017,6,4,9,3,5,3,1,1,0,0,0,0,0,0,8.72262478700003,53.044142581000074
354,11,2017,6,4,5,3,5,3,1,1,0,0,0,0,1,0,8.837340896000057,53.076836411000045
355,11,2017,6,4,15,3,5,3,1,1,0,0,0,0,0,1,8.878352611000025,53.079519893000054
356,12,2017,6,3,18,3,5,3,1,1,0,0,0,0,0,0,8.600203682000028,53.52876894000008
357,11,2017,6,3,6,3,5,3,1,1,0,0,0,0,0,0,8.85659277600007,53.071372491000034
358,11,2017,6,3,15,3,1,5,1,1,0,0,0,0,0,1,8.857379326000057,53.10893305600007
359,12,2017,6,2,14,3,5,3,1,1,0,0,0,0,0,0,8.582663655000033,53.544173252000064
360,12,2017,6,2,14,2,0,7,1,0,0,0,0,0,0,0,8.59759568100003,53.546003658000075
361,11,2017,6,2,20,2,0,7,1,0,0,0,0,0,0,0,8.80722449500007,53.070560354000065
362,12,2017,6,1,21,2,0,7,1,0,0,0,0,0,1,0,8.554895488000057,53.578512431000036
363,11,2017,6,1,11,3,0,3,1,1,0,0,0,0,0,0,8.720238589000076,53.03918299700007
364,12,2017,6,7,0,3,0,1,1,0,0,0,0,0,2,0,8.602855159000057,53.57034213500003
365,12,2017,6,7,10,3,4,6,1,1,0,0,0,0,0,0,8.593666469000027,53.565776010000036
366,11,2017,6,7,0,2,8,7,1,0,0,0,0,0,2,0,8.86378860900004,53.08229261500003
367,11,2017,6,7,1,3,0,7,1,0,0,0,0,0,2,0,8.872215544000028,53.08051540300005
368,12,2017,6,6,12,3,5,3,1,1,0,0,0,0,0,0,8.574872721000077,53.56055102400006
369,12,2017,6,6,7,3,0,7,1,1,0,0,0,0,0,0,8.576764249000064,53.55233069800005
370,11,2017,6,6,15,3,5,3,1,1,0,0,0,0,0,0,8.78319543200007,53.08346699200007
371,11,2017,6,6,16,3,4,6,1,0,0,0,0,0,0,0,8.82361293200006,53.07173710200004
372,11,2017,6,6,16,2,4,6,1,0,0,0,0,0,0,0,8.83631573100007,53.09843402200005
373,11,2017,6,6,12,2,5,3,1,1,0,0,0,0,0,0,8.890564201000075,53.10891354200004
374,11,2017,6,6,10,3,5,3,1,1,0,0,0,0,0,0,8.890905534000069,53.08144239500007
375,11,2017,6,5,14,3,4,6,1,0,0,0,0,0,0,0,8.890677846000074,53.08259832700003
376,11,2017,6,5,19,3,3,6,1,1,0,0,0,0,0,0,8.833582389000071,53.07982162700006
377,11,2017,6,5,17,3,5,3,1,1,0,0,0,0,0,0,8.739489175000074,53.055020881000075
378,11,2017,6,5,21,3,0,7,1,0,0,0,0,0,0,0,8.768684671000074,53.08321263700003
379,11,2017,6,5,11,3,0,1,1,0,0,0,0,0,0,0,8.871929824000063,53.09150510900008
380,11,2017,6,5,10,3,5,7,1,1,0,0,0,0,0,0,8.605366606000075,53.17659919700003
381,11,2017,6,5,7,3,6,4,1,0,1,0,0,0,0,0,8.788544559000059,53.07707545800008
382,11,2017,5,4,16,3,4,6,1,0,0,0,0,0,0,0,8.899526265000077,53.09138879300008
383,11,2017,5,4,15,3,5,2,1,1,0,0,0,0,0,0,8.886285014000066,53.071545481000044
384,11,2017,5,4,19,3,6,7,1,0,1,0,0,0,0,0,8.823236398000063,53.076328509000064
385,11,2017,5,4,18,3,1,1,1,1,0,0,0,0,0,0,8.855722187000026,53.070569601000045
386,11,2017,5,4,16,3,0,1,1,0,0,0,0,0,0,0,8.702730041000052,53.16832903000005
387,11,2017,5,4,20,2,0,7,1,0,0,0,0,0,0,0,8.870062573000041,53.09713211300004
388,11,2017,5,4,19,3,5,3,1,0,0,1,0,0,0,0,8.803402541000025,53.08032040300003
389,11,2017,5,3,15,3,4,1,1,0,0,0,0,0,0,1,8.755725096000049,53.11885837900007
390,11,2017,5,3,17,3,0,7,1,0,0,0,0,0,0,0,8.835161653000057,53.09141753700004
391,11,2017,5,3,17,3,5,3,1,1,0,0,0,0,0,0,8.883740987000067,53.10839513600007
392,11,2017,5,3,16,3,4,1,1,0,0,0,0,0,0,0,8.840673078000066,53.10463613600007
393,11,2017,5,3,8,3,5,3,1,1,0,0,0,0,0,0,8.817099807000034,53.07880436200003
394,11,2017,5,3,11,2,0,7,1,0,0,0,0,0,0,0,8.95100463700004,53.04166266300007
395,11,2017,5,3,16,3,0,7,1,0,0,0,0,0,0,0,8.906771797000033,53.04014061700008
396,11,2017,5,2,10,3,5,7,1,0,0,0,0,0,0,0,8.806772198000033,53.06046066300007
397,11,2017,5,2,17,3,5,3,1,1,0,0,0,0,0,0,8.802241654000056,53.07948520800005
398,11,2017,5,2,6,3,4,2,1,0,0,0,0,0,0,0,8.803871524000044,53.085198038000044
399,11,2017,5,2,11,3,5,7,1,0,0,0,0,1,0,0,8.816046431000075,53.07344516100005
400,11,2017,5,2,7,3,5,3,1,1,0,0,0,0,0,0,8.89456311300006,53.07945943900006
401,11,2017,5,2,12,3,3,1,1,1,0,0,0,0,0,0,8.797718263000036,53.07673804900003
402,12,2017,5,1,19,3,7,1,1,0,0,0,0,0,0,0,8.586100195000029,53.56115296200005
403,12,2017,5,1,2,3,4,6,1,1,0,0,0,0,2,0,8.61701473200003,53.503471096000055
404,11,2017,5,1,13,3,5,2,1,1,0,0,0,0,0,0,8.740076238000029,53.051411898000026
405,11,2017,5,1,17,3,5,3,1,1,0,0,0,0,0,0,8.886789282000052,53.10067299600007
406,12,2017,5,7,8,2,0,1,1,0,0,0,0,0,0,0,8.608800747000032,53.569607948000055
407,12,2017,5,7,13,3,1,6,1,1,0,0,0,0,0,0,8.590243574000056,53.56535833700008
408,11,2017,5,7,12,3,5,3,1,0,0,0,0,1,0,0,8.810636205000037,53.08186393500006
409,11,2017,5,7,17,2,5,3,1,0,0,0,0,1,0,0,8.854280583000047,53.07068310100004
410,11,2017,5,7,11,2,5,3,1,1,0,0,0,0,0,0,8.818113911000069,53.07772607600003
411,11,2017,5,7,13,3,2,6,1,0,0,0,0,0,0,0,8.78910247600004,53.07098253200007
412,12,2017,5,6,18,3,5,3,1,1,0,0,0,0,0,0,8.584667897000031,53.56071076600006
413,12,2017,5,6,11,2,5,3,1,1,0,0,0,0,0,0,8.597446220000052,53.59126501700007
414,11,2017,5,6,10,3,5,3,1,1,0,0,0,0,0,0,8.796991740000067,53.06854835400003
415,11,2017,5,6,18,3,5,3,1,0,0,0,0,0,0,0,8.908195813000077,53.071296861000064
416,11,2017,5,6,17,3,0,7,1,0,1,0,0,0,0,0,8.788927224000076,53.09343518000003
417,11,2017,5,6,17,3,5,3,1,1,0,0,0,0,0,0,8.809627166000041,53.058447940000065
418,11,2017,5,6,17,2,5,2,1,1,0,0,0,0,0,0,8.890661238000064,53.06303028000008
419,11,2017,5,6,15,3,0,7,1,0,0,0,0,0,0,0,8.80379394800002,53.06663340700004
420,11,2017,5,5,18,3,6,7,1,0,1,0,0,0,0,0,8.828033146000053,53.071664303000034
421,11,2017,5,5,18,3,1,7,1,1,0,0,0,1,0,0,8.770303007000052,53.08226366800005
422,11,2017,5,5,18,3,3,6,1,1,0,0,0,0,0,0,8.722305603000052,53.15906601100005
423,12,2017,5,4,8,3,5,3,1,1,0,0,0,0,0,0,8.63855602500007,53.530885295000076
424,11,2017,5,4,18,3,5,3,1,1,0,0,0,0,0,0,8.723836771000038,53.04350758800007
425,11,2017,5,4,8,3,3,2,1,1,0,0,0,0,0,0,8.837098604000062,53.082647974000054
426,12,2017,5,3,8,3,2,3,1,1,0,0,0,0,0,0,8.58588792200004,53.55927083900008
427,12,2017,5,3,3,3,5,3,1,1,0,0,0,0,2,0,8.603934725000045,53.57422254100004
428,11,2017,5,3,15,3,5,3,1,1,0,0,0,0,0,0,8.79262071100004,53.08270957000008
429,11,2017,5,3,15,3,5,3,1,0,0,1,0,0,0,0,8.763515206000022,53.08638573700006
430,11,2017,5,3,13,3,5,2,1,1,0,0,0,0,0,0,8.785523615000045,53.07484878200006
431,12,2017,5,2,7,3,3,6,1,0,0,1,0,0,0,0,8.601111304000028,53.567257916000074
432,11,2017,5,2,11,3,5,3,1,1,0,0,0,0,0,0,8.61895523800007,53.17914609600007
433,11,2017,5,2,18,3,1,7,1,1,0,0,0,0,0,0,8.80088164600005,53.07115495900007
434,11,2017,5,2,15,3,5,2,1,0,0,0,0,1,0,0,8.791456620000076,53.09098241300006
435,11,2017,5,2,18,2,5,3,1,1,0,0,0,0,0,0,8.56200870400005,53.18331385700003
436,11,2017,5,7,19,3,0,1,1,0,0,0,0,0,0,0,8.80891966400003,53.090717821000055
437,11,2017,5,7,11,3,1,5,1,1,0,0,0,0,0,0,8.874067398000022,53.10420291600008
438,11,2017,5,7,18,3,1,5,1,1,0,0,0,0,0,0,8.788505543000042,53.069315937000056
439,12,2017,5,6,13,3,4,6,1,1,0,0,0,0,0,0,8.595369508000033,53.55742574300007
440,12,2017,5,6,13,3,6,1,1,0,1,0,0,0,0,0,8.597742345000029,53.534802315000036
441,12,2017,5,6,12,2,5,3,1,1,0,0,0,0,0,0,8.608843252000042,53.586876053000026
442,12,2017,5,6,13,3,5,3,1,0,0,0,0,1,0,0,8.58837180100005,53.566510883000035
443,11,2017,5,6,11,3,5,3,1,1,0,0,0,0,0,0,8.779420301000073,53.07605721900006
444,11,2017,5,6,7,3,1,7,1,1,0,0,0,0,0,0,8.842671332000066,53.06903801800007
445,11,2017,5,6,7,3,0,7,1,1,0,0,0,0,0,0,8.756883763000076,53.12578013000007
446,11,2017,5,6,15,3,3,6,1,1,0,0,0,0,0,0,8.787389229000041,53.062475074000076
447,11,2017,5,6,9,3,3,7,1,1,0,0,0,0,0,0,8.831055755000023,53.07478923600007
448,11,2017,5,6,14,3,3,2,1,0,0,0,0,0,0,0,8.864964159000067,53.06687494500005
449,12,2017,5,5,11,3,2,6,1,0,0,0,0,1,0,0,8.608532697000044,53.51841134400007
450,12,2017,5,5,14,3,0,1,1,0,0,0,0,0,0,0,8.597163547000036,53.53598263500004
451,11,2017,5,5,12,3,5,3,1,1,0,0,0,0,0,0,8.893336653000063,53.08242836200003
452,12,2017,5,4,16,3,0,1,1,0,0,0,0,0,0,0,8.594477106000056,53.53147781600006
453,11,2017,5,4,16,2,0,1,1,0,0,0,0,0,0,0,8.65032721800003,53.18122875700004
454,11,2017,5,4,19,3,0,1,1,0,0,0,0,0,0,0,8.856124802000068,53.066795796000065
455,11,2017,5,4,16,3,5,3,1,1,0,0,0,0,0,0,8.686084571000038,53.173313335000046
456,11,2017,5,4,18,3,3,6,1,1,0,0,0,0,0,0,8.854310075000058,53.08212644500003
457,11,2017,5,4,7,3,0,1,1,0,0,0,0,0,0,0,8.805132361000062,53.10017050000005
458,11,2017,5,3,16,3,5,3,1,1,0,0,0,0,0,0,8.836905586000057,53.09927630800007
459,11,2017,5,3,12,3,5,2,1,0,0,0,0,0,0,0,8.802555016000042,53.097422678000044
460,11,2017,5,3,16,3,4,6,1,0,0,0,0,0,0,0,8.802054377000047,53.094574297000065
461,11,2017,5,3,7,3,3,5,1,1,0,0,0,0,0,1,8.809374083000023,53.07770376000008
462,11,2017,5,3,13,3,5,3,1,1,0,0,0,0,0,1,8.717266535000022,53.17292340000006
463,11,2017,5,3,9,3,4,6,1,0,0,0,0,0,0,1,8.91012723600005,53.09309649700003
464,12,2017,5,2,14,3,5,3,1,1,0,0,0,0,0,0,8.590782055000034,53.54066817700004
465,11,2017,5,2,15,2,5,3,1,1,0,0,0,0,0,0,8.661638584000059,53.16709569800008
466,11,2017,5,2,9,3,0,1,1,0,0,0,0,0,0,0,8.81096272600007,53.09251775100006
467,12,2017,5,1,13,3,0,1,1,0,0,0,0,0,0,0,8.590581342000064,53.53069562600007
468,11,2017,5,1,8,3,0,7,1,0,0,0,0,1,0,0,8.89075385800004,53.07144129400007
469,11,2017,5,1,12,2,5,3,1,0,0,0,0,0,0,0,8.816512614000032,53.070167224000045
470,11,2017,5,1,21,3,1,5,1,1,0,0,0,0,2,1,8.831784076000076,53.08600037200006
471,11,2017,5,1,18,3,0,1,1,0,0,0,0,0,1,1,8.806823178000059,53.089673583000035
472,11,2017,5,1,15,3,4,6,1,1,0,0,0,0,0,0,8.934548353000025,53.09215115000006
473,12,2017,5,7,12,3,3,2,1,1,0,0,0,0,0,0,8.594980512000063,53.57019442200004
474,11,2017,5,7,12,3,2,7,1,1,0,0,0,0,0,0,8.707971238000027,53.17642486300008
475,12,2017,5,6,12,3,5,3,1,1,0,0,0,0,0,1,8.591068948000043,53.54152254600007
476,11,2017,5,6,10,3,5,3,1,1,0,0,0,0,0,1,8.858541772000024,53.11028585400004
477,11,2017,5,6,11,2,0,1,1,0,0,0,0,0,0,0,8.901627443000052,53.125264438000045
478,12,2017,5,5,17,3,3,6,1,0,0,0,0,1,0,0,8.563983392000068,53.58907779000003
479,11,2017,5,5,6,3,4,6,1,0,0,0,0,0,0,0,8.713813870000024,53.14174356400008
480,11,2017,5,5,13,3,4,2,1,0,0,0,0,0,0,0,8.913178822000077,53.119445581000036
481,11,2017,5,5,17,3,5,2,1,1,0,0,0,0,0,0,8.854447710000045,53.08242681200005
482,12,2017,5,4,13,3,8,1,1,0,0,0,0,0,0,0,8.597850356000038,53.58347345000004
483,11,2017,5,4,19,3,5,2,1,1,0,0,0,0,0,0,8.80559661600006,53.09086403200007
484,11,2017,5,4,13,2,0,7,1,0,0,0,0,0,0,0,8.589438366000024,53.183151664000036
485,11,2017,7,1,11,2,1,7,1,1,0,0,0,0,0,0,8.94830401400003,53.065982441000074
486,11,2017,7,1,11,3,1,5,1,1,0,0,0,0,0,0,8.848321344000055,53.08886191800008
487,12,2017,7,6,12,3,5,3,1,1,0,0,0,0,0,0,8.589107642000045,53.53323868600006
488,11,2017,7,6,8,3,0,1,1,0,0,0,0,0,0,0,8.901981801000034,53.073389794000036
489,11,2017,7,6,17,3,5,3,1,1,0,0,0,0,0,0,8.944626541000048,53.06587919700007
490,11,2017,7,5,16,3,5,3,1,1,0,0,0,0,0,0,8.866429261000064,53.103693400000054
491,11,2017,7,5,15,3,5,3,1,1,0,0,0,0,0,0,8.890795678000075,53.05721156000004
492,11,2017,7,4,16,3,4,6,1,0,0,0,0,0,0,0,8.805605248000063,53.08118198200003
493,11,2017,7,4,17,3,6,4,1,0,1,0,0,0,0,0,8.834579766000047,53.03924500000005
494,11,2017,7,4,16,2,5,3,1,1,0,0,0,0,0,0,8.882049123000058,53.079097525000066
495,11,2017,7,4,15,2,3,7,1,0,0,0,0,0,0,0,8.863270864000071,53.09921148400008
496,11,2017,7,3,17,3,5,2,1,1,0,0,0,0,0,1,8.796330104000049,53.08263080100005
497,11,2017,7,3,9,3,1,5,1,1,0,0,0,0,0,1,8.902812706000077,53.048698985000044
498,11,2017,7,2,15,3,0,7,1,1,0,0,0,0,0,0,8.857509287000028,53.066607445000045
499,11,2017,7,2,12,3,5,2,1,1,0,0,0,0,0,0,8.788585241000021,53.10332719200005
500,11,2017,7,2,20,2,5,3,1,1,0,0,0,0,2,1,8.892866157000071,53.082440260000055
501,11,2017,7,1,0,3,5,3,1,1,0,0,0,0,2,1,8.626954175000037,53.16976134600003
502,11,2017,7,7,11,3,6,4,1,0,1,0,0,0,0,1,8.805609779000065,53.081183905000046
503,11,2017,7,7,23,3,4,6,1,0,0,0,0,0,2,0,8.82638158900005,53.07868954400004
504,11,2017,7,7,7,3,5,2,1,1,0,0,0,0,0,0,8.761148667000043,53.12132059700008
505,11,2017,7,6,13,3,0,7,1,1,0,0,0,0,0,0,8.814976632000025,53.07971943100006
506,11,2017,7,6,14,3,0,7,1,0,0,0,0,0,0,0,8.773866562000023,53.09994587700004
507,11,2017,7,6,14,3,0,7,1,0,0,0,0,0,0,0,8.772862022000027,53.100613828000064
508,11,2017,7,6,19,2,2,6,1,0,0,0,0,0,0,0,8.812361476000035,53.07131372400005
509,11,2017,7,6,14,3,5,3,1,1,0,0,0,0,0,0,8.838127454000073,53.08218308800008
510,11,2017,7,5,13,3,0,7,1,0,0,0,0,0,0,0,8.823660539000059,53.07300971800004
511,11,2017,7,5,18,3,5,3,1,0,0,0,0,0,0,0,8.766590149000024,53.115342455000075
512,11,2017,7,5,8,3,5,3,1,1,0,0,0,0,0,0,8.730855796000071,53.09162355600006
513,11,2017,7,4,12,3,4,7,1,1,0,0,0,0,0,0,8.742624785000032,53.13026649200003
514,11,2017,7,4,13,3,6,4,1,0,1,0,0,0,0,0,8.62817430900003,53.18655753000007
515,11,2017,7,4,22,2,0,7,1,0,0,0,0,0,2,1,8.870859108000047,53.09136806200007
516,11,2017,7,4,6,3,5,2,1,1,0,0,0,0,0,0,8.92338628400006,53.059346994000066
517,11,2017,7,3,21,3,5,3,1,1,0,0,0,0,0,0,8.93241432000002,53.06418448000005
518,11,2017,7,3,15,3,5,3,1,1,0,0,0,0,0,0,8.811416290000068,53.08033371200003
519,11,2017,7,3,15,3,4,2,1,1,0,0,0,0,0,0,8.728643224000052,53.03887633200003
520,11,2017,7,3,6,3,0,1,1,0,0,0,0,0,0,0,8.831281836000073,53.085875058000056
521,11,2017,7,3,17,2,5,3,1,0,0,0,0,1,0,0,8.901173154000048,53.07886855400005
522,11,2017,7,2,10,3,5,2,1,1,0,0,0,0,0,0,8.862872324000023,53.07147351700007
523,11,2017,7,2,11,3,5,2,1,1,0,0,0,0,0,0,8.62618248800004,53.18384330600003
524,11,2017,7,2,18,3,1,5,1,1,0,0,0,0,0,0,8.802843265000035,53.06720932400003
525,11,2017,7,1,15,3,0,1,1,0,0,0,0,0,0,1,8.819872616000055,53.08080334200008
526,11,2017,7,7,10,3,0,1,1,0,0,0,0,0,0,0,8.898488747000044,53.13467503900006
527,12,2017,7,6,16,3,5,3,1,1,0,0,0,0,0,0,8.59283418800004,53.55857159700008
528,11,2017,7,6,14,3,0,7,1,0,0,0,0,0,0,0,8.978498029000036,53.13074098700008
529,11,2017,7,6,16,3,5,3,1,1,0,0,0,0,0,0,8.948427912000056,53.05803543900004
530,11,2017,7,6,16,3,5,3,1,0,0,0,0,1,0,0,8.698987472000056,53.09259441900008
531,11,2017,7,6,15,3,1,5,1,1,0,0,0,0,0,0,8.831992072000048,53.07105786900007
532,11,2017,7,6,15,3,5,3,1,1,0,0,0,0,0,0,8.711037673000021,53.148331590000055
533,11,2017,7,6,11,3,0,7,1,0,0,0,0,1,0,0,8.947109173000058,53.05281468600003
534,11,2017,7,6,15,3,5,3,1,1,0,0,0,0,0,0,8.74880749700003,53.12488157400003
535,11,2017,7,6,5,2,5,2,1,1,0,0,0,0,0,0,8.86996748200005,53.06186273800006
536,11,2017,7,5,15,3,5,7,1,0,0,0,0,1,0,0,8.78079503400005,53.05798939500005
537,11,2017,7,5,8,3,3,2,1,1,0,0,0,0,0,0,8.81694368500007,53.07855047000004
538,11,2017,7,5,14,3,2,6,1,0,0,0,0,0,0,0,8.79662490800007,53.08922580500007
539,11,2017,7,4,9,3,5,3,1,1,0,0,0,0,0,1,8.787011169000039,53.08292397800005
540,11,2017,7,4,11,3,5,2,1,0,0,0,0,1,0,1,8.785411562000036,53.08867701300005
541,11,2017,7,4,19,3,1,7,1,1,0,0,0,0,0,0,8.845574673000044,53.08652368300005
542,11,2017,7,4,15,3,5,2,1,1,0,0,0,0,0,1,8.878419200000053,53.07906566400004
543,12,2017,7,3,14,3,2,6,1,1,0,0,0,0,0,0,8.579687109000076,53.54533468600005
544,12,2017,7,2,9,2,0,7,1,0,0,0,0,0,0,0,8.554787820000058,53.57853246600007
545,11,2017,7,2,17,3,0,5,1,1,0,0,0,0,0,1,8.892466873000046,53.083053877000054
546,11,2017,7,2,18,3,0,5,1,1,0,0,0,0,0,0,8.823328631000038,53.03135454800008
547,11,2017,7,2,15,3,5,2,1,1,0,0,0,0,0,0,8.811211540000045,53.08012273000003
548,11,2017,7,2,16,3,4,2,1,1,0,0,0,0,0,0,8.814028584000027,53.10041614800008
549,11,2017,7,2,0,3,3,6,1,1,0,0,0,0,2,0,8.830829719000064,53.07439386500005
550,11,2017,7,1,11,3,5,2,1,1,0,0,0,0,0,0,8.835523330000058,53.03532964400006
551,11,2017,7,1,14,2,1,7,1,1,0,0,0,0,0,0,8.638887117000024,53.18166230600008
552,11,2017,7,7,22,3,4,6,1,0,0,0,0,0,2,0,8.851930723000066,53.05582565900005
553,11,2017,7,7,0,3,6,4,1,0,1,0,0,0,2,0,8.808233047000044,53.07450224400003
554,11,2017,7,7,0,3,0,1,1,0,0,0,0,0,2,0,8.843701097000064,53.06686279100006
555,12,2017,7,6,9,3,5,3,1,1,0,0,0,0,0,0,8.536987300000021,53.60522221700006
556,12,2017,7,6,16,3,6,1,1,0,1,0,0,0,0,0,8.543209622000063,53.58698108300007
557,11,2017,7,6,16,3,5,2,1,1,0,0,0,0,0,0,8.896288665000043,53.08241977700004
558,11,2017,7,6,8,3,0,7,1,0,0,0,0,0,0,0,8.75280616300006,53.121392273000026
559,11,2017,7,5,17,3,6,4,1,0,1,0,0,0,0,0,8.851933236000036,53.05830977900007
560,11,2017,7,5,8,3,3,6,1,0,0,0,0,0,0,0,8.826258078000023,53.07931954700007
561,11,2017,7,5,23,3,4,6,1,0,0,0,0,0,2,0,8.824674853000033,53.08459472000004
562,11,2017,7,4,13,3,0,1,1,0,0,0,0,0,0,0,8.819186352000031,53.07254097100008
563,11,2017,7,4,14,3,4,2,1,1,0,0,0,0,0,0,8.784345037000037,53.09638861800005
564,11,2017,7,4,15,3,4,6,1,1,0,0,0,0,0,0,8.801389989000029,53.09064609300003
565,11,2017,7,4,16,3,0,3,1,0,0,0,0,1,0,0,8.893974228000047,53.05453551900007
566,11,2017,7,4,19,3,3,6,1,0,0,0,0,0,0,0,8.843399856000076,53.072170619000076
567,11,2017,7,4,7,3,5,3,1,1,0,0,0,0,0,1,8.876445283000066,53.09119565700007
568,11,2017,7,4,9,3,5,3,1,1,0,0,0,0,0,0,8.872445167000024,53.06312661100003
569,11,2017,7,4,11,2,1,7,1,1,0,0,0,0,0,0,8.847234582000056,53.03301790800003
570,11,2017,7,3,19,3,4,6,1,1,0,0,0,0,0,0,8.794717933000072,53.05526003600005
571,11,2017,7,3,9,3,5,2,1,0,0,0,0,1,0,0,8.88615148100007,53.078957176000074
572,12,2017,7,2,5,3,5,2,1,1,0,0,0,0,0,0,8.611905444000058,53.58760175500004
573,11,2017,7,2,14,3,1,5,1,0,0,0,0,0,0,0,8.814603798000064,53.081313556000055
574,11,2017,7,2,18,3,1,5,1,1,0,0,0,0,0,0,8.823338008000064,53.07255263600007
575,11,2017,7,2,20,3,5,3,1,1,0,0,0,0,0,0,8.799132563000057,53.06944918000005
576,11,2017,7,2,13,2,5,3,1,1,0,0,0,0,0,0,8.776849441000024,53.05345943400005
577,11,2017,7,2,13,3,1,5,1,1,0,0,0,0,0,0,8.801427884000077,53.06808243000006
578,11,2017,7,2,17,3,5,3,1,1,0,0,0,0,0,0,8.941745574000038,53.03812270200007
579,12,2017,7,1,17,3,5,3,1,1,0,0,0,0,0,0,8.598159088000045,53.57017188600008
580,11,2017,7,7,22,3,0,7,1,1,0,0,0,0,1,0,8.893112964000068,53.060377850000066
581,12,2017,6,6,11,3,5,3,1,1,0,0,0,0,0,1,8.586300143000074,53.51694084800005
582,11,2017,6,6,14,3,5,3,1,1,0,0,0,0,0,1,8.757214786000077,53.07926169800004
583,11,2017,6,5,20,3,0,7,1,1,0,0,0,0,1,1,8.853833131000044,53.08241719500006
584,11,2017,6,5,20,3,0,7,1,0,0,0,0,0,1,1,8.739204629000028,53.11728623100004
585,11,2017,6,4,13,2,5,3,1,0,0,0,0,0,0,1,8.737325292000037,53.04611675900003
586,11,2017,6,4,8,3,1,5,1,1,0,0,0,0,0,0,8.643937626000024,53.164881156000035
587,12,2017,6,3,13,3,5,2,1,0,0,0,0,1,0,0,8.543055089000063,53.58716515900005
588,11,2017,6,3,9,3,5,3,1,1,0,0,0,0,0,0,8.799833094000064,53.07045985000008
589,11,2017,6,3,13,3,1,7,1,1,0,0,0,0,0,0,8.900970460000053,53.05929251100008
590,11,2017,6,3,14,3,3,6,1,1,0,0,0,0,0,0,8.850451293000049,53.070915385000035
591,11,2017,7,2,15,3,5,3,1,1,0,0,0,0,0,0,8.854811064000046,53.06770681900008
592,11,2017,6,2,23,3,0,7,1,0,0,0,0,0,2,0,8.820226804000072,53.07517648600003
593,11,2017,8,4,18,3,5,2,1,1,0,0,0,0,0,0,8.560674869000025,53.19638775000004
594,11,2017,6,2,16,3,5,3,1,1,0,0,0,0,0,0,8.883634867000069,53.04841123700004
595,11,2017,6,1,17,3,0,7,1,0,0,0,0,0,0,1,8.827179115000035,53.08644663200005