,UKREIS,UJAHR,UMONAT,UWOCHENTAG,USTUNDE,UKATEGORIE,UART,UTYP1,IstRad,IstPKW,IstFuss,IstKrad,IstGkfz,IstSonstig,ULICHTVERH,STRZUSTAND,longitude,latitude
596,11,2017,6,1,18,3,5,3,1,1,0,0,0,0,0,1,8.784766919000049,53.07146380200004
597,11,2017,6,1,15,2,8,1,1,0,0,0,0,0,0,0,8.633492708000063,53.16580441100007
598,12,2017,6,7,16,3,6,3,1,0,1,0,0,0,0,1,8.61399448700007,53.59781116700003
599,11,2017,6,7,12,2,2,7,1,1,0,0,0,0,0,1,8.819854219000035,53.04904220900005
600,11,2017,6,7,18,3,0,3,1,0,0,0,0,0,0,0,8.788369554000042,53.07048125800003
601,12,2017,6,6,17,3,6,7,1,0,1,0,0,0,0,0,8.630574567000053,53.592825350000055
602,11,2017,8,4,20,2,0,7,1,0,0,0,0,0,1,0,8.612077627000076,53.17841150500004
603,11,2017,8,4,18,3,1,5,1,1,0,0,0,0,0,0,8.754952611000022,53.11305616100003
604,11,2017,6,6,16,3,5,3,1,1,0,0,0,0,0,0,8.837798245000045,53.08510427700003
605,11,2017,8,4,1,3,5,3,1,1,0,0,0,0,2,0,8.89327628500007,53.047110916000065
606,11,2017,6,6,12,3,5,3,1,1,0,0,0,0,0,0,8.805996726000046,53.092447898000046
607,11,2017,6,6,23,3,1,5,1,0,0,0,0,1,2,1,8.82972503800005,53.07789401100007
608,11,2017,6,6,12,3,5,3,1,1,0,0,0,0,0,1,8.81876749600002,53.05314735400003
609,11,2017,6,5,20,3,5,3,1,1,0,0,0,0,0,1,8.854075665000039,53.082551686000045
610,11,2017,6,5,13,3,5,2,1,1,0,0,0,0,0,0,8.833708673000046,53.071047098000065
611,11,2017,6,4,18,3,0,1,1,0,0,0,0,0,0,0,8.851252240000065,53.08542794600004
612,11,2017,6,4,11,3,5,3,1,1,0,0,0,0,0,0,8.893153103000031,53.082222313000045
613,11,2017,6,4,9,3,5,3,1,1,0,0,0,0,0,0,8.832020405000037,53.068648179000036
614,11,2017,8,4,16,2,1,5,1,1,0,0,0,0,0,0,8.791857847000074,53.06843290900008
615,12,2017,8,3,10,3,0,7,1,1,0,0,0,0,0,0,8.586697872000059,53.53798153100007
616,11,2017,6,4,10,3,5,3,1,1,0,0,0,0,0,0,8.806329073000029,53.07344152700006
617,11,2017,6,4,15,3,5,2,1,1,0,0,0,0,0,0,8.78985592500004,53.07150000000007
618,11,2017,6,4,8,2,5,2,1,0,0,0,0,1,0,0,8.841016909000075,53.085645999000064
619,12,2017,8,3,12,3,3,6,1,1,0,0,0,0,0,0,8.597955257000024,53.583315191000054
620,11,2017,6,4,17,3,0,7,1,1,0,0,0,0,0,0,8.811678209000036,53.09155089800004
621,12,2017,8,3,12,3,5,2,1,1,0,0,0,0,0,0,8.597907856000063,53.53342390100005
622,11,2017,6,3,11,3,5,7,1,1,0,0,0,0,0,0,8.858281306000038,53.10285351400006
623,11,2017,6,3,11,3,5,2,1,1,0,0,0,0,0,0,8.85409271900005,53.06865189800004
624,11,2017,6,3,16,3,5,3,1,1,0,0,0,0,0,0,8.761925560000066,53.12190184200006
625,11,2017,6,3,11,3,1,5,1,1,0,0,0,0,0,0,8.807111356000064,53.064650990000075
626,11,2017,6,3,17,2,6,4,1,0,1,0,0,0,0,0,8.792391595000026,53.099344220000035
627,11,2017,6,3,18,2,5,3,1,1,0,0,0,0,0,0,8.854832697000063,53.07647939600008
628,12,2017,6,2,19,3,0,7,1,0,0,0,0,0,0,0,8.596396231000028,53.52779304100005
629,11,2017,6,2,10,3,5,3,1,1,0,0,0,0,0,0,8.88486012900006,53.05520961800005
630,11,2017,6,2,19,3,5,2,1,1,0,0,0,0,0,0,8.72669161600004,53.04509869100008
631,12,2017,6,1,12,3,3,2,1,0,0,1,0,0,0,0,8.60394358800005,53.58430028200007
632,12,2017,6,1,21,3,5,2,1,1,0,0,0,0,0,0,8.591409442000042,53.58138537600007
633,11,2017,6,1,14,3,0,1,1,0,0,0,0,0,0,0,8.816674267000053,53.07013318200006
634,11,2017,6,1,16,3,0,7,1,0,0,0,0,0,0,0,8.773715973000037,53.09734655200003
635,11,2017,6,1,15,3,1,5,1,1,0,0,0,0,0,0,8.809610933000044,53.079347846000076
636,11,2017,6,7,9,3,4,3,1,1,0,0,0,0,0,0,8.804225778000045,53.07235078900004
637,11,2017,6,7,16,3,2,7,1,1,0,0,0,0,0,0,8.786515980000047,53.10068937500006
638,11,2017,6,7,18,3,1,5,1,1,0,0,0,0,0,0,8.82325421400003,53.072809446000065
639,11,2017,8,3,18,3,0,1,1,0,0,0,0,0,0,1,8.914352496000049,53.07507523500004
640,12,2017,6,6,12,3,5,3,1,1,0,0,0,0,0,0,8.588350107000053,53.53991959700005
641,12,2017,6,6,11,3,5,3,1,0,0,0,0,1,0,0,8.590032509000025,53.52546070600005
642,11,2017,6,6,16,3,0,7,1,0,0,0,0,0,0,0,8.809950078000043,53.079531727000074
643,11,2017,6,6,8,2,5,3,1,1,0,0,0,0,0,0,8.812988511000071,53.09013562600006
644,11,2017,6,6,12,3,2,5,1,1,0,0,0,0,0,0,8.82382111100003,53.07929643400007
645,12,2017,6,5,15,3,5,3,1,1,0,0,0,0,0,0,8.593446485000072,53.570110939000074
646,12,2017,6,5,7,3,3,2,1,1,0,0,0,0,0,0,8.593173617000048,53.57363676400007
647,12,2017,6,5,15,3,4,6,1,0,0,0,0,0,0,0,8.600029196000037,53.573382464000076
648,11,2017,6,5,19,3,5,2,1,1,0,0,0,0,0,1,8.83374882000004,53.08186703000007
649,11,2017,6,5,12,3,5,3,1,1,0,0,0,0,0,0,8.891885754000043,53.113182108000046
650,11,2017,8,3,17,3,5,3,1,1,0,0,0,0,0,0,8.730054492000022,53.05599908100004
651,11,2017,8,3,14,3,5,3,1,1,0,0,0,0,0,0,8.785059796000041,53.102316691000055
652,12,2017,6,4,18,3,5,3,1,1,0,0,0,0,0,0,8.601544525000065,53.50608688400007
653,11,2017,6,4,8,3,1,5,1,1,0,0,0,0,0,0,8.928846031000035,53.061116223000056
654,11,2017,6,4,19,3,5,3,1,1,0,0,0,0,0,0,8.626987000000042,53.169743905000075
655,11,2017,8,3,16,3,5,3,1,1,0,0,0,0,0,0,8.883403804000068,53.056877514000064
656,11,2017,6,4,9,3,5,3,1,1,0,0,0,0,0,0,8.89702188800004,53.11839577300003
657,11,2017,6,4,11,3,5,3,1,1,0,0,0,0,0,0,8.81970632100007,53.07261011500003
658,11,2017,6,4,16,3,3,6,1,1,0,0,0,0,0,0,8.811743422000063,53.09852751100004
659,11,2017,6,4,7,3,0,7,1,0,0,0,0,0,0,0,8.843990070000075,53.06880272600006
660,12,2017,7,2,13,3,5,3,1,1,0,0,0,0,0,0,8.591397753000024,53.54298699100008
661,11,2017,7,2,21,3,1,7,1,1,0,0,0,0,2,0,8.843401720000031,53.09186765100003
662,11,2017,9,5,16,3,5,3,1,1,0,0,0,0,0,1,8.851101368000059,53.085204109000074
663,11,2017,9,5,11,3,5,2,1,1,0,0,0,0,0,0,8.85659277600007,53.071372491000034
664,11,2017,9,5,15,2,0,7,1,0,0,0,0,0,0,1,8.821663715000057,53.07279693500004
665,11,2017,9,5,13,3,5,2,1,1,0,0,0,0,0,1,8.76356286600003,53.10897995000005
666,11,2017,9,5,15,3,5,3,1,1,0,0,0,0,0,1,8.87814116800007,53.07941678000003
667,11,2017,9,4,5,3,5,2,1,1,0,0,0,0,2,1,8.915991205000068,53.071200935000036
668,12,2017,8,4,9,3,5,3,1,1,0,0,0,0,0,0,8.591407058000073,53.54310534900003
669,11,2017,9,4,18,3,5,3,1,1,0,0,0,0,1,1,8.763791296000022,53.10631546400003
670,11,2017,9,4,6,2,5,3,1,1,0,0,0,0,1,1,8.81237634200005,53.080870986000036
671,11,2017,8,4,13,3,5,3,1,1,0,0,0,0,0,0,8.81611900200005,53.08000963400008
672,11,2017,9,4,17,2,5,3,1,1,0,0,0,0,0,1,8.878136882000035,53.07942131000004
673,12,2017,9,3,5,3,1,5,1,0,0,0,0,1,2,0,8.606049086000041,53.58912309500005
674,11,2017,9,3,6,3,1,5,1,1,0,0,0,0,0,0,8.839991745000077,53.032437204000075
675,11,2017,9,3,11,3,5,3,1,0,0,1,0,0,0,0,8.738469809000037,53.04725099500007
676,11,2017,9,3,8,3,5,2,1,1,0,0,0,0,0,1,8.92766496300004,53.07267262200003
677,11,2017,9,3,15,3,0,1,1,0,0,0,0,0,0,0,8.787075982000033,53.05627446700004
678,11,2017,9,2,13,3,0,1,1,0,0,0,0,0,0,0,8.827248433000022,53.072691880000036
679,11,2017,9,2,13,3,5,3,1,1,0,0,0,0,0,0,8.825779841000042,53.03574428300004
680,12,2017,9,1,14,3,0,1,1,0,0,0,0,0,0,0,8.55104467600006,53.579866106000054
681,11,2017,9,1,0,3,1,7,1,1,0,0,0,0,2,0,8.789486401000033,53.071246838000036
682,11,2017,9,7,19,3,1,7,1,1,0,0,0,0,1,1,8.657503848000033,53.173678790000054
683,11,2017,9,7,12,3,0,5,1,1,0,0,0,0,0,0,8.762169855000025,53.088419653000074
684,11,2017,9,6,18,2,0,7,1,0,0,0,0,0,1,1,8.820564683000043,53.072684163000076
685,11,2017,9,6,13,3,5,3,1,1,0,0,0,0,0,1,8.813083638000023,53.05844852600006
686,11,2017,8,4,15,3,3,6,1,1,0,0,0,0,0,0,8.801611453000021,53.06796860400004
687,11,2017,8,4,16,3,5,3,1,1,0,0,0,0,0,0,8.899783339000066,53.097459265000055
688,11,2017,9,6,16,2,0,1,1,0,0,0,0,0,0,1,8.790233192000073,53.094692516000066
689,11,2017,8,4,18,2,5,2,1,1,0,0,0,0,0,0,8.786732533000077,53.074394701000074
690,11,2017,9,6,14,3,1,5,1,1,0,0,0,0,0,1,8.933290993000071,53.06663144600003
691,11,2017,8,4,15,3,7,1,1,0,0,0,0,0,0,0,8.827249805000065,53.07269140400007
692,12,2017,8,3,7,3,5,2,1,1,0,0,0,0,0,0,8.617930191000028,53.59351872800005
693,11,2017,9,6,14,3,5,2,1,1,0,0,0,0,0,1,8.825010956000028,53.08418363800007
694,11,2017,9,5,9,3,6,6,1,0,1,0,0,0,0,0,8.84372660400004,53.07207296800004
695,11,2017,9,5,18,3,5,2,1,1,0,0,0,0,0,0,8.82443999800006,53.08451838600007
696,11,2017,8,3,13,3,0,2,1,1,0,0,0,0,0,0,8.755269744000032,53.12767216000003
697,11,2017,9,4,7,3,0,6,1,1,0,0,0,0,0,1,8.85186948300003,53.088654305000034
698,11,2017,9,4,10,3,5,3,1,1,0,0,0,0,0,0,8.949854106000032,53.03535187700004
699,11,2017,9,4,15,3,8,1,1,0,0,0,0,0,0,0,8.820170181000037,53.04585356500007
700,11,2017,9,4,9,3,0,1,1,0,0,0,0,0,0,1,8.789342927000064,53.09432027300005
701,11,2017,9,4,12,3,5,3,1,0,0,1,0,0,0,1,8.572712359000036,53.18607568900006
702,11,2017,9,4,11,3,5,3,1,1,0,0,0,0,0,1,8.629980369000066,53.18898302200006
703,11,2017,9,4,5,3,5,3,1,1,0,0,0,0,2,1,8.857373868000025,53.088962138000056
704,11,2017,8,3,16,3,5,2,1,1,0,0,0,0,0,1,8.784693989000061,53.090175497000075
705,11,2017,8,3,7,2,5,2,1,0,0,0,0,1,0,0,8.788161097000057,53.07647159600003
706,11,2017,9,5,13,2,3,2,1,1,0,0,0,0,0,0,8.870352590000039,53.09788361000005
707,11,2017,8,3,22,3,0,6,1,0,0,0,0,0,2,0,8.766168105000077,53.112352919000045
708,11,2017,8,3,9,3,5,3,1,1,0,0,0,0,0,0,8.89105468300005,53.071472017000076
709,11,2017,9,3,17,3,3,7,1,0,0,0,0,0,0,0,8.852858032000029,53.086498636000044
710,12,2017,9,2,15,3,0,7,1,0,0,0,0,0,0,0,8.59328255500003,53.51466142700008
711,12,2017,9,2,11,3,0,7,1,0,0,0,0,0,0,0,8.634869627000057,53.517119422000064
712,12,2017,9,2,3,3,0,7,1,0,0,0,0,0,2,0,8.580720644000053,53.56364152100008
713,11,2017,9,2,14,3,3,6,1,1,0,0,0,0,0,0,8.830090634000044,53.04126400200005
714,11,2017,9,2,8,3,1,5,1,1,0,0,0,0,0,0,8.621134563000055,53.176662097000076
715,11,2017,9,2,17,3,1,3,1,1,0,0,0,0,0,0,8.85905253900006,53.042635242000074
716,11,2017,8,3,18,3,4,7,1,1,0,0,0,0,0,1,8.828623307000043,53.074675495000065
717,12,2017,8,2,6,3,3,2,1,1,0,0,0,0,0,0,8.604768663000073,53.52334753900004
718,12,2017,8,2,11,3,5,2,1,1,0,0,0,0,0,0,8.572621149000042,53.55144101900004
719,11,2017,9,2,16,3,0,1,1,0,0,0,0,0,0,0,8.579707523000025,53.179128054000046
720,11,2017,9,2,19,3,5,3,1,1,0,0,0,0,0,0,8.854491961000065,53.088263390000066
721,11,2017,9,1,8,3,3,3,1,0,0,0,0,1,0,0,8.785662668000043,53.07107705700008
722,12,2017,8,2,7,3,5,3,1,0,0,0,0,1,0,0,8.58601322800007,53.564316758000075
723,11,2017,8,2,14,3,0,7,1,0,0,0,0,0,0,0,8.813583851000033,53.090390134000074
724,11,2017,9,1,12,3,5,3,1,0,0,0,0,0,0,0,8.854715465000027,53.08174629900003
725,11,2017,9,1,5,3,5,2,1,1,0,0,0,0,2,0,8.81362211100003,53.08546016300005
726,11,2017,9,1,13,3,7,7,1,0,1,0,0,0,0,0,8.623372749000055,53.16837086100003
727,11,2017,9,1,15,3,5,3,1,1,0,0,0,0,0,0,8.793706260000022,53.06637100700004
728,12,2017,9,7,13,3,5,3,1,1,0,0,0,0,0,0,8.590955661000066,53.541157627000075
729,12,2017,9,7,17,3,0,7,1,0,0,0,0,0,0,0,8.605356688000029,53.55037444200008
730,11,2017,9,7,8,3,5,2,1,1,0,0,0,0,0,0,8.741050604000066,53.048221288000036
731,11,2017,9,6,4,3,0,7,1,0,0,0,0,0,2,0,8.724685753000074,53.139160796000056
732,11,2017,9,6,7,3,5,3,1,1,0,0,0,0,0,0,8.555805496000062,53.185837254000035
733,11,2017,9,6,16,3,5,2,1,1,0,0,0,0,0,0,8.875519083000029,53.082105984000066
734,11,2017,9,6,13,3,5,3,1,1,0,0,0,0,0,0,8.804627097000036,53.09183930800003
735,11,2017,8,2,10,3,2,6,1,0,0,0,0,1,0,0,8.782741024000075,53.10946615000006
736,11,2017,8,2,8,3,5,2,1,1,0,0,0,0,0,0,8.801305864000028,53.079998483000054
737,11,2017,9,5,20,3,4,6,1,1,0,0,0,0,2,1,8.837578604000043,53.07743257700008
738,11,2017,9,6,7,3,5,2,1,1,0,0,0,0,0,0,8.624508972000058,53.17719453300003
739,12,2017,8,5,17,3,5,3,1,1,0,0,0,0,0,0,8.58040924100004,53.55553901700006
740,11,2017,8,5,7,3,5,2,1,1,0,0,0,0,0,0,8.836185966000073,53.07155082100007
741,11,2017,8,5,15,3,5,3,1,1,0,0,0,0,0,1,8.788927195000042,53.09413968300004
742,11,2017,8,5,12,3,5,3,1,1,0,0,0,0,0,0,8.788816746000066,53.06912940800004
743,11,2017,9,5,18,2,0,1,1,0,0,0,0,0,0,1,8.843991780000067,53.06880243100005
744,11,2017,8,5,16,3,4,1,1,1,0,0,0,0,0,1,8.571690139000054,53.19406487400005
745,12,2017,8,1,0,3,1,5,1,1,0,0,0,0,2,0,8.585669936000045,53.53657848700004
746,11,2017,8,4,18,3,5,3,1,1,0,0,0,0,0,0,8.835620066000047,53.073771796000074
747,11,2017,8,4,17,2,5,2,1,1,0,0,0,0,0,1,8.85247915900004,53.073582154000064
748,11,2017,8,4,11,3,0,7,1,0,0,0,0,0,0,0,8.844357013000035,53.07026321300003
749,11,2017,8,3,7,3,5,3,1,1,0,0,0,0,0,0,8.864821430000063,53.07086104000007
750,11,2017,8,3,20,3,0,2,1,1,0,0,0,0,0,0,8.794949978000034,53.06720795100006
751,11,2017,8,3,19,3,5,2,1,1,0,0,0,0,0,0,8.758163631000059,53.116485778000026
752,12,2017,8,1,15,3,6,7,1,0,1,0,0,0,0,0,8.585969584000054,53.56064473600003
753,12,2017,8,1,20,3,5,3,1,1,0,0,0,0,0,0,8.630758336000042,53.52871736700007
754,11,2017,8,1,11,3,2,6,1,1,0,0,0,0,0,0,8.902563581000038,53.12703502200003
755,11,2017,8,3,16,3,5,3,1,1,0,0,0,0,0,0,8.934958352000024,53.09029206200006
756,11,2017,8,3,7,3,5,3,1,1,0,0,0,0,0,0,8.844126833000075,53.07520128300007
757,12,2017,8,2,9,3,1,5,1,1,0,0,0,0,0,0,8.581235169000024,53.55175802700006
758,11,2017,8,2,13,3,3,6,1,1,0,0,0,0,0,0,8.894910055000025,53.055801548000034
759,11,2017,8,2,15,3,5,3,1,1,0,0,0,0,0,0,8.556193045000043,53.18510966200006
760,11,2017,8,2,21,3,0,1,1,0,0,0,0,0,2,0,8.831939894000072,53.07107444300004
761,11,2017,8,2,9,3,5,2,1,0,0,0,0,1,0,0,8.896867827000051,53.05905988600006
762,11,2017,8,2,19,3,5,3,1,1,0,0,0,0,0,0,8.880342584000061,53.08240471500005
763,11,2017,8,2,22,3,5,2,1,0,0,0,0,0,2,0,8.863844908000033,53.06278625200008
764,11,2017,8,2,17,2,5,3,1,1,0,0,0,0,0,0,8.849976785000024,53.094688105000046
765,11,2017,8,1,21,3,5,2,1,1,0,0,0,0,2,0,8.792526495000061,53.06563081400003
766,11,2017,8,1,16,3,0,7,1,0,0,0,0,0,0,0,8.760426973000051,53.048821168000075
767,12,2017,8,7,14,3,3,2,1,1,0,0,0,0,0,0,8.586296756000024,53.536955857000066
768,11,2017,8,7,15,3,0,1,1,0,0,0,0,0,0,0,8.829201281000053,53.07204228400008
769,11,2017,8,7,15,3,2,6,1,1,0,0,0,0,0,0,8.829504015000055,53.07456310200007
770,11,2017,8,7,23,3,0,7,1,0,0,0,0,0,2,0,8.634789304000037,53.170249754000054
771,11,2017,8,7,17,3,5,3,1,1,0,0,0,0,0,0,8.768632337000042,53.11267141800005
772,11,2017,8,7,15,3,0,2,1,1,0,0,0,0,0,0,8.936258876000068,53.05869625300005
773,11,2017,8,7,16,3,5,3,1,0,0,0,0,0,0,0,8.85771001300003,53.06658158600004
774,11,2017,8,7,10,3,4,6,1,0,0,0,0,0,0,0,8.820158469000035,53.07362489800005
775,12,2017,8,5,13,3,0,7,1,0,1,0,0,0,0,0,8.588352652000026,53.57531577600008
776,11,2017,8,5,9,2,5,3,1,1,0,0,0,0,0,0,8.738682114000028,53.04745283900007
777,11,2017,8,5,17,3,5,3,1,1,0,0,0,0,0,0,8.825044865000052,53.08420131200006
778,11,2017,8,5,22,3,3,2,1,1,0,0,0,0,2,0,8.80378982600007,53.08022482000007
779,11,2017,8,5,15,3,5,3,1,0,0,1,0,0,0,0,8.776733600000057,53.06342986200008
780,11,2017,8,5,12,3,5,3,1,1,0,0,0,0,0,0,8.769707500000038,53.082431015000054
781,11,2017,8,5,14,3,5,3,1,1,0,0,0,0,0,0,8.676565735000054,53.16945693900004
782,11,2017,8,5,15,3,4,6,1,0,0,0,0,0,0,0,8.572417233000067,53.195560561000036
783,11,2017,8,7,18,3,0,3,1,0,0,0,0,1,0,0,8.79503826000007,53.064293502000055
784,11,2017,8,4,10,3,5,3,1,1,0,0,0,0,0,0,8.904150483000024,53.10049610600004
785,11,2017,8,4,18,3,5,3,1,1,0,0,0,0,0,0,8.792867587000046,53.069079266000074
786,11,2017,8,4,8,3,1,1,1,1,0,0,0,0,0,1,8.843083357000069,53.08108927500007
787,11,2017,8,4,8,3,5,3,1,1,0,0,0,0,0,0,8.930853942000056,53.071968850000076
788,11,2017,8,4,7,3,5,3,1,1,0,0,0,0,0,1,8.740504204000047,53.05425311300007
789,11,2017,8,7,7,3,8,1,1,0,0,0,0,0,0,0,8.772015164000038,53.08181855600003
790,12,2017,8,3,22,3,5,2,1,0,0,0,0,1,2,0,8.597274235000043,53.53599213400008
791,11,2017,8,7,10,3,0,2,1,1,0,0,0,0,0,0,8.733824516000027,53.038401958000065
792,12,2017,8,3,16,3,0,7,1,0,0,0,0,0,0,0,8.593613825000034,53.55045631300004
793,12,2017,8,3,12,3,5,3,1,1,0,0,0,0,0,0,8.58617915900004,53.56151458000005
794,11,2017,8,3,16,3,6,4,1,0,1,0,0,0,0,0,8.76185545900006,53.11458294100004
795,11,2017,8,3,7,3,5,2,1,1,0,0,0,0,0,0,8.865958405000072,53.09755496200006
796,11,2017,8,3,18,3,0,7,1,1,0,0,0,0,0,0,8.625820155000042,53.17035517700003
797,11,2017,8,3,14,3,4,6,1,0,0,0,0,1,0,0,8.808768736000047,53.076252142000044
798,11,2017,8,3,16,2,3,6,1,0,0,0,0,0,0,0,8.776330608000023,53.103641448000076
799,11,2017,8,3,21,3,5,3,1,1,0,0,0,0,2,0,8.81479070100005,53.02967998100007
800,12,2017,8,6,15,3,5,3,1,1,0,0,0,0,0,0,8.569084928000052,53.55163052900008
801,11,2017,8,6,20,3,0,1,1,0,0,0,0,0,0,0,8.838704822000068,53.07467430500003
802,11,2017,8,6,18,2,5,2,1,1,0,0,0,0,0,0,8.628406745000063,53.168601410000065
803,12,2017,8,2,10,3,5,2,1,1,0,0,0,0,0,1,8.577463937000061,53.54846846700008
804,11,2017,8,2,16,3,6,7,1,0,1,0,0,0,0,0,8.625218396000037,53.17062580800007
805,11,2017,8,2,16,3,5,3,1,1,0,0,0,0,0,0,8.773544385000037,53.110760552000045
806,11,2017,8,2,12,3,5,3,1,1,0,0,0,0,0,0,8.835036763000062,53.08210596300006
807,11,2017,8,2,17,3,5,2,1,1,0,0,0,0,0,0,8.89868013000006,53.12732854500007
808,12,2017,8,7,15,3,0,1,1,0,0,0,0,0,0,0,8.59339101200004,53.55950629000006
809,11,2017,8,7,1,3,0,1,1,0,0,0,0,0,2,1,8.81230423200003,53.08069759800003
810,11,2017,8,7,13,3,0,7,1,0,0,0,0,0,0,1,8.612385354000025,53.17506462400007
811,11,2017,8,6,11,3,5,7,1,1,0,0,0,0,0,0,8.83349778400003,53.092057959000044
812,11,2017,8,7,4,3,0,1,1,0,0,0,0,0,2,0,8.791992383000036,53.08273490300007
813,12,2017,8,6,16,3,5,3,1,1,0,0,0,0,0,0,8.622156526000026,53.58983146400004
814,12,2017,8,6,13,3,3,6,1,0,0,0,0,0,0,0,8.597552233000044,53.568990271000075
815,11,2017,8,6,7,3,5,3,1,0,0,0,0,1,0,0,8.81061758800007,53.07183487900005
816,11,2017,8,6,17,3,5,3,1,1,0,0,0,0,0,0,8.802018549000024,53.07143400800004
817,12,2017,8,5,7,3,5,3,1,1,0,0,0,0,0,0,8.587923508000074,53.53314263100003
818,12,2017,8,5,14,3,1,6,1,0,0,0,0,1,0,1,8.59371586800006,53.56223676900004
819,11,2017,8,5,18,3,5,3,1,1,0,0,0,0,0,1,8.578208934000031,53.18162824400008
820,11,2017,8,6,10,3,0,7,1,0,0,0,0,0,0,0,8.689478043000065,53.17024819000005
821,11,2017,8,5,15,3,5,3,1,1,0,0,0,0,0,1,8.775512939000066,53.076828284000044
822,11,2017,8,4,17,3,1,7,1,1,0,0,0,0,0,0,8.795943370000032,53.067100528000026
823,12,2017,8,5,18,3,0,7,1,0,0,0,0,0,0,0,8.59760835000003,53.59165647300006
824,11,2017,8,4,19,3,5,3,1,1,0,0,0,0,0,0,8.86934569400006,53.098599844000034
825,11,2017,8,4,7,3,5,3,1,1,0,0,0,0,0,0,8.824961107000036,53.08457034200006
826,12,2017,8,3,19,3,3,2,1,1,0,0,0,0,0,1,8.546679831000063,53.58113491100005
827,11,2017,8,3,12,3,5,2,1,1,0,0,0,0,0,0,8.794069513000068,53.074335602000076
828,11,2017,8,3,13,3,0,3,1,1,0,0,0,0,0,0,8.778775304000021,53.10076364300005
829,11,2017,8,3,10,2,4,2,1,1,0,0,0,0,0,0,8.728739552000036,53.038881583000034
830,11,2017,8,3,22,3,0,7,1,0,0,0,0,1,2,1,8.787459633000026,53.05618652700008
831,11,2017,8,3,11,3,2,6,1,0,0,0,0,0,0,0,8.833785338000041,53.08647751400008
832,11,2017,8,3,8,3,5,3,1,0,0,0,0,1,0,0,8.853923609000049,53.104111113000044
833,12,2017,8,2,12,3,5,3,1,0,0,0,0,1,0,0,8.579601627000045,53.54870034900006
834,11,2017,8,2,11,3,1,5,1,1,0,0,0,0,0,0,8.884585471000037,53.05416182600004
835,11,2017,8,2,5,3,0,7,1,0,0,0,0,0,1,1,8.58384757500005,53.181702114000075
836,11,2017,8,2,18,3,5,3,1,1,0,0,0,0,0,0,8.795381130000067,53.07516312400003
837,11,2017,8,2,11,3,5,3,1,1,0,0,0,0,0,0,8.894596088000071,53.07945958300007
838,11,2017,8,2,8,3,3,6,1,0,0,0,0,1,0,0,8.85449828000003,53.08230330600003
839,11,2017,8,2,16,3,5,3,1,1,0,0,0,0,0,0,8.834590470000023,53.07225430300008
840,11,2017,8,2,7,3,2,6,1,0,0,0,0,0,0,0,8.841008301000045,53.04075874700004
841,11,2017,8,2,9,3,5,2,1,1,0,0,0,0,0,0,8.89926743600006,53.05918352100008
842,12,2017,8,5,7,3,3,6,1,1,0,0,0,0,0,1,8.586402892000024,53.53693134100007
843,11,2017,8,2,6,2,5,3,1,0,0,0,0,0,0,0,8.89257438900006,53.12927638700006
844,11,2017,8,2,17,3,4,6,1,0,0,0,0,1,0,0,8.907225438000069,53.12078639200007
845,12,2017,8,1,14,3,2,6,1,0,0,0,0,0,0,0,8.611967585000059,53.57071328900008
846,12,2017,8,1,17,3,5,3,1,1,0,0,0,0,0,0,8.592101998000032,53.57535435600005
847,11,2017,8,1,11,3,5,3,1,0,0,1,0,0,0,1,8.775905287000057,53.098581151000076
848,11,2017,8,1,16,3,5,3,1,1,0,0,0,0,0,0,8.947307942000066,53.03673961000004
849,11,2017,8,1,11,3,5,3,1,1,0,0,0,0,0,1,8.796776603000069,53.06697508500008
850,12,2017,8,7,14,3,1,5,1,1,0,0,0,0,0,1,8.608244289000027,53.52583752500004
851,11,2017,8,7,16,3,5,2,1,0,0,0,0,1,0,0,8.571494518000065,53.19106711000006
852,11,2017,8,7,13,3,0,7,1,0,0,0,0,1,0,1,8.81232908000004,53.07132377900007
853,11,2017,8,7,14,3,5,3,1,1,0,0,0,0,0,0,8.80412887500006,53.072607676000075
854,12,2017,8,6,15,3,0,7,1,0,0,0,0,1,0,1,8.610937980000074,53.50370703300007
855,12,2017,8,6,10,3,5,3,1,1,0,0,0,0,0,1,8.60607082000007,53.59355462100007
856,11,2017,8,5,8,3,5,3,1,1,0,0,0,0,0,0,8.803250824000031,53.07219198300004
857,12,2017,9,5,17,2,5,3,1,1,0,0,0,0,0,0,8.601768994000054,53.591566654000076
858,11,2017,8,6,18,3,5,3,1,1,0,0,0,0,0,0,8.832001977000061,53.07751783500004
859,11,2017,8,6,13,3,0,1,1,0,0,0,0,0,0,1,8.806232919000024,53.07963320400006
860,11,2017,8,5,8,3,1,7,1,1,0,0,0,0,0,0,8.886501529000043,53.12056465200004
861,11,2017,8,5,17,3,6,4,1,0,1,0,0,0,0,0,8.79727289300007,53.08642559700007