,UKREIS,UJAHR,UMONAT,UWOCHENTAG,USTUNDE,UKATEGORIE,UART,UTYP1,IstRad,IstPKW,IstFuss,IstKrad,IstGkfz,IstSonstig,ULICHTVERH,STRZUSTAND,longitude,latitude
862,11,2017,8,5,16,3,6,7,1,0,1,0,0,0,0,0,8.832025522000038,53.06864794300003
863,11,2017,8,5,8,3,0,7,1,1,0,0,0,0,0,0,8.902961574000074,53.09462087600008
864,11,2017,8,5,8,3,5,2,1,1,0,0,0,0,0,0,8.635989159000076,53.17128080600003
865,11,2017,8,4,12,2,1,5,1,1,0,0,0,0,0,0,8.787223777000065,53.070038596000074
866,11,2017,11,7,13,3,0,1,1,0,0,0,0,0,0,1,8.611348339000074,53.17525447200006
867,11,2017,11,7,10,3,5,2,1,1,0,0,0,0,0,0,8.791002654000067,53.091545100000076
868,11,2017,11,7,10,3,6,6,1,0,1,0,0,0,0,1,8.747888085000056,53.12571120500007
869,11,2017,9,2,5,2,5,3,1,1,0,0,0,0,2,1,8.64971276500006,53.17392370600004
870,11,2017,11,7,11,3,5,3,1,1,0,0,0,0,0,0,8.799741072000074,53.05494482900008
871,11,2017,11,2,13,3,5,3,1,1,0,0,0,0,0,0,8.858229747000053,53.10527071100006
872,12,2017,11,6,12,3,5,2,1,1,0,0,0,0,0,0,8.584749672000044,53.55685817900007
873,11,2017,11,3,7,3,7,7,1,0,0,0,0,1,0,0,8.791262506000066,53.06562804400005
874,11,2017,11,6,12,3,5,3,1,1,0,0,0,0,0,0,8.889116307000052,53.11034739400003
875,11,2017,11,4,18,3,5,3,1,1,0,0,0,0,2,1,8.793382290000068,53.08073991300006
876,11,2017,11,6,7,3,0,7,1,0,0,0,0,0,1,1,8.918137010000066,53.03888663600003
877,11,2017,11,6,7,3,1,5,1,1,0,0,0,0,0,1,8.86702149000007,53.070026846000076
878,12,2017,11,5,11,3,3,6,1,1,0,0,0,0,0,1,8.585877701000072,53.55919734300005
879,11,2017,11,5,13,3,5,3,1,1,0,0,0,0,0,0,8.883905034000065,53.07909507100004
880,11,2017,11,5,9,3,5,2,1,0,0,0,0,1,0,1,8.828742426000076,53.07808181200005
881,11,2017,11,5,8,3,5,3,1,1,0,0,0,0,0,1,8.836361588000045,53.07482980000003
882,11,2017,11,5,13,3,5,3,1,1,0,0,0,0,0,0,8.794607729000063,53.09161975400008
883,11,2017,11,5,15,3,0,7,1,1,0,0,0,0,0,0,8.76298772900003,53.11399247500003
884,11,2017,11,4,13,3,5,3,1,1,0,0,0,0,0,1,8.635645329000056,53.17911148400003
885,11,2017,11,4,9,3,2,7,1,1,0,0,0,0,0,1,8.818715086000054,53.08010164800004
886,11,2017,11,4,19,3,5,3,1,1,0,0,0,0,2,1,8.809785394000073,53.068821298000046
887,11,2017,11,4,13,3,5,2,1,0,0,0,0,1,0,1,8.833937418000062,53.07108788600004
888,11,2017,9,2,7,3,5,2,1,1,0,0,0,0,1,1,8.850564615000053,53.07111758900004
889,12,2017,9,1,13,3,5,2,1,1,0,0,0,0,0,0,8.614347001000056,53.53178528900003
890,11,2017,9,1,20,3,5,2,1,1,0,0,0,0,2,1,8.838182988000028,53.07889173600006
891,11,2017,11,4,7,3,0,7,1,1,0,0,0,0,1,1,8.871571782000046,53.08649186900004
892,11,2017,11,4,7,3,5,3,1,0,0,0,0,0,1,1,8.777123120000056,53.106605339000055
893,11,2017,9,1,13,2,0,7,1,0,0,0,0,0,0,0,8.799046905000068,53.090878589000056
894,11,2017,9,1,22,3,2,6,1,1,0,0,0,0,2,0,8.871441117000074,53.07667482900007
895,11,2017,11,4,21,3,5,2,1,1,0,0,0,0,2,0,8.875431873000025,53.08209483600007
896,11,2017,9,1,3,3,6,4,1,0,1,0,0,0,2,0,8.919272697000054,53.03822031800007
897,11,2017,11,4,8,3,5,3,1,1,0,0,0,0,0,1,8.786724843000059,53.074398243000076
898,11,2017,10,3,15,3,5,3,1,1,0,0,0,0,0,0,8.777876003000074,53.09508875500006
899,11,2017,10,3,13,2,0,1,1,0,0,0,0,0,0,0,8.882562561000043,53.063615739000056
900,11,2017,11,3,16,3,5,2,1,1,0,0,0,0,1,0,8.854489434000072,53.07066658100007
901,12,2017,10,2,11,3,6,6,1,0,1,0,0,0,0,0,8.57558638300003,53.54724705800004
902,11,2017,9,7,20,2,5,3,1,1,0,0,0,0,2,0,8.838002137000046,53.06787396200008
903,11,2017,11,5,18,3,5,2,1,1,0,0,0,0,2,0,8.80804218000003,53.05956987800005
904,11,2017,10,2,12,3,5,2,1,1,0,0,0,0,0,0,8.803200226000058,53.084672099000045
905,11,2017,11,6,22,3,5,3,1,1,0,0,0,0,2,1,8.961588103000054,53.066835311000034
906,11,2017,10,2,10,3,3,6,1,0,0,0,0,0,0,0,8.870799586000032,53.09848948500007
907,11,2017,10,2,14,3,5,3,1,1,0,0,0,0,0,1,8.919916644000068,53.07337609100006
908,11,2017,10,2,13,3,3,6,1,0,0,0,0,0,0,1,8.89572337200002,53.097137116000056
909,11,2017,10,1,11,2,6,7,1,0,1,0,0,0,0,1,8.816947983000034,53.06600634100005
910,11,2017,10,1,17,2,0,1,1,0,0,0,0,0,2,1,8.859433572000057,53.04680990300005
911,11,2017,10,7,17,3,5,2,1,1,0,0,0,0,1,1,8.796885168000074,53.094670740000026
912,11,2017,9,7,9,2,0,1,1,0,0,0,0,0,0,0,8.877204315000029,53.07480355000007
913,12,2017,10,6,16,3,5,3,1,1,0,0,0,0,0,1,8.610865581000041,53.52242193100005
914,11,2017,9,6,11,2,5,3,1,1,0,0,0,0,0,0,8.88260546500004,53.10081010700003
915,12,2017,10,6,12,3,5,3,1,1,0,0,0,0,0,0,8.599493467000059,53.50527958200007
916,11,2017,10,6,13,3,5,3,1,1,0,0,0,0,0,1,8.755534477000026,53.12476496200003
917,11,2017,10,6,7,2,5,3,1,0,0,0,0,1,0,1,8.782741205000036,53.08711509800003
918,11,2017,10,6,19,3,5,3,1,1,0,0,0,0,2,1,8.870986497000047,53.08748469600005
919,11,2017,10,6,7,3,5,3,1,1,0,0,0,0,0,1,8.823915157000044,53.03347179100007
920,11,2017,10,6,14,2,5,2,1,0,0,0,0,1,0,0,8.790396401000066,53.08624622500008
921,11,2017,10,5,12,3,6,1,1,0,1,0,0,0,0,0,8.848719389000053,53.071479330000045
922,11,2017,9,6,7,3,5,3,1,1,0,0,0,0,0,0,8.963291943000058,53.057947838000075
923,11,2017,10,5,12,3,7,7,1,0,0,0,0,1,0,0,8.809028205000061,53.060316052000076
924,11,2017,10,5,14,3,5,3,1,1,0,0,0,0,0,0,8.882032856000023,53.07909768500008
925,12,2017,10,4,13,3,5,3,1,1,0,0,0,0,0,1,8.589864454000065,53.53806164500003
926,12,2017,10,4,13,3,0,7,1,1,0,0,0,0,0,1,8.594961259000058,53.530907479000064
927,11,2017,9,5,11,3,6,4,1,0,1,0,0,0,0,0,8.837098682000033,53.08264786900003
928,11,2017,11,2,13,3,5,3,1,1,0,0,0,0,0,0,8.825295976000064,53.04356236800004
929,11,2017,10,4,16,3,0,7,1,0,0,0,0,0,0,1,8.80912186200004,53.09889474800008
930,11,2017,9,5,20,2,5,3,1,0,0,0,0,0,1,1,8.892655448000028,53.12924942400008
931,11,2017,10,4,20,2,3,2,1,1,0,0,0,0,2,1,8.882558320000044,53.10082629600004
932,11,2017,10,3,8,3,5,7,1,1,0,0,0,0,0,1,8.732556246000058,53.047804314000075
933,11,2017,10,3,7,3,5,3,1,1,0,0,0,0,1,1,8.565334250000035,53.19718192500005
934,11,2017,10,3,19,3,6,4,1,0,1,0,0,0,2,1,8.83687928300003,53.07695315900003
935,11,2017,10,3,20,3,5,2,1,1,0,0,0,0,2,1,8.847162035000053,53.08699371700004
936,11,2017,10,3,22,3,6,4,1,0,1,0,0,0,2,1,8.882084649000035,53.10314049600004
937,11,2017,10,3,13,3,2,6,1,0,0,0,0,0,0,1,8.796860735000053,53.08095422200006
938,11,2017,10,3,18,2,5,3,1,1,0,0,0,0,2,1,8.781096246000061,53.05509587600005
939,11,2017,10,3,21,3,5,3,1,1,0,0,0,0,2,1,8.82443855300005,53.08429737200004
940,12,2017,10,2,17,2,5,3,1,1,0,0,0,0,0,0,8.578244428000062,53.55562181300007
941,11,2017,9,5,16,3,5,2,1,1,0,0,0,0,0,0,8.887819320000062,53.03458108400008
942,12,2017,10,2,13,3,5,3,1,1,0,0,0,0,0,1,8.58836199500007,53.566508303000035
943,11,2017,11,1,14,3,5,3,1,1,0,0,0,0,0,0,8.820725946000039,53.06933642300004
944,11,2017,10,2,10,3,5,3,1,1,0,0,0,0,0,1,8.623830781000038,53.17600794100008
945,11,2017,11,6,15,3,0,6,1,0,0,0,0,0,0,1,8.803164110000068,53.08464382000005
946,11,2017,11,2,10,2,0,7,1,0,0,0,0,0,0,0,8.934545296000067,53.09030430000007
947,11,2017,10,2,15,3,5,2,1,0,0,0,0,0,0,1,8.816384808000066,53.097208548000026
948,11,2017,10,2,8,3,0,7,1,0,0,0,0,1,1,1,8.81543300900006,53.06230714700007
949,11,2017,10,2,17,3,3,6,1,1,0,0,0,0,0,1,8.803200249000042,53.08459834700005
950,11,2017,11,1,15,3,3,6,1,1,0,0,0,0,0,0,8.91458248300006,53.09418660300008
951,11,2017,10,7,20,3,0,1,1,0,0,0,0,0,2,1,8.851339394000036,53.07228103700004
952,11,2017,10,7,9,2,6,4,1,0,1,0,0,0,0,0,8.791992350000044,53.067329276000066
953,11,2017,10,7,15,3,0,7,1,0,0,0,0,1,0,1,8.873870005000072,53.06450410900004
954,12,2017,10,6,16,3,0,1,1,0,0,0,0,0,0,1,8.59199609500007,53.57615484000007
955,12,2017,10,6,15,3,5,3,1,1,0,0,0,0,0,1,8.584941818000061,53.56421832800004
956,11,2017,9,4,18,3,1,7,1,0,0,0,0,1,0,1,8.736905880000052,53.05176549000004
957,11,2017,10,6,13,3,8,1,1,1,0,0,0,0,0,1,8.84338398400007,53.06692268000006
958,11,2017,9,4,11,3,5,7,1,0,0,0,0,1,0,0,8.736276841000063,53.04133106900008
959,11,2017,10,6,17,3,3,2,1,1,0,0,0,0,0,0,8.76422351900004,53.11321687100008
960,11,2017,10,6,7,3,4,6,1,0,0,0,0,0,1,1,8.902300452000077,53.082139760000075
961,11,2017,10,5,20,3,5,3,1,1,0,0,0,0,2,0,8.825099098000067,53.08423996700003
962,11,2017,10,5,18,3,5,3,1,1,0,0,0,0,0,0,8.832167080000033,53.040308365000044
963,11,2017,10,5,13,3,4,7,1,0,0,0,0,0,0,0,8.807958813000027,53.08784777400007
964,11,2017,10,5,17,3,5,2,1,1,0,0,0,0,0,0,8.786792711000032,53.07448855500007
965,12,2017,10,4,15,3,5,2,1,1,0,0,0,0,0,0,8.62747295400004,53.52801609000005
966,12,2017,10,4,11,3,5,3,1,1,0,0,0,0,0,0,8.595147913000062,53.56562305400007
967,11,2017,9,3,17,3,5,3,1,1,0,0,0,0,0,1,8.810987969000053,53.061259989000064
968,11,2017,10,4,18,3,5,2,1,1,0,0,0,0,1,0,8.76150721700003,53.12159936100005
969,11,2017,9,3,7,3,4,6,1,0,0,0,0,0,1,1,8.784400964000042,53.07545615300006
970,11,2017,9,3,7,3,4,2,1,1,0,0,0,0,0,0,8.803969261000077,53.103457166000055
971,11,2017,9,3,19,3,5,3,1,1,0,0,0,0,2,0,8.794901883000023,53.09393821000003
972,11,2017,10,4,7,3,5,3,1,1,0,0,0,0,0,0,8.786586678000049,53.08795065400005
973,11,2017,10,3,17,2,0,7,1,0,0,0,0,0,0,0,8.832083491000049,53.071031067000035
974,11,2017,10,3,8,3,5,3,1,1,0,0,0,0,1,0,8.789575496000054,53.054726223000046
975,11,2017,10,3,16,3,5,3,1,1,0,0,0,0,0,0,8.864261938000027,53.06270569800006
976,11,2017,10,2,15,3,1,5,1,1,0,0,0,0,0,0,8.803520929000058,53.06679617300006
977,11,2017,10,2,18,3,0,7,1,0,0,0,0,0,1,1,8.889999075000048,53.108908788000065
978,11,2017,10,2,11,3,5,3,1,1,0,0,0,0,0,0,8.820427840000036,53.03799286900005
979,11,2017,10,2,18,3,5,3,1,1,0,0,0,0,1,0,8.870748523000032,53.09590693600006
980,11,2017,10,2,13,3,5,2,1,1,0,0,0,0,0,0,8.696457918000021,53.16859389800004
981,11,2017,10,1,11,3,4,2,1,1,0,0,0,0,0,0,8.850200108000024,53.06557663700005
982,11,2017,10,1,18,3,5,2,1,1,0,0,0,0,1,0,8.833399349000047,53.08638025700003
983,11,2017,9,3,14,3,5,3,1,1,0,0,0,0,0,0,8.874773486000038,53.061230411000054
984,11,2017,9,3,7,2,5,7,1,0,0,0,0,1,0,0,8.904489727000055,53.10948767900004
985,11,2017,11,5,19,3,5,2,1,1,0,0,0,0,2,1,8.869278767000026,53.074808817000076
986,11,2017,10,1,14,2,4,6,1,1,0,0,0,0,0,0,8.807871155000043,53.07257918100004
987,11,2017,10,1,11,3,6,4,1,0,1,0,0,0,0,0,8.819994713000028,53.069466738000074
988,11,2017,10,7,12,3,5,3,1,1,0,0,0,0,0,0,8.826354220000042,53.07935564500008
989,11,2017,9,3,8,2,5,3,1,1,0,0,0,0,0,0,8.803242029000046,53.069617262000065
990,11,2017,10,7,8,2,0,6,1,0,0,0,0,0,0,0,8.899587397000062,53.10016694500007
991,12,2017,10,6,11,3,5,2,1,1,0,0,0,0,0,0,8.581130109000071,53.55109562400003
992,11,2017,10,6,15,3,5,3,1,1,0,0,0,0,0,0,8.802590052000028,53.07979540700006
993,11,2017,10,6,13,3,3,2,1,1,0,0,0,0,0,0,8.854035143000033,53.082547102000035
994,11,2017,10,5,15,3,5,3,1,0,0,1,0,0,0,0,8.799540056000069,53.07014581100003
995,11,2017,10,5,16,3,5,3,1,1,0,0,0,0,0,0,8.813752932000057,53.08024565200003
996,11,2017,11,3,17,3,5,2,1,1,0,0,0,0,2,0,8.794917756000075,53.09395820700007
997,11,2017,10,5,17,3,4,2,1,1,0,0,0,0,0,0,8.796360967000055,53.08255433900007
998,11,2017,10,5,13,3,5,2,1,1,0,0,0,0,0,0,8.854797202000043,53.07643883600008
999,12,2017,10,4,14,3,0,7,1,0,0,0,0,0,0,1,8.586010088000023,53.56026063200005
1000,11,2017,9,2,13,3,2,6,1,0,0,0,0,0,0,0,8.833506791000048,53.070631211000034
1001,12,2017,9,1,13,3,6,7,1,0,1,0,0,0,0,0,8.580386788000055,53.560736820000045
1002,12,2017,10,4,11,3,5,3,1,1,0,0,0,0,0,0,8.595994903000076,53.566884781000056
1003,11,2017,10,4,10,3,5,2,1,0,0,0,0,1,0,1,8.831372128000055,53.08124783400007
1004,11,2017,10,4,13,3,5,2,1,1,0,0,0,0,0,0,8.805817370000057,53.071460142000035
1005,11,2017,10,3,12,3,5,3,1,1,0,0,0,0,0,0,8.881070395000052,53.08065200500005
1006,11,2017,10,3,12,3,0,1,1,0,0,0,0,0,0,0,8.800670979000074,53.078596642000036
1007,11,2017,10,3,16,3,5,2,1,1,0,0,0,0,0,0,8.837346206000063,53.07684937500005
1008,11,2017,10,3,19,3,5,3,1,1,0,0,0,0,2,1,8.637669651000067,53.16683655000003
1009,11,2017,9,1,20,3,5,3,1,1,0,0,0,0,2,1,8.802018017000023,53.07143647100003
1010,12,2017,11,3,7,3,2,6,1,1,0,0,0,0,0,0,8.606360607000056,53.51680128500004
1011,11,2017,10,3,9,3,5,3,1,1,0,0,0,0,0,0,8.731323024000062,53.04795207900003
1012,11,2017,10,3,11,3,5,3,1,1,0,0,0,0,0,0,8.862523980000049,53.09928782000003
1013,11,2017,10,2,14,3,5,3,1,0,0,0,0,1,0,1,8.799813075000031,53.078365732000066
1014,11,2017,10,2,11,3,3,6,1,0,0,0,0,0,0,0,8.804264525000065,53.06223674800003
1015,11,2017,10,1,17,3,5,3,1,1,0,0,0,0,0,0,8.838029431000052,53.067853452000065
1016,11,2017,10,7,16,3,5,3,1,1,0,0,0,0,0,1,8.929305973000055,53.07176467800008
1017,11,2017,10,6,15,3,0,1,1,0,0,0,0,0,0,1,8.831869235000056,53.07109688600008
1018,11,2017,10,6,8,3,6,4,1,0,1,0,0,0,0,1,8.80512254200005,53.10016007300004
1019,11,2017,10,5,6,3,4,2,1,0,0,0,0,1,2,1,8.880308133000028,53.08244101500003
1020,11,2017,11,6,14,3,5,3,1,0,0,0,0,0,0,1,8.724476335000077,53.052818804000026
1021,12,2017,10,4,16,3,5,3,1,1,0,0,0,0,0,1,8.58359180900004,53.55518467300004
1022,11,2017,10,4,11,3,5,3,1,1,0,0,0,0,0,0,8.882517328000063,53.100840375000075
1023,11,2017,11,5,10,3,5,3,1,1,0,0,0,0,0,0,8.818163649000041,53.077737021000075
1024,11,2017,10,4,22,3,5,3,1,1,0,0,0,0,2,0,8.798561251000024,53.05452003600004
1025,11,2017,11,6,16,3,5,2,1,1,0,0,0,0,1,1,8.770458913000027,53.11404735000008
1026,12,2017,10,3,1,2,0,7,1,0,0,0,0,0,2,0,8.641639922000024,53.52033274400003
1027,12,2017,10,2,6,3,0,7,1,1,0,0,0,0,2,1,8.597498100000053,53.571536826000056
1028,12,2017,10,2,6,3,5,3,1,1,0,0,0,0,2,1,8.596694575000072,53.571761552000055
1029,12,2017,10,2,17,3,5,3,1,1,0,0,0,0,0,0,8.593182815000034,53.57364079600006
1030,11,2017,10,2,11,3,0,1,1,0,0,0,0,0,0,1,8.818002267000054,53.07239704500006
1031,11,2017,10,2,15,3,1,5,1,1,0,0,0,0,0,0,8.826063676000047,53.07298875300006
1032,11,2017,10,1,12,3,0,6,1,0,0,0,0,0,0,1,8.891367655000067,53.129627629000026
1033,11,2017,10,1,10,3,0,7,1,0,0,0,0,0,0,0,8.80473409900003,53.06606241900005
1034,11,2017,10,1,13,3,5,3,1,1,0,0,0,0,0,0,8.621480013000053,53.195131556000035
1035,11,2017,10,1,14,2,3,2,1,1,0,0,0,0,0,0,8.817084274000024,53.078782982000064
1036,11,2017,10,1,20,3,5,3,1,1,0,0,0,0,2,0,8.803991634000056,53.072411861000035
1037,11,2017,11,4,17,3,5,2,1,1,0,0,0,0,2,0,8.863017667000065,53.071437297000045
1038,11,2017,9,6,8,3,3,6,1,1,0,0,0,0,0,0,8.849723177000044,53.049222272000065
1039,12,2017,9,7,13,3,8,1,1,0,0,0,0,0,0,0,8.596272731000056,53.50955999200005
1040,11,2017,11,4,17,3,5,3,1,0,0,0,0,1,1,0,8.758023482000056,53.05818236700003
1041,11,2017,9,6,16,3,5,3,1,1,0,0,0,0,0,0,8.740325211000027,53.13740574700006
1042,11,2017,9,6,19,3,1,5,1,1,0,0,0,0,1,0,8.825250830000073,53.07304588100004
1043,11,2017,9,6,16,3,0,7,1,0,0,0,0,0,0,0,8.758613360000027,53.08829091500007
1044,11,2017,9,6,9,3,0,7,1,0,0,0,0,0,0,1,8.776389824000034,53.10086189700007
1045,11,2017,11,2,9,3,0,1,1,1,0,0,0,0,0,1,8.89454790000002,53.09710879900007
1046,12,2017,9,5,19,3,5,2,1,1,0,0,0,0,2,1,8.586314333000075,53.53705733100003
1047,11,2017,9,5,9,2,0,7,1,0,0,0,0,0,0,1,8.76470396700006,53.113094483000054
1048,11,2017,9,5,17,3,3,1,1,1,0,0,0,0,0,1,8.852099616000032,53.08596164900007
1049,11,2017,9,5,6,3,0,7,1,0,0,0,0,0,2,1,8.815107117000025,53.07722697500003
1050,12,2017,9,4,7,3,5,3,1,1,0,0,0,0,0,0,8.592022719000056,53.57557406400008
1051,11,2017,9,4,23,3,6,4,1,0,1,0,0,0,2,1,8.794157452000036,53.066691046000074
1052,11,2017,9,6,14,2,5,2,1,1,0,0,0,0,0,0,8.623380351000037,53.17350295800003
1053,11,2017,9,4,16,2,5,3,1,1,0,0,0,0,0,0,8.765299587000072,53.11038966500007
1054,11,2017,9,4,15,3,5,3,1,1,0,0,0,0,0,0,8.633556651000049,53.18217411900008
1055,11,2017,11,3,16,3,5,3,1,1,0,0,0,0,1,0,8.834366652000028,53.08193264800008
1056,11,2017,9,4,7,2,3,6,1,0,0,0,0,0,2,1,8.848857601000077,53.08848085900007
1057,11,2017,9,4,3,2,0,7,1,0,0,0,0,0,2,1,8.730908388000046,53.03519830700003
1058,11,2017,9,6,13,3,1,5,1,1,0,0,0,0,0,0,8.79218998600004,53.06720089300006
1059,11,2017,9,4,16,2,0,1,1,0,0,0,0,0,0,1,8.82344407100004,53.04419594900003
1060,11,2017,9,4,7,3,5,7,1,1,0,0,0,0,0,0,8.951566193000076,53.06802034300006
1061,11,2017,9,3,18,3,5,3,1,1,0,1,0,0,0,0,8.733925490000047,53.05840070200003
1062,11,2017,9,3,7,3,3,6,1,1,0,0,0,0,0,1,8.795906139000067,53.06742828800003
1063,11,2017,9,3,6,3,5,3,1,1,0,0,0,0,1,1,8.641359653000052,53.17604799600008
1064,11,2017,9,2,15,3,6,7,1,0,1,0,0,0,0,0,8.891101645000049,53.08266106700006
1065,11,2017,9,2,10,3,2,6,1,1,0,0,0,0,0,1,8.567039912000041,53.18191165400003
1066,11,2017,9,2,20,3,3,2,1,1,0,0,0,0,2,1,8.81414834100002,53.07784931500004
1067,11,2017,12,6,17,3,4,6,1,1,0,0,0,0,2,1,8.797561316000042,53.054365035000046
1068,11,2017,12,7,17,3,5,2,1,1,0,0,0,0,1,1,8.78679827600007,53.07450036400007
1069,11,2017,12,4,15,2,5,3,1,1,0,0,0,0,0,1,8.79490948800003,53.09390323800005
1070,11,2017,12,6,12,3,5,3,1,1,0,0,0,0,0,0,8.876212055000053,53.08584902600006
1071,11,2017,12,3,7,3,4,6,1,0,0,0,0,0,2,1,8.843251830000042,53.081085425000026
1072,11,2017,11,3,12,3,5,3,1,1,0,0,0,0,0,1,8.862509725000052,53.099289128000066
1073,12,2017,11,4,18,3,5,2,1,1,0,0,0,0,2,1,8.589062902000023,53.53988467600004
1074,11,2017,12,3,16,3,5,3,1,1,0,0,0,0,2,0,8.825088295000057,53.08420044400003
1075,11,2017,12,6,15,3,6,3,1,0,1,0,0,0,0,1,8.814790278000032,53.091410187000065
1076,11,2017,12,6,7,3,5,3,1,1,0,0,0,0,0,0,8.77838993100005,53.095015025000066
1077,12,2017,12,6,11,3,3,5,1,1,0,0,0,0,0,1,8.573350239000035,53.54955888900008
1078,11,2017,12,1,0,2,0,1,1,0,0,0,0,0,0,2,8.566297754000061,53.19623038800006
1079,11,2017,11,4,18,3,5,3,1,1,0,0,0,0,2,0,8.825887342000044,53.07871040100008
1080,11,2017,11,3,14,3,5,2,1,1,0,0,0,0,0,1,8.939398416000074,53.05846391100005
1081,11,2017,12,3,15,3,0,7,1,0,1,0,0,0,0,0,8.843960523000021,53.066813796000076
1082,11,2017,11,3,8,3,4,6,1,0,0,0,0,0,0,0,8.846121190000076,53.07496846500004
1083,11,2017,12,4,10,3,5,3,1,1,0,0,0,0,0,1,8.79695283600006,53.068599446000064
1084,11,2017,12,5,7,3,5,7,1,1,0,0,0,0,2,1,8.805699900000036,53.094521049000036
1085,11,2017,11,2,5,3,5,3,1,1,0,0,0,0,2,1,8.906904626000028,53.07134014500008
1086,11,2017,11,2,7,3,5,2,1,1,0,0,0,0,1,1,8.562213645000043,53.19228560100004
1087,11,2017,11,3,7,3,5,3,1,0,0,0,0,1,1,0,8.751971746000038,53.12210489700004
1088,11,2017,11,2,14,3,5,2,1,1,0,0,0,0,0,1,8.88774353100007,53.06907009300005
1089,11,2017,12,3,9,3,5,3,1,1,0,0,0,0,0,1,8.788150619000021,53.076453137000044
1090,11,2017,11,2,18,3,1,5,1,1,0,0,0,0,2,1,8.85457616900004,53.080950958000074
1091,11,2017,11,3,16,3,5,3,1,0,0,0,0,1,2,1,8.842897622000066,53.10603945500003
1092,11,2017,12,6,16,3,5,3,1,1,0,0,0,0,2,0,8.819634801000063,53.03831715700005
1093,11,2017,11,3,16,3,5,3,1,1,0,0,0,0,2,1,8.963274259000059,53.057942026000035
1094,12,2017,11,2,8,3,5,3,1,1,0,0,0,0,2,1,8.610133302000065,53.52986112800005
1095,11,2017,11,2,4,3,5,3,1,1,0,0,0,0,2,1,8.573006785000075,53.19871253200006
1096,11,2017,12,5,17,3,5,2,1,1,0,0,0,0,2,1,8.824396224000054,53.08437529100007
1097,11,2017,12,6,15,3,5,3,1,1,0,0,0,0,0,1,8.946513597000035,53.07658655000006
1098,11,2017,11,1,21,2,4,6,1,0,0,0,0,0,2,1,8.773299996000048,53.10204630000004
1099,11,2017,12,2,7,2,2,6,1,1,0,0,0,0,0,2,8.716736051000055,53.17743462200008
1100,11,2017,12,4,7,3,1,1,1,1,0,0,0,0,2,2,8.821566224000037,53.096272345000045
1101,11,2017,11,7,17,3,5,7,1,1,0,0,0,0,0,0,8.863564067000027,53.071360913000035
1102,11,2017,12,7,15,3,6,4,1,0,1,0,0,0,0,1,8.797165977000077,53.07634593900008
1103,11,2017,11,7,12,3,5,3,1,1,0,0,0,0,0,1,8.741220062000025,53.13443621200008
1104,11,2017,11,7,11,3,5,3,1,1,0,0,0,0,0,1,8.818140069000037,53.07773183100005
1105,12,2017,11,5,7,3,0,7,1,1,0,0,0,0,1,1,8.58826782400007,53.57473906800004
1106,11,2017,12,5,17,3,0,7,1,0,0,0,0,0,2,1,8.831992072000048,53.07105786900007
1107,11,2017,12,3,16,3,5,3,1,1,0,0,0,0,0,0,8.79867560300005,53.05452563500006
1108,11,2017,12,6,8,3,5,2,1,1,0,0,0,0,0,0,8.84790969200003,53.10574675600003
1109,11,2017,11,7,15,3,5,2,1,1,0,0,0,0,0,1,8.800662166000052,53.07866694000006
1110,12,2017,11,6,19,3,5,3,1,1,0,0,0,0,2,1,8.591428988000075,53.56625654900006
1111,11,2017,11,2,8,3,5,2,1,1,0,0,0,0,0,1,8.786745642000028,53.074388663000036
1112,11,2017,12,6,12,3,5,3,1,1,0,0,0,0,0,0,8.795035570000039,53.084643561000064
1113,12,2017,11,1,12,3,5,3,1,1,0,0,0,0,0,0,8.595370368000033,53.565546133000055
1114,11,2017,11,6,18,3,5,2,1,1,0,0,0,0,2,0,8.711460593000027,53.14742419800007
1115,12,2017,12,3,17,3,5,3,1,1,0,0,0,0,2,1,8.582226002000027,53.55336656700007
1116,12,2017,12,5,13,3,5,3,1,1,0,0,0,0,0,0,8.627671595000038,53.53069564500004
1117,11,2017,11,6,5,3,5,3,1,1,0,0,0,0,2,1,8.713831030000051,53.14013877500008
1118,11,2017,11,6,16,3,3,6,1,0,0,0,0,0,1,0,8.832294026000056,53.07420574200006
1119,11,2017,12,1,0,3,1,5,1,1,0,0,0,0,2,1,8.809452969000063,53.06322354800005
1120,11,2017,12,2,17,3,4,6,1,0,0,0,0,0,2,1,8.740210010000055,53.051446945000066
1121,11,2017,12,3,8,3,5,2,1,0,0,0,0,1,0,1,8.802039042000047,53.09457465400004
1122,11,2017,12,5,1,3,9,1,1,0,0,0,0,0,2,1,8.809194638000065,53.09900530900006
1123,11,2017,11,5,18,3,5,3,1,1,0,0,0,0,2,1,8.809510351000029,53.05119409500003
1124,11,2017,11,5,15,3,5,3,1,1,0,0,0,0,0,1,8.899204807000046,53.05319521700005