,UKREIS,UJAHR,UMONAT,UWOCHENTAG,USTUNDE,UKATEGORIE,UART,UTYP1,IstRad,IstPKW,IstFuss,IstKrad,IstGkfz,IstSonstig,ULICHTVERH,STRZUSTAND,longitude,latitude
1125,11,2017,11,5,10,3,3,6,1,0,0,0,0,0,0,1,8.809341676000031,53.099262499000076
1126,11,2017,11,5,18,3,0,7,1,1,0,0,0,0,2,0,8.75618938200006,53.11387975700006
1127,11,2017,12,3,22,3,5,3,1,1,0,0,0,1,2,0,8.824395739000067,53.084377810000035
1128,12,2017,12,5,15,3,5,3,1,1,0,0,0,0,0,1,8.598480202000076,53.51540526800005
1129,11,2017,11,5,17,3,1,5,1,1,0,0,0,0,2,0,8.786836243000039,53.08266516500004
1130,11,2017,11,5,17,3,1,5,1,1,0,0,0,0,0,1,8.856483445000038,53.088827879000064
1131,12,2017,12,3,8,3,5,3,1,1,0,0,0,0,0,1,8.586315858000034,53.53706094700004
1132,11,2017,11,7,15,3,5,2,1,1,0,0,0,0,0,0,8.626251385000046,53.18384092600007
1133,11,2017,11,7,8,3,5,3,1,1,0,0,0,0,0,0,8.941781357000025,53.038081472000044
1134,11,2017,12,6,9,3,0,7,1,0,0,0,0,0,0,1,8.79686838300006,53.09466945400004
1135,11,2017,12,1,17,3,5,3,1,1,0,0,0,0,2,1,8.816537409000034,53.084093059000054
1136,12,2017,11,4,7,3,5,2,1,1,0,0,0,0,2,0,8.546679864000055,53.58114595100005
1137,11,2017,12,4,19,2,4,6,1,0,0,0,0,0,2,1,8.805740832000026,53.073293996000075
1138,12,2017,11,4,9,3,0,7,1,0,0,0,0,1,0,1,8.611112483000056,53.50373798600003
1139,11,2017,12,3,9,3,5,3,1,1,0,0,0,0,0,0,8.874516345000075,53.06097997200004
1140,11,2017,12,4,6,3,5,3,1,1,0,0,0,0,2,0,8.785021353000047,53.08866613300006
1141,12,2017,11,6,11,2,5,7,1,1,0,0,0,0,0,1,8.587216338000076,53.539496737000036
1142,11,2017,11,6,8,3,5,2,1,1,0,0,0,0,1,1,8.805246497000041,53.08374317000005
1143,11,2017,11,6,16,3,5,2,1,1,0,0,0,0,0,0,8.861718151000048,53.10282246400004
1144,11,2017,12,6,8,3,4,6,1,0,0,0,0,0,2,1,8.852178581000032,53.02664847300008
1145,11,2017,11,6,13,3,5,3,1,1,0,0,0,0,0,0,8.801644186000033,53.07145208900005
1146,12,2017,12,7,11,2,5,3,1,1,0,0,0,0,0,1,8.607594121000034,53.53525374800006
1147,12,2017,12,6,9,3,3,2,1,0,0,0,0,1,0,0,8.592126045000043,53.57463837200004
1148,11,2017,11,4,5,3,5,3,1,1,0,0,0,0,2,1,8.91412279800005,53.06529975500007
1149,11,2017,12,3,7,3,5,3,1,1,0,0,0,0,1,0,8.69526607000006,53.16875825500006
1150,11,2017,12,5,7,3,5,3,1,1,0,0,0,0,1,1,8.788735185000064,53.07283781500007
1151,11,2017,11,6,14,3,5,3,1,1,0,0,0,0,0,1,8.820232073000057,53.08400672400006
1152,11,2017,12,6,22,2,5,3,1,1,0,0,0,0,2,1,8.825029785000027,53.08419345100003
1153,11,2017,11,6,7,3,5,3,1,1,0,0,0,0,0,1,8.818101093000053,53.07772325500008
1154,11,2017,11,6,7,3,5,3,1,1,0,0,0,0,2,1,8.81814173500004,53.077732198000035
1155,11,2017,12,6,17,3,5,3,1,1,0,0,0,0,2,1,8.73569320100006,53.04431016800004
1156,11,2017,12,4,11,3,5,3,1,1,0,0,0,0,0,2,8.628688201000045,53.17778804800008
1157,11,2017,11,3,18,2,0,1,1,0,0,0,0,0,2,1,8.831992072000048,53.07105786900007
1158,11,2017,11,3,9,3,5,3,1,1,0,0,0,0,0,0,8.808042956000065,53.09971948900005
1159,11,2017,12,2,17,3,5,3,1,0,0,0,0,1,2,0,8.80384166400006,53.07233525500004
1160,11,2017,11,3,17,3,0,7,1,0,0,0,0,0,2,1,8.800651669000047,53.07860902900006
1161,11,2017,11,6,15,3,5,3,1,1,0,0,0,0,0,0,8.838224054000023,53.06773422300006
1162,11,2017,12,5,9,3,0,1,1,0,0,0,0,0,0,0,8.798210115000074,53.08010690000003
1163,12,2017,11,5,13,3,0,7,1,0,0,0,0,0,0,1,8.591585639000073,53.53928771600005
1164,11,2017,12,5,10,3,0,7,1,1,0,0,0,0,0,0,8.638064478000047,53.181746184000076
1165,11,2017,12,1,16,3,0,1,1,0,0,0,0,0,0,1,8.869343221000065,53.06701102900007
1166,12,2017,11,5,10,3,5,2,1,1,0,0,0,0,0,0,8.609245611000063,53.59028526600008
1167,11,2017,12,4,20,3,0,7,1,1,0,0,0,0,2,1,8.84523762300006,53.09095695700006
1168,11,2017,11,3,10,3,5,3,1,1,0,0,0,0,0,0,8.861946100000068,53.071690028000035
1169,11,2017,12,7,19,3,0,1,1,1,0,0,0,0,2,1,8.802579066000021,53.079789333000065
1170,11,2017,11,5,16,3,3,2,1,1,0,0,0,0,1,1,8.79103464700006,53.09549500700007
1171,11,2017,11,5,11,3,5,2,1,1,0,0,0,0,0,1,8.523865490000048,53.20449567600008
1172,12,2017,11,2,15,3,2,6,1,1,0,0,0,0,0,0,8.609423370000059,53.508129146000044
1173,11,2017,11,5,13,3,5,3,1,1,0,0,0,0,0,0,8.799825069000065,53.070067305000066
1174,11,2017,12,3,13,3,5,2,1,1,0,0,0,0,0,1,8.853693604000057,53.08249046900005
1175,11,2017,12,4,16,3,5,3,1,1,0,0,0,0,1,1,8.896714967000037,53.11838583800005
1176,11,2017,11,5,11,3,5,2,1,1,0,0,0,0,0,0,8.810927752000055,53.092546319000064
1177,11,2017,12,5,10,3,5,3,1,1,0,0,0,0,0,1,8.81555012900003,53.051534608000054
1178,11,2017,11,5,11,3,5,2,1,1,0,0,0,0,0,1,8.909169463000069,53.056415816000026
1179,11,2017,12,6,13,3,5,3,1,1,0,0,0,0,0,1,8.794901883000023,53.09393821000003
1180,11,2017,11,2,13,3,5,2,1,1,0,0,0,0,2,0,8.73910337600006,53.13519000200006
1181,11,2017,12,3,13,3,6,4,1,0,1,0,0,0,0,1,8.80921623100005,53.078852218000065
1182,11,2017,12,5,7,2,1,5,1,0,0,0,0,1,2,1,8.870342063000066,53.127963883000064
1183,11,2017,11,2,14,3,6,4,1,0,1,0,0,0,0,0,8.80749826500005,53.074117665000074
1184,11,2017,11,4,6,3,2,6,1,1,0,0,0,0,2,1,8.599750921000066,53.17781547000004
1185,11,2017,11,2,17,3,5,3,1,1,0,0,0,0,2,0,8.885493112000063,53.11001487500005
1186,11,2017,11,4,6,2,0,7,1,0,0,0,0,0,2,1,8.87491732500007,53.08319024000008
1187,12,2017,11,3,14,3,5,3,1,1,0,0,0,0,0,1,8.574409629000058,53.54967375900003
1188,11,2017,12,5,17,3,0,6,1,1,0,0,0,0,2,1,8.613441758000022,53.18925330700006
0,11,2018,7,2,12,3,5,2,1,1,0,0,0,0,0,0,8.799593839000067,53.05508488000004
1,11,2018,8,2,7,3,0,7,1,0,0,0,0,0,0,0,8.747443366000027,53.05357067300008
2,11,2018,7,2,7,3,5,3,1,0,0,1,0,0,0,0,8.79044381400007,53.061084195000035
3,11,2018,7,5,12,3,5,3,1,1,0,0,0,0,0,0,8.803160795000053,53.053338291000046
4,11,2018,5,3,12,3,0,7,1,0,0,0,0,0,0,0,8.819362975000047,53.04844100300005
5,11,2018,1,2,16,3,3,6,1,1,0,0,0,0,0,1,8.873230337000052,53.10137267200008
6,12,2018,1,4,7,3,0,7,1,0,0,0,0,0,1,1,8.604579217000037,53.58231377200008
7,11,2018,1,5,18,3,5,3,1,1,0,0,0,0,2,1,8.79914248600005,53.08399500300004
8,11,2018,1,2,18,3,5,2,1,1,0,0,0,0,2,0,8.837391108000077,53.03784281900005
9,11,2018,1,3,15,3,5,2,1,1,0,0,0,0,0,0,8.788800277000064,53.09803745000005
10,11,2018,1,6,6,3,5,3,1,1,0,0,0,0,2,2,8.899956749000069,53.12368824500004
11,11,2018,1,3,14,3,5,3,1,0,0,0,0,1,0,0,8.803400095000029,53.080321008000055
12,11,2018,1,6,12,3,0,7,1,0,0,0,0,0,0,1,8.803863293000063,53.085191515000076
13,11,2018,1,2,8,3,1,5,1,1,0,0,0,0,0,1,8.839142906000063,53.071188438000036
14,12,2018,1,5,16,3,6,4,1,0,1,0,0,0,0,1,8.586122705000037,53.561402616000066
15,11,2018,1,2,22,2,6,6,1,0,1,0,0,0,2,1,8.946098919000065,53.06863920600006
16,11,2018,1,6,7,2,5,3,1,1,0,0,0,0,2,1,8.83554459000004,53.03534171000007
17,11,2018,1,5,14,3,5,3,1,0,0,0,1,0,0,1,8.785744583000053,53.061303903000066
18,11,2018,1,4,8,3,9,6,1,1,0,0,0,0,0,0,8.800410158000034,53.06995999500003
19,11,2018,1,5,18,3,5,2,1,1,0,0,0,0,2,1,8.593511799000055,53.18431110900008
20,11,2018,1,2,17,3,5,3,1,1,0,0,0,0,2,1,8.814173696000069,53.08521824300004
21,11,2018,1,6,8,3,0,1,1,0,0,0,0,0,0,2,8.85560139100005,53.084331631000055
22,11,2018,1,4,8,3,6,4,1,0,1,0,0,0,2,1,8.794424209000056,53.07456654100008
23,11,2018,1,5,13,3,5,3,1,1,0,0,0,0,0,0,8.838056588000029,53.06788540500003
24,11,2018,1,5,7,2,4,6,1,0,0,0,0,0,2,1,8.787144369000032,53.07564240200003
25,11,2018,1,6,21,3,6,4,1,0,1,0,0,0,2,1,8.88057182700004,53.07672743000006
26,11,2018,1,6,9,3,4,2,1,1,0,0,0,0,0,1,8.811245528000029,53.09218532700004
27,12,2018,1,6,7,2,0,7,1,0,0,0,0,0,1,2,8.601289296000061,53.57344813700007
28,11,2018,1,2,23,3,0,7,1,0,0,0,0,0,2,1,8.855222242000025,53.07758442900007
29,11,2018,1,3,17,3,5,3,1,0,0,0,0,1,2,1,8.822164282000074,53.072801078000055
30,11,2018,1,7,16,2,0,3,1,0,0,0,1,0,1,0,8.95921955800003,53.041875394000044
31,11,2018,1,2,5,3,5,3,1,1,0,0,0,0,2,0,8.68607892500006,53.17333814400007
32,11,2018,1,2,7,3,5,3,1,1,0,0,0,0,1,1,8.797959337000066,53.07333256900006
33,11,2018,1,6,9,3,5,2,1,1,0,0,0,0,0,0,8.603494355000066,53.18464230700005
34,11,2018,1,5,13,3,3,2,1,1,0,0,0,0,0,0,8.88954013600005,53.06166170200004
35,11,2018,1,6,6,3,5,2,1,1,0,0,0,0,2,1,8.770261929000071,53.09311446000004
36,11,2018,1,2,15,3,3,6,1,0,0,0,0,0,1,1,8.836834856000053,53.06809230300007
37,11,2018,1,4,15,3,5,3,1,1,0,0,0,0,0,0,8.796708239000054,53.08920973100004
38,11,2018,1,4,9,3,0,7,1,0,0,0,0,0,0,2,8.839274357000022,53.09877006700003
39,11,2018,1,6,6,3,5,3,1,1,0,0,0,0,2,2,8.576085393000028,53.19043166500006
40,11,2018,1,3,11,3,3,6,1,0,0,0,0,0,0,0,8.799135206000074,53.069390845000044
41,11,2018,1,2,11,2,5,3,1,1,0,0,0,0,0,0,8.750272589000076,53.12646333400005
42,11,2018,1,3,17,3,5,3,1,1,0,0,0,0,2,0,8.847168921000048,53.08699092900008
43,11,2018,1,3,12,3,5,3,1,1,0,0,0,0,0,0,8.86165012500004,53.09929103500008
44,12,2018,1,2,15,3,5,3,1,1,0,0,0,0,0,1,8.591273323000053,53.559037887000045
45,11,2018,1,1,16,3,3,6,1,1,0,0,0,0,1,0,8.828126419000057,53.072418113000026
46,11,2018,1,4,17,3,6,3,1,0,1,0,0,0,2,1,8.788983895000058,53.069037611000056
47,11,2018,1,3,10,3,4,6,1,0,0,0,0,0,0,1,8.798212658000068,53.080104980000044
48,11,2018,1,5,7,3,2,7,1,1,0,0,0,0,1,1,8.826166148000027,53.083683353000026
49,11,2018,1,4,10,3,0,2,1,1,0,0,0,0,0,1,8.690876125000045,53.16880958100006
50,11,2018,1,7,10,3,5,3,1,1,0,0,0,0,0,0,8.890819192000038,53.10894701700005
51,11,2018,1,5,10,3,5,3,1,1,0,0,0,0,0,0,8.555965153000045,53.185845974000074
52,11,2018,1,2,9,3,2,2,1,1,0,0,0,0,0,1,8.54972439100004,53.19090357400006
53,11,2018,1,6,7,3,5,3,1,1,0,0,0,0,2,0,8.792660871000066,53.08278308700005
54,11,2018,1,5,21,3,0,1,1,0,0,0,0,0,2,1,8.87085184700004,53.067090859000075
55,11,2018,1,5,18,3,5,3,1,1,0,0,0,0,2,1,8.782588955000051,53.08709276800005
56,12,2018,1,2,7,2,0,7,1,0,1,0,0,0,2,0,8.57822565600003,53.54449449100008
57,11,2018,1,6,12,3,5,3,1,1,0,0,0,0,0,1,8.786920018000046,53.10020719100004
58,11,2018,1,3,14,3,5,2,1,0,0,0,1,0,0,0,8.713995124000064,53.13940981200005
59,11,2018,1,2,15,2,5,2,1,1,0,0,0,0,0,0,8.788572719000058,53.072901296000055
60,11,2018,1,3,18,3,3,6,1,1,0,0,0,0,2,1,8.823788642000068,53.07760801000006
61,11,2018,2,4,7,3,5,2,1,1,0,0,0,0,1,0,8.863419385000043,53.06843806200004
62,11,2018,3,1,18,3,1,7,1,1,0,0,0,0,2,0,8.806090955000059,53.093903072000046
63,11,2018,2,3,10,3,2,6,1,0,0,0,0,0,0,0,8.882612763000054,53.06370006600008
64,11,2018,3,1,21,3,5,3,1,0,0,0,0,1,2,0,8.781585557000028,53.10098626400003
65,11,2018,2,3,22,2,5,2,1,1,0,0,0,0,2,0,8.812743451000074,53.07328870500004
66,12,2018,2,2,17,3,5,3,1,1,0,0,0,0,1,0,8.597353187000067,53.53644919300007
67,11,2018,2,2,8,3,1,5,1,1,0,0,0,0,0,0,8.837049834000027,53.082719213000075
68,11,2018,3,7,11,3,5,3,1,1,0,0,0,0,0,1,8.808801621000043,53.078440571000044
69,11,2018,2,4,22,2,0,7,1,0,0,0,0,0,2,0,8.819744618000072,53.053711630000066
70,12,2018,2,7,11,3,0,7,1,1,0,0,0,0,0,0,8.614388158000054,53.59314216000007
71,11,2018,2,7,13,3,6,4,1,0,1,0,0,0,0,0,8.940609384000027,53.079028460000075
72,11,2018,3,5,18,3,5,2,1,1,0,0,0,0,2,1,8.806800340000052,53.060478180000075
73,12,2018,2,6,18,2,5,3,1,1,0,0,0,0,2,1,8.596035182000037,53.56687859800007
74,11,2018,3,4,14,3,6,4,1,0,1,0,0,0,0,0,8.86741879400006,53.06598690800007
75,11,2018,2,6,11,3,5,2,1,1,0,0,0,0,0,0,8.82464109700004,53.06891121800004
76,11,2018,2,6,13,3,5,3,1,1,0,0,0,0,0,0,8.613339580000059,53.18430960400008
77,11,2018,3,6,16,3,5,2,1,1,0,0,0,0,0,1,8.804149099000028,53.07239246300003
78,11,2018,3,4,7,3,5,2,1,1,0,0,0,0,0,0,8.716726798000025,53.05652557900004
79,11,2018,2,5,10,2,6,3,1,0,1,0,0,0,0,1,8.836919945000034,53.082401177000065
80,11,2018,2,5,9,3,5,3,1,1,0,0,0,0,0,1,8.809496635000073,53.09538961900006
81,11,2018,2,5,7,3,5,3,1,1,0,0,0,0,1,0,8.564760318000026,53.19772276200007
82,11,2018,3,2,16,3,5,2,1,1,0,0,0,0,0,0,8.862549948000037,53.067639608000036
83,11,2018,2,4,13,3,3,5,1,0,0,0,0,1,0,0,8.80091898400002,53.07127708500008
84,11,2018,2,4,11,2,5,3,1,1,0,0,0,0,0,0,8.610552545000075,53.17590310300005
85,12,2018,3,5,12,3,5,3,1,1,0,0,0,0,0,0,8.591274240000075,53.55903013600005
86,11,2018,2,4,8,3,5,3,1,1,0,0,0,0,0,0,8.690221680000036,53.174098352000044
87,11,2018,2,4,10,3,0,7,1,0,0,0,0,0,0,2,8.802792328000066,53.07990525000008
88,11,2018,3,3,14,3,0,7,1,0,0,0,0,0,0,0,8.577520014000072,53.183551280000074
89,11,2018,2,4,14,3,5,3,1,1,0,0,0,0,0,0,8.63439657500004,53.17307386600004
90,11,2018,3,2,9,3,5,3,1,1,0,0,0,0,0,0,8.875867400000061,53.079827753000075
91,11,2018,2,3,16,3,5,3,1,1,0,0,0,0,0,0,8.874284893000038,53.07840615900005
92,11,2018,2,3,8,3,5,3,1,1,0,0,0,0,0,1,8.827681165000058,53.08301604500008
93,11,2018,3,6,14,3,5,3,1,1,0,0,0,0,0,1,8.714133182000069,53.138389181000036
94,11,2018,2,3,14,3,5,3,1,1,0,0,0,0,0,0,8.805092068000022,53.092051180000055
95,11,2018,3,5,16,3,5,3,1,1,0,0,0,0,0,0,8.768761459000075,53.079752348000056
96,11,2018,2,2,12,3,5,2,1,1,0,0,0,0,0,0,8.795603602000028,53.067584612000076
97,12,2018,3,3,11,2,5,3,1,1,0,0,0,0,0,1,8.608810481000035,53.586812973000065
98,11,2018,2,1,23,3,0,1,1,0,0,0,0,0,2,1,8.82764813600005,53.07256760700005
99,11,2018,2,1,14,3,0,7,1,0,0,0,0,0,0,0,8.72172314200003,53.141813083000045
100,11,2018,2,4,10,3,5,3,1,1,0,0,0,0,0,0,8.876511859000061,53.08103427600008
101,11,2018,3,4,16,3,6,4,1,0,1,0,0,0,0,0,8.825147486000049,53.08450744600003
102,11,2018,2,1,16,3,5,3,1,1,0,0,0,0,0,1,8.87340127400006,53.08478416100007
103,11,2018,2,6,11,3,5,3,1,1,0,0,0,0,0,0,8.804132755000069,53.07240163900008
104,11,2018,3,2,23,2,0,1,1,0,0,0,0,0,2,1,8.849104992000036,53.06837636200004
105,11,2018,2,1,11,3,5,3,1,1,0,0,0,0,0,0,8.78498877000004,53.060880206000036
106,11,2018,3,3,8,3,5,3,1,1,0,0,0,0,0,0,8.919028350000076,53.03846813800004
107,11,2018,2,6,7,3,0,7,1,0,0,0,0,0,0,0,8.81093820500007,53.089200031000075
108,11,2018,2,6,11,3,5,2,1,1,0,0,0,0,0,0,8.83280060100003,53.07746575600004
109,12,2018,2,5,17,3,4,2,1,1,0,0,0,0,2,1,8.584749672000044,53.55685817900007
110,11,2018,3,1,17,3,5,3,1,1,0,0,0,0,0,0,8.753026464000072,53.118862017000026
111,11,2018,3,2,7,3,5,3,1,1,0,0,0,0,0,1,8.815543110000021,53.05153109500003
112,11,2018,2,5,9,3,5,2,1,1,0,0,0,0,0,0,8.79286730900003,53.091344821000064
113,11,2018,3,6,18,3,5,2,1,1,0,0,0,0,2,0,8.853548115000024,53.06489062900005
114,11,2018,2,5,8,3,5,3,1,1,0,0,0,0,0,0,8.715547382000068,53.14264282700003
115,11,2018,3,6,23,3,0,7,1,0,0,0,0,0,2,0,8.960629491000077,53.069433021000066
116,11,2018,3,6,14,3,5,7,1,1,0,0,0,0,0,1,8.77368649300007,53.11090053700008
117,11,2018,3,5,13,3,5,3,1,0,0,0,0,1,0,0,8.910933412000077,53.077349542000036
118,12,2018,3,6,9,3,1,5,1,1,0,0,0,0,0,1,8.616750706000062,53.58603449800006
119,11,2018,3,3,7,3,5,3,1,1,0,0,0,0,0,1,8.76177283800007,53.12178911800004
120,11,2018,2,4,5,3,5,3,1,1,0,0,0,0,2,1,8.93895572300005,53.058543987000064
121,11,2018,3,4,13,3,5,3,1,1,0,0,0,0,0,0,8.817659742000046,53.07849627000007
122,11,2018,2,6,14,3,5,2,1,1,0,0,0,0,0,0,8.923544303000028,53.059401904000026
123,11,2018,2,3,8,3,5,3,1,1,0,0,0,0,1,0,8.780989961000046,53.10164040600006
124,11,2018,2,3,7,3,0,3,1,1,0,0,0,0,0,0,8.731062224000027,53.13528010400006
125,11,2018,3,3,15,3,4,6,1,1,0,0,0,0,0,0,8.804099012000052,53.072382247000064
126,11,2018,2,6,7,3,3,3,1,0,0,0,0,1,1,1,8.81314053500006,53.078457135000065
127,11,2018,3,3,10,3,0,7,1,1,0,0,0,0,0,0,8.937093420000053,53.08879716300004
128,11,2018,3,2,10,3,5,3,1,1,0,0,0,0,0,0,8.82508688400003,53.084593770000026
129,11,2018,2,3,11,3,5,3,1,1,0,0,0,0,0,0,8.809323297000049,53.07888338200007
130,11,2018,3,4,8,3,0,7,1,1,0,0,0,0,0,0,8.779715157000055,53.05945475500005
131,11,2018,3,2,11,3,5,3,1,1,0,0,0,0,0,0,8.881258657000046,53.10130423600003
132,12,2018,3,7,15,3,5,3,1,1,0,0,0,0,0,1,8.595734624000045,53.48754180200007
133,11,2018,2,6,12,3,5,3,1,0,0,0,1,0,0,0,8.887977094000064,53.06677648200008
134,12,2018,3,5,15,3,5,3,1,1,0,0,0,0,0,0,8.607594121000034,53.53525374800006
135,11,2018,3,5,15,3,5,3,1,1,0,0,0,0,0,0,8.898359640000024,53.11996260600006
136,11,2018,2,7,11,3,1,5,1,1,0,0,0,0,0,1,8.808476648000067,53.08808496100005
137,11,2018,3,5,15,3,5,3,1,1,0,0,0,0,0,0,8.889269317000071,53.098842422000075
138,11,2018,2,6,19,3,5,3,1,1,0,0,0,0,2,1,8.78950035500003,53.105927164000036
139,11,2018,2,5,19,3,5,3,1,1,0,0,0,0,2,1,8.804443045000028,53.062118515000066
140,12,2018,1,4,16,3,5,3,1,1,0,0,0,0,0,1,8.59029540900002,53.534835834000035
141,11,2018,1,4,7,3,6,4,1,0,1,0,0,0,2,1,8.853971424000065,53.083343315000036
142,11,2018,3,2,15,3,0,7,1,0,0,0,0,0,0,0,8.721096240000065,53.04487285300007
143,12,2018,1,3,8,3,1,5,1,1,0,0,0,0,0,1,8.601150442000062,53.53580891900003
144,11,2018,2,4,15,3,6,4,1,0,1,0,0,0,0,0,8.870687675000056,53.09589829600003
145,11,2018,1,2,13,3,5,2,1,0,0,0,0,1,0,1,8.788522382000053,53.093937872000026
146,11,2018,3,2,16,2,0,7,1,0,0,0,0,0,0,0,8.750064617000021,53.09287646300004
147,11,2018,3,6,15,3,5,2,1,1,0,0,0,0,0,1,8.838308899000026,53.06783721100004
148,12,2018,1,7,16,3,5,3,1,1,0,0,0,0,0,0,8.590640761000031,53.53070404300007
149,11,2018,3,5,18,3,6,4,1,0,1,0,0,0,1,0,8.886635733000048,53.05161237800007
150,11,2018,3,5,8,3,4,6,1,0,0,0,0,0,0,0,8.833871310000063,53.03955211300007
151,11,2018,3,4,14,3,0,1,1,0,0,0,0,0,0,0,8.632019598000056,53.17692491200006
152,11,2018,3,4,17,3,5,3,1,1,0,0,0,0,0,0,8.807315823000067,53.082160087000034
153,12,2018,1,5,7,3,6,4,1,0,1,0,0,0,1,1,8.590758956000059,53.56583035300008
154,11,2018,3,4,22,3,4,6,1,0,0,0,0,0,2,1,8.92886367400007,53.07197177300003
155,12,2018,1,5,13,3,1,7,1,1,0,0,0,0,0,0,8.63148927800006,53.59596519000007
156,11,2018,3,2,14,3,5,3,1,1,0,0,0,0,0,0,8.891169129000048,53.04960985500003
157,11,2018,1,5,7,3,5,3,1,1,0,0,0,0,1,0,8.940558514000031,53.07758980600005
158,11,2018,3,3,6,3,5,3,1,1,0,0,0,0,1,1,8.766555070000038,53.11531719900006
159,11,2018,2,4,8,3,5,3,1,0,0,0,0,1,0,1,8.817110372000059,53.078770570000074
160,11,2018,4,6,10,3,5,3,1,1,0,0,0,0,0,1,8.85958314000004,53.07219018100005
161,11,2018,5,4,7,3,5,3,1,1,0,0,0,0,0,0,8.87886502400005,53.079099255000074
162,11,2018,4,6,11,2,5,3,1,1,0,0,0,0,0,0,8.867990145000022,53.07293937500003
163,11,2018,4,4,8,3,5,2,1,1,0,0,0,0,0,0,8.870608437000044,53.09485834600008
164,11,2018,4,6,8,2,2,6,1,0,0,0,0,0,0,0,8.791126371000075,53.091379594000045
165,11,2018,4,5,18,3,4,2,1,0,0,0,0,1,0,0,8.807111888000065,53.06024916700005
166,11,2018,4,5,9,3,1,5,1,1,0,0,0,0,0,0,8.618656592000036,53.174741106000056
167,11,2018,4,6,15,3,0,7,1,0,1,0,0,0,0,0,8.818299732000071,53.086405178000064
168,11,2018,4,6,15,2,5,3,1,1,0,0,0,0,0,0,8.78947604800004,53.08294792700008
169,11,2018,4,2,9,2,5,3,1,1,0,0,0,0,0,0,8.896077625000032,53.11423075000005
170,12,2018,4,7,21,3,6,1,1,1,1,0,0,0,2,0,8.586099650000051,53.56114691600004
171,11,2018,4,5,9,3,5,3,1,1,0,0,0,0,0,0,8.786543619000042,53.08797561700004
172,11,2018,4,5,12,2,0,7,1,0,0,0,0,0,0,0,8.870119315000068,53.10217027200008
173,11,2018,4,5,7,3,1,7,1,1,0,0,0,0,0,0,8.823020773000053,53.07356313500003
174,11,2018,4,5,15,3,5,7,1,1,0,0,0,0,0,0,8.89308423400007,53.05476335000003
175,11,2018,4,5,7,3,5,3,1,1,0,0,0,0,0,0,8.795900446000076,53.106300188000034
176,11,2018,4,4,15,3,5,3,1,1,0,0,0,0,0,1,8.807677234000039,53.08338870100005
177,11,2018,4,5,17,3,3,6,1,0,0,0,0,0,0,0,8.805646393000075,53.07391888700005
178,11,2018,4,7,17,3,5,2,1,1,0,0,0,0,0,0,8.784994121000068,53.10222295500006
179,11,2018,4,4,11,2,5,3,1,1,0,0,0,0,0,0,8.886731965000024,53.109510587000045
180,11,2018,4,4,10,3,0,7,1,0,0,0,0,0,0,0,8.774477429000058,53.06204482100003
181,12,2018,4,7,17,3,2,6,1,1,0,0,0,0,0,0,8.604742552000062,53.581802018000076
182,11,2018,4,4,17,3,5,3,1,1,0,0,0,0,0,1,8.823323136000056,53.07646839500006
183,11,2018,4,4,7,3,5,2,1,1,0,0,0,0,0,0,8.551091202000066,53.19772248900006
184,11,2018,4,4,17,3,5,2,1,1,0,0,0,0,0,0,8.803187385000058,53.08466204500007
185,11,2018,4,6,16,3,3,6,1,1,0,0,0,0,0,0,8.798406413000066,53.085510674000034
186,12,2018,4,6,10,3,5,2,1,1,0,0,0,0,0,0,8.57524490700007,53.54766962000008
187,11,2018,4,4,20,3,0,1,1,0,1,0,0,0,0,0,8.582143072000065,53.21460033400007
188,11,2018,4,6,9,3,5,3,1,1,0,0,0,0,0,0,8.804065687000048,53.07618573900004
189,11,2018,4,4,6,3,1,7,1,1,0,0,0,0,0,0,8.802992214000028,53.06987230200008
190,12,2018,4,3,15,3,5,3,1,1,0,0,0,0,0,0,8.599960365000072,53.51224736800003
191,11,2018,4,4,21,3,5,3,1,1,0,0,0,0,2,0,8.843496808000054,53.08108550400004
192,11,2018,4,4,5,3,5,3,1,1,0,0,0,0,2,0,8.875944272000027,53.08213190300006
193,12,2018,4,2,9,3,0,7,1,0,0,0,0,0,0,1,8.596659849000048,53.543319902000064
194,11,2018,4,6,23,3,0,1,1,0,0,0,0,0,2,0,8.796756568000035,53.068408215000034
195,11,2018,4,7,15,2,5,3,1,1,0,0,0,0,0,0,8.775366917000042,53.10758264200007
196,11,2018,4,3,8,3,5,3,1,1,0,0,0,0,0,0,8.796997496000074,53.076441732000035
197,11,2018,4,3,18,2,5,2,1,0,0,0,1,0,0,0,8.788087080000025,53.07635666300007
198,11,2018,4,3,15,3,5,3,1,1,0,0,0,0,0,0,8.634547693000059,53.17308494100007
199,11,2018,4,2,8,3,0,7,1,0,0,0,0,1,0,1,8.765723337000054,53.10889277200005
200,11,2018,4,3,18,2,0,7,1,0,0,0,0,0,0,0,8.865638231000048,53.06655723700004
201,11,2018,4,1,17,3,1,5,1,1,0,0,0,0,0,0,8.790318951000074,53.070456765000074
202,12,2018,5,4,7,3,5,2,1,1,0,0,0,0,0,0,8.583241716000032,53.53628425800008