,UKREIS,UJAHR,UMONAT,UWOCHENTAG,USTUNDE,UKATEGORIE,UART,UTYP1,IstRad,IstPKW,IstFuss,IstKrad,IstGkfz,IstSonstig,ULICHTVERH,STRZUSTAND,longitude,latitude
203,11,2018,4,6,7,3,5,2,1,1,0,0,0,0,0,1,8.870549553000046,53.09127504500003
204,11,2018,5,4,9,3,3,2,1,0,0,0,0,0,0,0,8.778807828000026,53.09999277400004
205,11,2018,4,7,15,3,5,3,1,1,0,0,0,0,0,0,8.626632791000077,53.18463015300006
206,11,2018,4,4,17,3,5,3,1,1,0,0,0,0,0,0,8.781032788000061,53.06757025600007
207,12,2018,4,2,12,3,5,3,1,1,0,0,0,0,0,0,8.591871844000025,53.51724062000005
208,11,2018,4,6,8,3,4,6,1,1,0,0,0,0,0,0,8.794900354000049,53.09393628300006
209,11,2018,4,6,13,3,1,7,1,1,0,0,0,0,0,1,8.801265400000034,53.068186473000026
210,11,2018,5,3,2,2,0,7,1,0,0,0,0,0,2,1,8.815343546000065,53.08233702200005
211,11,2018,4,1,15,3,4,6,1,0,0,0,0,0,0,0,8.809776648000025,53.07849289600006
212,11,2018,4,6,12,3,5,3,1,1,0,0,0,0,0,0,8.79703242200003,53.07164995800008
213,11,2018,4,1,14,3,5,2,1,1,0,0,0,0,0,0,8.804132755000069,53.07240163900008
214,11,2018,4,7,18,3,0,7,1,0,0,0,0,0,0,0,8.82710656200004,53.08633984900007
215,11,2018,4,7,13,3,0,1,1,0,0,0,0,0,0,0,8.852706668000053,53.04754319400007
216,11,2018,4,7,19,3,5,3,1,1,0,0,0,0,0,0,8.869376222000028,53.074871690000066
217,11,2018,4,7,16,3,5,3,1,1,0,0,0,0,0,0,8.898764707000055,53.08479677300005
218,11,2018,4,2,9,3,1,5,1,1,0,0,0,0,0,0,8.834202603000051,53.08657512100007
219,11,2018,4,7,19,3,5,3,1,1,0,0,0,0,1,0,8.739464517000044,53.05501630200007
220,11,2018,4,7,10,3,5,3,1,1,0,0,0,0,0,0,8.817933554000035,53.05283666200006
221,11,2018,4,5,9,3,5,2,1,1,0,0,0,0,0,0,8.847796533000064,53.06608018800006
222,11,2018,4,5,6,3,5,3,1,0,0,0,1,0,0,0,8.741110544000037,53.09134478700008
223,11,2018,4,1,5,3,1,5,1,1,0,0,0,0,1,0,8.854006727000069,53.08336327200004
224,11,2018,4,6,15,3,5,2,1,0,0,0,0,1,0,0,8.584546070000044,53.18142904000007
225,11,2018,4,6,8,3,5,3,1,0,0,0,0,1,0,0,8.851261452000074,53.10484017300007
226,11,2018,4,6,5,3,5,2,1,1,0,0,0,0,2,0,8.729377904000046,53.128644261000034
227,11,2018,4,2,14,3,5,3,1,1,0,0,0,0,0,0,8.85902840500006,53.07230733100005
228,12,2018,4,6,13,3,5,3,1,1,0,0,0,0,0,0,8.597961314000031,53.58204396000008
229,11,2018,4,5,17,3,5,2,1,1,0,0,0,0,0,0,8.899193185000058,53.12083374900004
230,11,2018,4,4,16,3,5,3,1,1,0,0,0,0,0,0,8.757824331000052,53.05812947800007
231,11,2018,4,4,18,3,6,4,1,0,1,0,0,0,0,0,8.812619470000072,53.05901326700007
232,12,2018,4,5,7,3,5,2,1,1,0,0,0,0,0,1,8.597945826000057,53.58085228700003
233,11,2018,4,5,16,3,5,3,1,1,0,0,0,0,0,1,8.882521759000042,53.06367941700006
234,11,2018,4,5,16,3,5,3,1,1,0,0,0,0,0,0,8.756491744000073,53.08821575800005
235,11,2018,4,5,19,3,5,2,1,1,0,0,0,0,0,0,8.889515802000062,53.06159665200005
236,11,2018,4,3,18,3,5,2,1,0,0,1,0,0,0,0,8.832087278000074,53.06864508600006
237,11,2018,4,4,8,3,1,7,1,1,0,0,0,0,0,0,8.874498489000075,53.09702908000003
238,11,2018,4,5,17,3,5,2,1,0,0,0,1,0,0,0,8.81857492100005,53.05187460900004
239,11,2018,4,4,10,2,4,6,1,0,0,0,0,0,0,0,8.963364695000053,53.06573758500008
240,11,2018,4,5,13,2,4,6,1,0,0,0,0,0,0,0,8.870621220000032,53.09602484700008
241,12,2018,4,1,16,3,3,6,1,1,0,0,0,0,0,0,8.58472107600005,53.54059503800005
242,11,2018,5,3,16,2,5,3,1,0,0,0,0,1,0,0,8.838365206000049,53.09645026000004
243,11,2018,4,4,5,1,5,3,1,0,0,0,1,0,2,0,8.801122897000027,53.078850834000036
244,11,2018,4,5,12,3,0,7,1,0,0,0,0,0,0,0,8.850609180000049,53.08513965000003
245,11,2018,4,6,16,3,5,2,1,1,0,0,0,0,0,0,8.792862181000032,53.07357312400006
246,11,2018,4,4,6,3,4,6,1,0,0,0,0,0,0,0,8.813460591000023,53.07096335700004
247,11,2018,4,7,20,3,0,7,1,0,0,0,0,0,0,0,8.800802313000077,53.06832344000003
248,11,2018,4,7,20,3,3,6,1,0,0,0,0,0,1,0,8.809766118000027,53.09977795700007
249,11,2018,4,5,21,3,6,4,1,1,1,0,0,0,2,0,8.765229314000067,53.11281978300008
250,12,2018,5,4,19,2,5,3,1,1,0,0,0,0,0,0,8.593480259000046,53.53718715400004
251,11,2018,4,1,0,3,3,6,1,0,1,0,0,0,2,0,8.871912374000033,53.06689188000007
252,11,2018,4,4,8,3,2,6,1,1,0,0,0,0,0,0,8.719501442000023,53.05669044200005
253,11,2018,4,4,19,2,5,3,1,1,0,0,0,0,0,0,8.565696041000024,53.18233711600004
254,11,2018,4,3,15,2,0,7,1,0,0,0,0,0,0,1,8.831685978000053,53.08113833200008
255,11,2018,4,1,12,3,5,2,1,1,0,0,0,0,0,0,8.76314895400003,53.122743025000034
256,11,2018,4,1,2,3,4,6,1,1,0,0,0,0,2,1,8.803595426000072,53.072348903000034
257,11,2018,4,7,10,3,5,2,1,1,0,0,0,0,0,0,8.873848285000065,53.10125990000006
258,12,2018,3,7,5,3,5,3,1,1,0,0,0,0,2,1,8.58328719800005,53.554904435000026
259,11,2018,4,4,13,3,5,3,1,0,0,0,0,0,0,0,8.851261452000074,53.10484017300007
260,11,2018,4,4,16,3,3,6,1,1,0,0,0,0,0,0,8.771807700000068,53.094803082000055
261,11,2018,4,6,17,3,0,1,1,0,0,0,0,0,0,0,8.819689169000071,53.113265571000056
262,11,2018,4,6,18,3,1,5,1,1,0,0,0,0,0,1,8.825952185000062,53.073706446000074
263,11,2018,5,3,19,3,0,7,1,0,0,0,0,0,0,0,8.782193409000058,53.07724654500004
264,11,2018,3,7,12,3,5,3,1,1,0,0,0,0,0,1,8.79946680200004,53.06954279900003
265,11,2018,4,4,12,3,4,7,1,1,0,0,0,0,0,0,8.820542583000076,53.06936462500005
266,11,2018,3,7,17,3,5,3,1,1,0,0,0,0,0,0,8.760138840000025,53.08799765100008
267,11,2018,4,4,18,3,5,3,1,1,0,0,0,0,0,0,8.603442786000073,53.18464394400007
268,11,2018,4,4,10,2,5,3,1,0,0,0,0,1,0,0,8.781543503000023,53.07770538300008
269,11,2018,3,7,17,3,5,2,1,1,0,0,0,0,0,1,8.850620806000052,53.09436609100004
270,11,2018,4,2,7,3,5,2,1,1,0,0,0,0,0,0,8.848623925000027,53.05054809100005
271,11,2018,4,2,15,3,1,5,1,1,0,0,0,0,0,0,8.820549017000076,53.07268261400003
272,11,2018,4,1,8,3,1,5,1,1,0,0,0,0,0,1,8.84753181800005,53.07158479000003
273,11,2018,3,5,9,2,5,3,1,0,0,0,1,0,0,1,8.783999829000038,53.07556344800008
274,11,2018,3,5,10,3,5,2,1,1,0,0,0,0,0,1,8.91992695600004,53.07307406800004
275,11,2018,3,5,7,3,5,3,1,1,0,0,0,0,0,1,8.876952378000055,53.101339333000055
276,11,2018,4,2,15,3,5,2,1,1,0,0,0,0,0,0,8.884100662000037,53.06358237900008
277,11,2018,4,5,14,3,5,3,1,0,0,0,0,1,0,1,8.798078297000075,53.09053276800006
278,12,2018,5,4,7,2,5,3,1,1,0,0,0,0,0,0,8.60481241900004,53.523365031000026
279,11,2018,4,4,9,3,0,3,1,1,0,0,0,0,0,1,8.791504493000048,53.06499855900006
280,12,2018,4,4,7,3,6,7,1,0,1,0,0,0,0,0,8.579291731000069,53.55291345000006
281,11,2018,3,3,19,3,5,3,1,1,0,0,0,0,0,0,8.877016525000045,53.08094297100007
282,11,2018,5,4,7,3,5,3,1,1,0,0,0,0,0,0,8.62487883600005,53.17858385000005
283,11,2018,3,3,13,3,5,3,1,1,0,0,0,0,0,0,8.871838730000036,53.07713350200004
284,11,2018,3,3,16,3,0,3,1,0,0,0,0,0,0,0,8.816251032000025,53.07251031200008
285,11,2018,4,4,16,3,5,3,1,1,0,0,0,0,0,0,8.789926864000051,53.07140474300007
286,11,2018,4,6,23,3,5,3,1,1,0,0,0,0,2,0,8.80132915400003,53.07148678900006
287,11,2018,5,5,21,3,6,4,1,0,1,0,0,0,0,0,8.807208479000053,53.082638615000064
288,12,2018,5,5,6,2,5,3,1,1,0,0,0,0,0,0,8.641383399000063,53.53735130200005
289,11,2018,5,7,16,3,4,6,1,1,0,0,0,0,0,0,8.765570123000032,53.16155516200007
290,11,2018,5,1,15,3,0,1,1,0,0,0,0,0,0,0,8.613045340000042,53.19403866600004
291,11,2018,5,2,12,3,5,2,1,1,0,0,0,0,0,0,8.784188053000037,53.10338563300007
292,11,2018,5,3,6,3,4,6,1,1,0,0,0,0,0,0,8.848347090000061,53.03862752100008
293,11,2018,5,4,17,3,3,6,1,0,0,0,0,0,0,0,8.786347457000034,53.10088571500006
294,11,2018,5,3,17,3,0,4,1,1,1,0,0,0,0,0,8.818196688000057,53.05136362400003
295,12,2018,5,7,18,3,1,7,1,1,0,0,0,0,0,0,8.614187929000025,53.52964675900006
296,11,2018,5,2,14,2,5,3,1,1,0,0,0,0,0,0,8.736376779000068,53.13369136000006
297,11,2018,5,7,12,3,8,1,1,1,0,0,0,0,0,0,8.787016355000048,53.100090926000064
298,11,2018,5,3,14,3,5,3,1,1,0,0,0,0,0,0,8.836986973000023,53.099258715000076
299,11,2018,5,6,13,3,5,3,1,1,0,0,0,0,0,0,8.905977993000022,53.07844722800007
300,12,2018,6,1,18,3,8,1,1,0,0,0,0,0,0,0,8.593769543000064,53.51383092100008
301,11,2018,5,2,11,3,5,3,1,1,0,0,0,0,0,0,8.876394636000043,53.08126811600005
302,11,2018,5,7,9,2,5,6,1,1,0,0,0,0,0,0,8.78203591600004,53.07738679900007
303,11,2018,5,2,14,3,5,2,1,1,0,0,0,0,0,0,8.891969968000069,53.08034370300004
304,12,2018,5,3,8,3,5,3,1,1,0,0,0,0,0,0,8.600159320000046,53.531407623000064
305,11,2018,6,7,17,3,5,3,1,1,0,0,0,0,0,0,8.868217671000025,53.06194058500006
306,12,2018,5,6,16,3,5,3,1,1,0,0,0,0,0,0,8.607591110000044,53.53523753200005
307,11,2018,5,4,8,3,4,6,1,0,0,1,0,0,0,0,8.852619314000037,53.06050469200005
308,11,2018,5,6,10,3,3,6,1,1,0,0,0,1,0,0,8.868273099000021,53.09124322200006
309,11,2018,5,6,15,2,5,3,1,1,0,0,0,0,0,0,8.864423816000055,53.06698099100004
310,12,2018,5,1,20,3,5,3,1,1,0,0,0,0,0,0,8.584661525000058,53.55687999300005
311,11,2018,5,6,16,3,0,7,1,0,0,0,0,0,0,0,8.690202291000048,53.169182841000065
312,11,2018,5,3,11,3,3,2,1,1,0,0,0,0,0,0,8.820937999000023,53.05115975500007
313,11,2018,5,5,17,2,6,6,1,0,1,0,0,0,0,0,8.911743147000038,53.10774783000005
314,11,2018,5,5,13,3,5,3,1,1,0,0,0,0,0,0,8.715401133000057,53.05284382700006
315,11,2018,5,3,15,3,0,1,1,0,0,0,0,0,0,0,8.780506752000065,53.10066379700004
316,11,2018,5,5,18,3,0,7,1,0,0,0,0,0,0,0,8.95327786200005,53.034265565000055
317,11,2018,5,3,7,3,0,7,1,0,0,0,0,1,0,0,8.80102193600004,53.07730824200007
318,11,2018,5,5,14,3,0,1,1,0,0,0,0,0,0,0,8.834584009000025,53.08521988200005
319,11,2018,5,5,20,3,0,5,1,1,0,0,0,0,1,0,8.828840544000059,53.072178343000076
320,11,2018,5,2,17,3,5,3,1,1,0,0,0,0,0,0,8.70248400500003,53.17002592700004
321,11,2018,5,5,19,2,0,7,1,0,0,0,0,0,0,0,8.822810638000021,53.07564185400008
322,11,2018,5,5,21,2,0,7,1,0,0,0,0,0,2,0,8.91928305500005,53.04117094000003
323,12,2018,5,2,18,3,5,3,1,1,0,0,0,0,0,0,8.595218407000061,53.51136496000004
324,11,2018,6,6,20,3,5,3,1,1,0,0,0,0,0,0,8.796901239000022,53.06457730300008
325,11,2018,5,3,16,3,5,3,1,1,0,0,0,0,0,0,8.901463549000027,53.05942573800007
326,11,2018,5,5,17,2,3,1,1,0,0,0,0,0,0,0,8.845115247000024,53.07764127000007
327,11,2018,5,3,7,3,5,3,1,1,0,0,0,0,0,0,8.723862059000055,53.04355584500007
328,12,2018,5,6,7,3,5,3,1,1,0,0,0,0,0,0,8.63841607300003,53.532046595000054
329,11,2018,6,2,18,3,5,2,1,1,0,0,0,0,0,0,8.827683686000057,53.083016573000066
330,12,2018,5,4,12,3,5,3,1,0,0,0,1,0,0,0,8.589717274000066,53.52691004400003
331,11,2018,5,2,10,3,0,7,1,0,0,0,0,0,0,0,8.569132060000072,53.18123986300003
332,12,2018,5,4,16,3,1,5,1,1,0,0,0,0,0,0,8.59866544700003,53.53013449000008
333,11,2018,5,5,17,3,5,2,1,1,0,0,0,0,0,0,8.618806805000077,53.17819002700003
334,11,2018,5,4,15,3,5,2,1,1,0,0,0,0,0,0,8.825133329000039,53.084340901000076
335,11,2018,5,3,19,3,5,3,1,0,0,0,0,1,0,0,8.88104118700005,53.06105966000007
336,11,2018,5,4,9,2,2,6,1,1,0,0,0,0,0,0,8.831064157000071,53.07604137100003
337,11,2018,5,6,8,2,5,3,1,1,0,0,0,0,0,0,8.618208060000029,53.17448806700003
338,11,2018,6,2,12,2,0,7,1,0,0,0,0,0,0,0,8.774530816000038,53.11190108800008
339,11,2018,5,4,13,2,6,7,1,0,1,0,0,0,0,0,8.52868552700005,53.19390455700005
340,11,2018,5,3,10,3,5,3,1,1,0,0,0,0,0,0,8.902613135000024,53.12676357200007
341,11,2018,5,2,6,3,1,3,1,1,0,0,0,0,0,0,8.901428151000061,53.059422408000046
342,11,2018,5,4,6,3,5,3,1,1,0,0,0,0,0,0,8.695292600000073,53.16875345400007
343,11,2018,5,4,9,3,5,3,1,1,0,0,0,0,0,0,8.771389369000076,53.09501779500005
344,11,2018,5,3,16,3,0,7,1,0,0,0,0,1,0,0,8.904303285000026,53.047447215000034
345,11,2018,5,5,14,3,3,6,1,1,0,0,0,0,0,0,8.601907510000046,53.18012273100004
346,12,2018,6,6,10,3,5,3,1,1,0,0,0,0,0,0,8.599992923000059,53.51225272800008
347,11,2018,5,4,15,3,6,4,1,0,1,0,0,0,0,0,8.816351990000044,53.07796870200008
348,11,2018,5,6,8,3,0,6,1,0,0,0,0,0,0,0,8.804415224000024,53.08075552100007
349,11,2018,5,1,15,3,7,7,1,0,0,0,0,1,0,0,8.751365510000028,53.12974204600005
350,11,2018,5,4,18,3,3,6,1,1,0,0,0,0,0,0,8.842162290000033,53.03184078100003
351,11,2018,5,4,17,3,6,3,1,0,1,0,0,0,0,0,8.793669636000061,53.07407498500004
352,11,2018,5,5,10,3,5,2,1,1,0,0,0,0,0,0,8.824748810000074,53.084582270000055
353,11,2018,6,6,18,3,5,2,1,1,0,0,0,0,0,0,8.758219616000076,53.11650377900003
354,11,2018,5,3,14,3,1,7,1,1,0,0,0,0,0,0,8.751393914000062,53.12575232300003
355,11,2018,5,3,7,3,3,6,1,1,0,0,0,0,0,0,8.852764430000036,53.073816589000046
356,12,2018,5,3,21,3,0,7,1,0,0,0,0,0,1,0,8.553802544000064,53.57879138000004
357,11,2018,5,4,8,3,5,2,1,1,0,0,0,0,0,0,8.898926462000077,53.12748678500003
358,12,2018,5,3,16,3,5,2,1,1,0,0,0,0,0,0,8.593882996000048,53.54934027400003
359,12,2018,5,5,16,3,5,3,1,1,0,0,0,0,0,0,8.601996197000062,53.57027798200005
360,12,2018,5,3,14,3,0,7,1,1,0,0,0,0,0,0,8.606788255000026,53.50973533500007
361,11,2018,5,3,16,3,4,6,1,1,0,0,0,0,0,0,8.775558172000046,53.06050681100004
362,11,2018,5,2,14,3,5,3,1,1,0,0,0,0,0,0,8.720607021000035,53.13234271600004
363,11,2018,5,3,17,3,5,2,1,1,0,0,0,0,0,0,8.95939136800007,53.04719750500004
364,11,2018,5,3,17,2,5,2,1,1,1,0,0,0,0,0,8.800136740000028,53.06234964300006
365,11,2018,5,3,16,3,5,3,1,0,0,0,0,1,0,0,8.792684447000056,53.06573495100008
366,11,2018,5,3,6,3,5,3,1,1,0,0,0,0,0,0,8.77721586000007,53.06554816800008
367,11,2018,5,6,14,3,5,3,1,1,0,0,0,0,0,0,8.815783131000046,53.05404557900005
368,11,2018,5,5,15,3,1,5,1,1,0,0,0,0,0,0,8.807219658000065,53.06458814900003
369,11,2018,5,7,19,3,5,2,1,1,0,0,0,0,0,0,8.786335481000037,53.07464544700008
370,11,2018,5,3,15,3,5,3,1,1,0,0,0,0,0,0,8.71383624200007,53.141694389000065
371,11,2018,5,2,18,2,5,2,1,1,0,0,0,0,0,0,8.711477824000042,53.168428110000036
372,11,2018,5,5,7,3,0,1,1,0,0,0,0,0,0,0,8.684221425000032,53.16348859500005
373,11,2018,5,3,11,3,6,4,1,0,1,0,0,0,0,0,8.822654550000038,53.078580887000044
374,11,2018,5,3,17,2,5,2,1,1,0,0,0,0,0,0,8.812783029000059,53.07331416400007
375,11,2018,5,3,11,3,5,3,1,1,0,0,0,0,0,0,8.795005522000054,53.084626609000054
376,12,2018,6,1,17,3,1,5,1,1,0,0,0,0,0,0,8.568434643000046,53.54707336300004
377,11,2018,5,3,14,3,5,2,1,1,0,0,0,0,0,0,8.807623327000044,53.082506419000026
378,11,2018,5,3,15,3,5,3,1,1,0,0,0,0,0,0,8.870612940000058,53.09613076000005
379,11,2018,5,5,14,3,0,1,1,1,0,0,0,0,0,0,8.941415981000034,53.06446649500003
380,11,2018,5,3,17,3,1,5,1,1,0,0,0,0,0,0,8.799150574000066,53.06802417400007
381,11,2018,5,3,21,3,5,3,1,1,0,0,0,0,1,0,8.726947050000035,53.04522006800005
382,12,2018,5,5,12,3,0,7,1,1,0,0,0,0,0,0,8.586276686000076,53.56319975300005
383,11,2018,6,1,11,3,1,1,1,1,0,0,0,0,0,0,8.732273727000063,53.05492144100003
384,11,2018,5,4,22,3,5,3,1,1,0,0,0,0,2,1,8.782609999000044,53.08708115100006
385,11,2018,5,3,15,3,5,2,1,1,0,0,0,0,0,0,8.819678142000043,53.07989141000007
386,11,2018,5,3,8,3,3,2,1,1,0,0,0,0,0,0,8.741052599000056,53.05264688500006
387,12,2018,5,2,17,2,0,7,1,0,0,0,0,0,0,0,8.552142078000031,53.57113972500008
388,12,2018,5,1,15,3,0,7,1,1,0,0,0,0,0,0,8.582079503000045,53.55300847400008
389,12,2018,5,2,6,3,4,3,1,1,0,0,0,0,0,0,8.598609495000062,53.53613065300004
390,11,2018,5,3,4,3,0,7,1,0,0,0,0,0,2,0,8.833363081000073,53.07100856000005
391,11,2018,5,5,9,3,6,4,1,0,1,0,0,0,0,0,8.80746491900004,53.08248217900007
392,12,2018,6,6,7,3,5,3,1,1,0,0,0,0,0,0,8.600301817000059,53.528618135000045
393,11,2018,5,2,13,3,6,4,1,0,1,0,0,0,0,0,8.817053480000027,53.07650405100003
394,12,2018,5,3,20,3,5,3,1,0,0,0,0,0,0,0,8.574816362000035,53.54998335800008
395,11,2018,5,2,8,3,5,3,1,1,0,0,0,0,0,0,8.785405257000036,53.07091720900007
396,11,2018,5,5,20,3,5,3,1,1,0,0,0,0,0,0,8.79912424500003,53.05644943500005
397,11,2018,5,2,14,3,4,6,1,1,0,0,0,0,0,0,8.762255750000065,53.09023169800008
398,12,2018,5,3,17,3,0,7,1,1,0,0,0,0,0,0,8.565503853000052,53.550175710000076
399,11,2018,5,2,18,3,3,2,1,1,0,0,0,0,0,0,8.824748810000074,53.084582270000055
400,11,2018,5,5,17,3,5,2,1,1,0,0,0,0,0,0,8.824176787000056,53.070279955000046
401,11,2018,5,2,16,2,5,3,1,0,0,1,0,0,0,0,8.851724105000073,53.02689241000007
402,11,2018,5,1,22,3,5,3,1,1,0,0,0,0,2,0,8.82086498800004,53.039274325000065
403,11,2018,5,3,18,3,5,2,1,1,0,0,0,0,0,0,8.785633683000071,53.07096234100004
404,11,2018,5,2,17,3,5,2,1,1,0,0,0,0,0,0,8.784173493000026,53.10340006700005
405,12,2018,5,6,14,3,6,4,1,0,1,0,0,0,0,0,8.610668615000066,53.529764872000044
406,11,2018,5,2,17,3,3,6,1,0,0,0,0,1,0,0,8.806912963000059,53.081841559000054
407,11,2018,5,2,14,3,5,3,1,1,0,0,0,0,0,0,8.774952505000044,53.06240638400004
408,11,2018,5,4,1,3,0,1,1,0,0,0,0,0,2,0,8.847881233000066,53.06610632400003
409,11,2018,5,5,7,3,5,3,1,1,0,0,0,0,0,0,8.524080109000067,53.204015620000064
410,11,2018,5,2,17,3,5,3,1,1,0,0,0,0,0,0,8.78190653300004,53.05658723400006
411,11,2018,5,1,5,3,4,6,1,0,0,0,0,0,0,0,8.684206075000077,53.16349159500004
412,11,2018,5,2,9,3,0,2,1,1,0,0,0,0,0,0,8.614214697000023,53.17622427300006
413,11,2018,5,2,18,3,5,3,1,1,0,0,0,0,0,0,8.803610760000026,53.08013936100008
414,11,2018,5,4,9,3,5,2,1,1,0,0,0,0,0,0,8.901760576000072,53.10907580000003
415,11,2018,5,1,12,3,5,7,1,1,0,0,0,0,0,0,8.828408262000039,53.03707793800004
416,11,2018,5,6,19,3,0,7,1,0,0,0,0,0,0,0,8.524077849000037,53.20403912800003
417,11,2018,5,2,8,3,5,3,1,1,0,0,0,0,0,0,8.729420469000047,53.03948378700005
418,11,2018,5,7,17,3,5,3,1,1,0,0,0,0,0,0,8.741582613000048,53.05067430300005
419,11,2018,6,2,17,2,0,1,1,0,0,0,0,1,0,0,8.947186531000057,53.05810928000005
420,11,2018,5,2,7,3,5,3,1,0,0,0,0,1,0,0,8.773944907000043,53.05894139900005
421,12,2018,5,1,0,3,3,6,1,1,0,0,0,0,2,0,8.57212237300007,53.551943091000055
422,11,2018,5,2,18,3,4,6,1,0,0,0,0,0,0,0,8.84776493000004,53.04403871800008
423,11,2018,5,1,0,3,0,7,1,0,0,0,0,0,2,0,8.801365417000056,53.07905590000007
424,11,2018,5,5,18,3,1,5,1,1,0,0,0,0,0,0,8.836588783000025,53.06824324200005
425,11,2018,6,7,12,2,0,7,1,0,0,0,0,0,0,0,8.827247999000065,53.084884274000046
426,11,2018,5,4,15,3,5,3,1,1,0,0,0,0,0,0,8.575580468000055,53.191813747000026
427,11,2018,6,1,18,3,5,2,1,1,0,0,0,0,0,0,8.875920690000044,53.082226656000046
428,11,2018,5,1,15,2,0,7,1,0,0,0,0,0,0,0,8.820699502000025,53.07269749400007
429,11,2018,5,4,9,3,0,7,1,0,0,0,0,0,0,0,8.89174554300007,53.08414571800006
430,11,2018,5,1,12,2,0,7,1,0,0,0,0,0,0,0,8.86270084900002,53.06535287000003
431,11,2018,5,7,13,3,1,7,1,1,0,0,0,0,0,0,8.707190139000033,53.17059820500003
432,11,2018,5,7,18,3,0,7,1,0,0,0,0,0,0,0,8.831052765000038,53.085823151000056
433,11,2018,5,5,6,3,5,3,1,1,0,0,0,0,0,0,8.71555055500005,53.05363841600007
434,11,2018,5,7,14,2,0,7,1,0,0,0,0,0,0,0,8.85994937700002,53.133684807000066
435,11,2018,5,7,13,3,5,3,1,1,0,0,0,0,0,0,8.894848846000059,53.04605752700007
436,11,2018,5,7,17,2,5,3,1,0,0,0,0,0,0,0,8.858277549000036,53.04880308600008
437,11,2018,5,5,15,3,5,2,1,1,0,0,0,0,0,0,8.82256293000006,53.07520831100004
438,11,2018,5,6,22,3,1,7,1,1,0,0,0,0,2,0,8.823659060000068,53.071604259000026
439,12,2018,5,6,18,3,5,3,1,0,0,0,0,0,0,0,8.600663092000048,53.57021302900006
440,12,2018,5,7,16,3,5,2,1,1,0,0,0,0,0,0,8.598236574000055,53.570226037000054
441,11,2018,5,2,15,3,5,3,1,1,0,0,0,0,0,0,8.808604510000066,53.082909820000054
442,11,2018,6,6,7,3,5,2,1,0,0,0,1,0,0,0,8.820808346000035,53.05136618800003
443,12,2018,5,6,13,3,5,3,1,1,0,0,0,0,0,0,8.595844268000064,53.588197695000076
444,11,2018,5,3,21,3,5,2,1,1,0,0,0,0,2,0,8.797872444000063,53.06637024300005
445,12,2018,5,6,10,2,5,2,1,1,0,0,0,0,0,0,8.59790861700003,53.50677585900007
446,12,2018,5,4,21,3,5,3,1,1,0,0,0,0,1,0,8.59889147900003,53.57331339800004
447,11,2018,6,2,22,3,0,7,1,0,0,0,0,0,1,0,8.79949330900007,53.06935744000003
448,11,2018,5,2,15,3,2,6,1,0,0,0,1,0,0,0,8.894900612000072,53.05964251300003
449,11,2018,5,5,22,3,6,4,1,0,1,0,0,0,1,0,8.891599124000038,53.06089569800008
450,11,2018,5,2,9,3,5,3,1,1,0,0,0,0,0,0,8.570536785000058,53.20175936600003
451,11,2018,5,6,12,3,5,2,1,1,0,0,0,0,0,0,8.80701166600005,53.064708834000044
452,11,2018,5,6,10,3,5,2,1,1,0,0,0,0,0,0,8.780583757000045,53.06815110300005
453,11,2018,5,4,9,2,0,7,1,0,0,0,0,0,0,1,8.791142647000072,53.06477128000006
454,11,2018,5,6,17,3,5,3,1,1,0,0,0,0,0,0,8.828498024000055,53.08007057900005
455,11,2018,6,2,7,3,5,3,1,1,0,0,0,0,0,0,8.763328819000037,53.11654725500006
456,11,2018,5,6,15,3,0,1,1,0,0,0,0,0,0,0,8.816678567000054,53.09242227700008
457,11,2018,5,6,15,3,1,5,1,1,0,0,0,0,0,0,8.842856373000075,53.08912983400006
458,11,2018,5,6,15,3,5,3,1,1,0,0,0,0,0,0,8.888827689000038,53.085978305000026
459,12,2018,5,3,9,3,3,2,1,0,0,0,0,0,0,0,8.597061049000047,53.574527818000035
460,11,2018,5,5,18,3,5,3,1,1,0,0,0,0,0,0,8.815132900000037,53.07713349000005
461,11,2018,5,6,17,3,6,4,1,0,1,0,0,0,0,0,8.87078668600003,53.06468844700004
462,11,2018,5,1,3,3,1,5,1,1,0,0,0,0,2,0,8.794335768000053,53.07198536700008
463,11,2018,5,3,14,2,5,3,1,0,0,0,1,0,0,0,8.798657405000029,53.05452474400005
464,12,2018,5,4,19,3,0,7,1,0,0,0,0,0,0,0,8.589534839000066,53.53206458100004
465,12,2018,5,4,16,3,6,7,1,0,1,0,0,0,0,0,8.591526429000055,53.532212515000026
466,11,2018,6,7,1,3,1,7,1,0,0,0,0,1,2,0,8.852278511000065,53.08838557400003
467,11,2018,6,6,18,3,5,3,1,1,0,0,0,0,0,0,8.71768379200006,53.176031968000075
468,11,2018,6,7,18,3,0,7,1,0,0,0,0,0,0,0,8.801368969000066,53.071277218000034
469,11,2018,7,3,22,3,3,2,1,1,0,0,0,0,1,0,8.828314988000045,53.080194541000026