,UKREIS,UJAHR,UMONAT,UWOCHENTAG,USTUNDE,UKATEGORIE,UART,UTYP1,IstRad,IstPKW,IstFuss,IstKrad,IstGkfz,IstSonstig,ULICHTVERH,STRZUSTAND,longitude,latitude
470,11,2018,6,3,13,3,3,2,1,1,0,0,0,0,0,0,8.837995076000027,53.07844914200007
471,11,2018,6,7,9,3,5,2,1,1,0,0,0,0,0,0,8.59530028100005,53.17924609900007
472,12,2018,7,5,22,3,5,3,1,1,0,0,0,0,1,0,8.593685312000048,53.533369023000034
473,11,2018,7,4,17,3,5,3,1,1,0,0,0,0,0,1,8.803515597000057,53.07683619300008
474,11,2018,6,4,15,3,5,3,1,1,0,0,0,0,0,0,8.879699305000031,53.11255438200004
475,11,2018,6,7,18,3,3,2,1,1,0,0,0,0,0,0,8.961919129000023,53.05323371000003
476,12,2018,6,4,7,3,5,2,1,1,0,0,0,0,0,0,8.596213120000073,53.509663655000054
477,11,2018,6,3,15,3,0,7,1,0,0,0,0,0,0,0,8.882244411000045,53.10097491800008
478,11,2018,6,7,18,3,4,6,1,0,0,0,0,0,0,0,8.860923537000076,53.06338723400006
479,11,2018,6,5,7,3,5,6,1,0,0,0,0,0,0,0,8.83353147300005,53.09442468000003
480,11,2018,6,6,7,3,0,7,1,0,0,1,0,1,0,1,8.786051430000043,53.07778711700007
481,11,2018,6,6,11,3,5,2,1,1,0,0,0,0,0,0,8.853830148000043,53.06571276500006
482,11,2018,7,3,16,3,5,3,1,1,0,0,0,0,0,0,8.934693637000066,53.08340334800005
483,11,2018,6,3,18,3,3,2,1,1,0,0,0,0,0,0,8.886098418000074,53.05994561400007
484,11,2018,6,6,17,3,5,3,1,1,0,0,0,0,0,0,8.81867296400003,53.06972332000004
485,11,2018,6,7,18,2,5,3,1,1,0,0,0,0,0,0,8.879071916000044,53.06507172500005
486,11,2018,6,6,10,3,5,2,1,0,0,0,0,1,0,0,8.850906042000076,53.07170713000005
487,11,2018,6,5,8,3,5,3,1,0,0,0,0,0,0,0,8.612394436000045,53.17505813100007
488,11,2018,6,2,7,3,5,3,1,1,0,0,0,0,0,0,8.792061861000036,53.07305856900007
489,11,2018,6,3,8,3,5,2,1,1,0,0,0,0,0,0,8.832605525000076,53.03349105600006
490,12,2018,6,6,13,3,5,3,1,1,0,0,0,0,0,0,8.586601035000058,53.53667666900003
491,11,2018,6,5,11,3,5,2,1,1,0,0,0,0,0,0,8.875130006000063,53.08242706100003
492,11,2018,6,4,14,3,5,7,1,1,0,0,0,0,0,0,8.871628540000074,53.06227655200007
493,11,2018,7,6,15,3,1,5,1,1,0,0,0,0,0,0,8.754589332000023,53.11650908200005
494,11,2018,7,6,0,3,1,7,1,1,0,0,0,0,2,0,8.89441611500007,53.05205798800006
495,11,2018,6,1,15,3,5,3,1,1,0,0,0,0,0,1,8.811417737000056,53.091750527000045
496,11,2018,6,5,9,3,5,3,1,0,0,0,0,1,0,0,8.758398532000058,53.115629400000046
497,12,2018,7,2,22,3,0,1,1,0,0,0,0,0,2,0,8.593608335000056,53.55241529500006
498,11,2018,6,5,13,3,5,3,1,1,0,0,0,0,0,0,8.897078432000058,53.118231249000075
499,11,2018,6,3,12,3,6,6,1,0,1,0,0,0,0,0,8.907102596000072,53.04007994600005
500,11,2018,6,6,18,3,5,3,1,1,0,0,0,0,0,0,8.817084274000024,53.078782982000064
501,11,2018,7,5,17,3,5,2,1,1,0,0,0,0,0,0,8.824400877000073,53.08442219700004
502,11,2018,7,2,17,3,5,3,1,1,0,0,0,0,0,0,8.80733312500007,53.08239406400003
503,11,2018,7,5,12,3,0,7,1,0,0,0,0,0,0,0,8.80909828700004,53.06346256100005
504,11,2018,6,7,19,2,5,3,1,1,0,0,0,0,0,0,8.809366030000035,53.03166779600008
505,12,2018,6,4,16,3,5,2,1,0,0,0,0,1,0,0,8.575860305000049,53.555563747000065
506,11,2018,6,2,17,3,0,7,1,0,0,0,0,0,0,1,8.831572650000055,53.08594316800003
507,11,2018,6,5,13,3,5,3,1,1,0,0,0,0,0,0,8.76482955800003,53.10999603100004
508,11,2018,6,7,19,3,5,3,1,1,0,0,0,0,0,0,8.817254607000052,53.07870197500006
509,12,2018,6,4,10,3,5,3,1,1,0,0,0,0,0,0,8.584110424000073,53.52124363300004
510,12,2018,6,4,20,3,1,5,1,0,0,0,1,0,0,0,8.601906685000074,53.57077899500007
511,11,2018,6,4,17,3,6,4,1,0,1,0,0,0,0,0,8.832552210000074,53.068609148000064
512,11,2018,7,5,16,3,5,3,1,1,0,0,0,0,0,0,8.934733419000054,53.07010273100008
513,11,2018,6,4,17,3,5,3,1,1,0,0,0,0,0,0,8.757827883000061,53.12299784600003
514,12,2018,6,7,19,3,1,7,1,1,0,0,0,0,0,0,8.595209359000023,53.53877380000006
515,11,2018,6,4,8,3,5,2,1,0,0,0,0,0,0,0,8.831294060000062,53.07549233800006
516,11,2018,6,5,18,3,1,5,1,1,0,0,0,0,0,0,8.758913127000028,53.116920839000045
517,11,2018,7,7,1,3,0,7,1,0,0,0,0,0,2,0,8.810680754000032,53.07182578000004
518,11,2018,6,4,21,3,5,3,1,1,0,0,0,0,1,0,8.83819709900007,53.06775234300005
519,11,2018,7,3,6,2,0,3,1,1,0,0,0,0,0,0,8.749591357000043,53.12051204200003
520,11,2018,6,4,21,3,5,2,1,1,0,0,0,0,0,0,8.941151949000073,53.05875555500006
521,11,2018,7,4,7,3,2,6,1,1,0,0,0,0,0,0,8.86492510200003,53.09578258400006
522,12,2018,6,2,14,3,5,3,1,1,0,0,0,0,0,0,8.573600862000035,53.558613938000065
523,12,2018,6,3,17,2,5,3,1,1,0,0,0,0,0,0,8.638547920000065,53.53088519200003
524,12,2018,6,3,18,3,3,6,1,1,0,0,0,0,0,0,8.594440967000025,53.55865461800005
525,12,2018,6,4,7,3,5,2,1,1,0,0,0,0,0,0,8.597889291000058,53.580171402000076
526,12,2018,6,3,15,3,1,5,1,1,0,0,0,0,0,0,8.59874971000005,53.53170506500004
527,11,2018,6,1,11,2,6,4,1,0,1,0,0,0,0,0,8.81337497900006,53.05809728300005
528,12,2018,7,2,16,3,5,3,1,1,0,0,0,0,0,0,8.571246982000048,53.55084258200003
529,11,2018,6,3,19,3,1,5,1,1,0,0,0,0,0,0,8.802739005000035,53.06330950200004
530,11,2018,6,3,10,3,5,3,1,1,0,0,0,0,0,0,8.839100658000064,53.08999240000003
531,11,2018,6,3,19,2,0,7,1,0,0,0,0,0,0,0,8.833174287000077,53.07864342400006
532,11,2018,6,3,11,3,5,3,1,1,0,0,0,0,0,0,8.792220203000056,53.08272908600003
533,11,2018,6,3,18,3,3,6,1,0,0,0,0,0,0,0,8.822536802000059,53.075210490000075
534,11,2018,6,3,9,3,0,1,1,0,0,0,0,0,0,0,8.84727498500007,53.09285415000005
535,11,2018,6,7,9,3,5,3,1,0,0,0,0,1,0,0,8.899193185000058,53.12083374900004
536,11,2018,6,2,18,3,5,3,1,0,0,0,0,0,0,0,8.823551117000022,53.044155190000026
537,11,2018,6,3,19,3,1,5,1,1,0,0,0,0,0,0,8.827019799000027,53.07655944100003
538,11,2018,6,6,12,3,5,3,1,1,0,0,0,0,0,0,8.702887787000066,53.171096498000054
539,11,2018,6,2,7,3,5,3,1,1,0,0,0,0,0,0,8.62661915700005,53.18463210800007
540,11,2018,7,4,13,3,3,2,1,0,0,0,0,1,0,1,8.808176142000036,53.09463145900003
541,11,2018,7,2,16,3,0,7,1,0,0,0,0,0,0,0,8.759492891000036,53.12521086100003
542,11,2018,6,3,22,3,1,5,1,1,0,0,0,0,1,0,8.92224630800007,53.04096117700004
543,11,2018,6,6,8,3,2,6,1,0,0,0,0,0,0,1,8.805195789000038,53.07295073000006
544,11,2018,6,2,8,3,5,3,1,1,0,0,0,0,0,0,8.876537149000058,53.08104248300003
545,11,2018,7,3,16,3,0,3,1,1,0,0,0,0,0,0,8.774968179000041,53.07726899600004
546,11,2018,6,3,19,3,5,3,1,0,0,0,0,1,0,0,8.895755339000061,53.051258602000075
547,11,2018,7,1,10,3,4,6,1,0,0,0,0,0,0,0,8.795581088000063,53.07547363800006
548,11,2018,6,2,16,3,5,3,1,1,0,0,0,0,0,0,8.87792364400002,53.07965722200004
549,11,2018,6,2,11,3,5,3,1,1,0,0,0,0,0,0,8.85876311100003,53.07236335400006
550,11,2018,7,4,14,3,6,4,1,0,1,0,0,0,0,0,8.787063272000069,53.10003421300007
551,12,2018,6,1,20,2,5,3,1,1,0,0,0,0,0,0,8.595350291000045,53.54317204600005
552,11,2018,6,1,13,3,0,7,1,0,0,0,0,0,0,0,8.87784229700003,53.03927505300004
553,11,2018,7,1,18,3,5,3,1,1,0,0,0,0,0,0,8.846947059000058,53.048264740000036
554,12,2018,7,7,12,3,5,2,1,1,0,0,0,0,0,0,8.600702091000073,53.51426192300005
555,11,2018,6,7,13,3,5,3,1,1,0,0,0,0,0,0,8.753341729000056,53.12091973200006
556,11,2018,6,7,12,3,1,5,1,1,0,0,0,0,0,0,8.783123801000045,53.07552195800008
557,11,2018,6,7,18,3,5,2,1,1,0,0,0,0,0,0,8.853631620000044,53.06487338200003
558,11,2018,6,7,22,2,5,3,1,0,0,0,0,1,2,0,8.56513553700006,53.18687866500005
559,11,2018,7,6,20,3,5,3,1,1,0,0,0,0,0,0,8.876504314000044,53.08103182800005
560,11,2018,6,5,8,3,5,3,1,1,0,0,0,0,0,0,8.711070248000055,53.16830642800005
561,11,2018,6,2,8,3,0,7,1,0,0,0,0,0,0,0,8.851701105000075,53.09563814200004
562,11,2018,6,7,15,3,4,6,1,0,0,0,0,0,0,0,8.712139248000028,53.14571235100004
563,12,2018,6,6,2,3,5,2,1,0,0,0,0,1,2,0,8.594139039000027,53.539024049000034
564,11,2018,6,4,17,3,0,1,1,0,0,0,0,0,0,0,8.869411074000027,53.06701667600004
565,11,2018,7,6,15,3,5,3,1,1,0,0,0,0,0,0,8.856585559000052,53.07135794000004
566,11,2018,6,6,16,3,0,7,1,0,0,0,0,0,0,0,8.819531898000037,53.08051694900007
567,11,2018,7,2,19,3,5,3,1,1,0,0,0,0,0,0,8.756382334000023,53.11842556000005
568,11,2018,6,2,15,3,5,3,1,0,0,0,0,1,0,0,8.910354932000075,53.07809598800003
569,12,2018,6,2,6,3,5,3,1,1,0,0,0,0,0,0,8.594984164000039,53.57209851200008
570,11,2018,6,6,23,3,0,2,1,1,0,0,0,0,2,0,8.844197780000059,53.07536488000005
571,11,2018,6,6,10,3,5,3,1,1,0,0,0,0,0,0,8.90070557000007,53.12077094800003
572,11,2018,7,5,15,3,5,3,1,1,0,0,0,0,0,0,8.925597913000047,53.07313056800007
573,11,2018,6,6,15,2,5,3,1,1,0,0,0,0,0,0,8.838658030000033,53.08279984500007
574,11,2018,6,6,13,3,5,3,1,1,0,0,0,0,0,0,8.849805855000056,53.05044089000006
575,11,2018,6,6,15,3,0,3,1,0,0,0,0,1,0,0,8.790995011000064,53.07237929000007
576,11,2018,7,1,14,3,5,2,1,0,0,1,0,0,0,0,8.785127696000075,53.088587963000066
577,11,2018,6,7,0,3,0,7,1,0,0,0,0,0,2,0,8.794498001000022,53.117031617000066
578,11,2018,6,5,14,3,0,7,1,0,1,0,0,0,0,0,8.773885324000048,53.09527661800007
579,11,2018,6,6,11,3,3,6,1,0,0,0,0,1,0,0,8.811174574000063,53.07627685600005
580,12,2018,6,2,15,3,0,7,1,0,0,0,0,0,0,0,8.584890675000054,53.55705897200005
581,12,2018,6,5,14,3,0,7,1,1,0,0,0,0,0,0,8.600350659000071,53.50125633600004
582,11,2018,6,6,19,3,5,3,1,1,0,0,0,0,0,0,8.940061494000076,53.067867214000046
583,11,2018,6,6,13,3,5,3,1,1,0,0,0,0,0,0,8.79678327800002,53.06697143300005
584,11,2018,7,5,9,3,5,2,1,1,0,0,0,0,0,0,8.914475851000077,53.05959997400004
585,12,2018,6,5,8,3,5,3,1,1,0,0,0,0,0,0,8.632382093000047,53.53074382900007
586,11,2018,6,6,14,3,4,6,1,0,0,0,0,0,0,0,8.867192962000047,53.062140029000034
587,12,2018,6,7,20,3,0,1,1,0,0,0,0,0,0,0,8.600610153000048,53.57021003600005
588,11,2018,6,6,7,3,5,3,1,1,0,0,0,0,0,0,8.656472696000037,53.17576371000007
589,11,2018,6,5,15,3,3,6,1,0,0,0,0,0,0,0,8.805222251000032,53.073104467000064
590,11,2018,6,7,11,3,5,3,1,1,0,0,0,0,0,0,8.814662702000021,53.04231910900006
591,11,2018,6,2,15,3,5,3,1,1,0,0,0,0,0,0,8.700752038000076,53.16792699600006
592,11,2018,7,3,16,3,5,2,1,1,0,0,0,0,0,0,8.825122865000026,53.08431030000003
593,11,2018,6,3,16,3,4,7,1,0,0,0,0,0,0,0,8.799765936000028,53.079193246000045
594,11,2018,6,5,23,3,5,3,1,1,0,0,0,0,2,1,8.80105510900006,53.06448799800006
595,12,2018,6,5,9,3,5,3,1,1,0,0,0,0,0,0,8.592346288000044,53.53947038800004
596,11,2018,6,4,12,3,5,3,1,1,0,0,0,0,0,0,8.87054366600006,53.098179180000045
597,11,2018,6,5,15,3,5,3,1,1,0,0,0,0,0,0,8.846933475000071,53.04831568000003
598,11,2018,6,7,19,3,6,4,1,0,1,0,0,0,0,0,8.800079437000022,53.07001409800006
599,11,2018,6,5,16,3,5,2,1,1,0,0,0,0,0,0,8.774011474000076,53.08066513800003
600,11,2018,7,3,7,3,0,3,1,1,0,0,0,0,0,1,8.845715217000077,53.033134732000065
601,11,2018,7,7,16,2,0,7,1,0,0,0,0,0,0,0,8.860542635000058,53.04958218100006
602,11,2018,6,5,7,3,4,6,1,1,0,0,0,0,0,0,8.788828789000036,53.10422764200007
603,11,2018,7,3,16,3,5,3,1,1,0,0,0,0,0,0,8.731115857000077,53.054646999000056
604,11,2018,6,3,7,3,5,3,1,1,0,0,0,0,0,0,8.916064867000046,53.07116479800004
605,11,2018,6,5,7,3,5,3,1,1,0,0,0,0,0,0,8.803923183000052,53.072482052000055
606,11,2018,6,5,15,3,5,3,1,1,0,0,0,0,0,0,8.910872262000055,53.03939385600006
607,11,2018,6,5,18,2,5,3,1,1,0,0,0,0,0,0,8.83802464300004,53.06789150700007
608,11,2018,6,4,19,3,4,3,1,1,0,0,0,0,0,0,8.899193185000058,53.12083374900004
609,11,2018,7,6,7,3,5,2,1,1,0,0,0,0,0,1,8.77206207100005,53.09467307300008
610,11,2018,6,7,14,3,5,2,1,0,0,0,0,0,0,0,8.722095401000047,53.15871001100004
611,11,2018,6,5,9,3,5,2,1,1,0,0,0,0,0,0,8.860280124000042,53.102824858000076
612,11,2018,6,2,16,3,6,4,1,0,1,0,0,0,0,0,8.799905727000066,53.09460579000006
613,12,2018,6,2,15,3,3,6,1,0,0,0,0,1,0,0,8.584706596000046,53.540598671000055
614,11,2018,6,4,9,3,6,4,1,0,1,0,0,0,0,0,8.802579704000038,53.082658424000044
615,11,2018,6,4,13,3,5,2,1,1,0,0,0,0,0,0,8.785774179000043,53.10277544400003
616,11,2018,6,4,9,3,0,7,1,0,0,0,0,0,0,0,8.832390001000022,53.086161824000044
617,11,2018,7,2,11,3,3,2,1,0,0,0,1,0,0,0,8.619383646000074,53.18406981500004
618,11,2018,6,2,18,2,5,2,1,1,0,0,0,0,0,1,8.781589005000058,53.10098280900007
619,11,2018,6,4,7,3,5,2,1,1,0,0,0,0,0,0,8.800177096000027,53.06999463400007
620,11,2018,6,6,8,2,5,2,1,0,0,0,1,0,0,0,8.819470297000066,53.048613782000075
621,11,2018,6,4,16,3,5,2,1,1,0,0,0,0,0,0,8.847161999000036,53.08699373200005
622,11,2018,7,1,14,3,0,7,1,0,0,0,0,0,0,0,8.864165823000064,53.068901700000026
623,12,2018,7,4,22,3,3,6,1,0,0,0,0,0,1,0,8.569136870000023,53.56039840100004
624,11,2018,6,4,13,3,5,2,1,1,0,0,0,0,0,0,8.638126209000063,53.17325492300006
625,12,2018,6,3,12,3,5,2,1,1,0,0,0,0,0,0,8.590326717000039,53.53985263800007
626,11,2018,7,3,13,3,6,7,1,0,1,0,0,0,0,0,8.813440572000047,53.09944647200007
627,11,2018,6,5,13,3,0,2,1,0,1,0,0,0,0,0,8.813910906000046,53.03301562400003
628,12,2018,7,3,10,3,5,2,1,1,0,0,0,0,0,0,8.597767872000077,53.57913871200003
629,11,2018,7,1,7,3,4,6,1,0,0,0,0,0,0,0,8.761327805000064,53.05947918000004
630,12,2018,6,2,13,3,1,7,1,1,0,0,0,0,0,0,8.572681645000046,53.55047314800004
631,11,2018,6,3,10,3,5,3,1,1,0,0,0,0,0,0,8.904464052000037,53.07850526300007
632,11,2018,6,3,8,3,5,3,1,1,0,0,0,0,0,0,8.94164322000006,53.06041791700005
633,11,2018,6,4,15,3,3,2,1,1,0,0,0,0,0,0,8.806814257000042,53.06046795000003
634,11,2018,7,7,18,3,5,7,1,1,0,0,0,0,0,0,8.734733250000033,53.05581190800007
635,11,2018,6,3,11,3,3,6,1,0,0,0,0,0,0,0,8.808396555000058,53.08801983300003
636,12,2018,7,2,19,3,5,3,1,1,0,0,0,0,0,0,8.594302811000034,53.546462802000065
637,11,2018,6,2,20,3,1,2,1,0,0,0,0,0,0,0,8.959080116000052,53.04712479400007
638,11,2018,6,3,17,3,5,3,1,1,0,0,0,0,0,0,8.829545734000021,53.07190747800007
639,11,2018,6,3,12,3,0,7,1,0,0,0,0,0,0,0,8.572289331000036,53.19567687500006
640,11,2018,6,3,14,3,5,3,1,0,0,0,1,0,0,0,8.791246495000053,53.09152879000004
641,11,2018,6,4,9,3,6,7,1,1,1,0,0,0,0,0,8.854614882000021,53.08096335700003
642,11,2018,6,3,16,3,5,3,1,1,0,0,0,0,0,0,8.754536264000023,53.11928165100005
643,11,2018,7,2,20,3,0,7,1,0,0,0,0,0,0,0,8.830457398000021,53.08567797500007
644,12,2018,6,2,13,2,0,7,1,0,0,0,0,1,0,0,8.618365012000027,53.53030736900007
645,11,2018,7,2,16,3,5,3,1,1,0,0,0,0,0,0,8.872318842000027,53.077420575000076
646,11,2018,8,3,20,3,0,6,1,0,1,0,0,0,0,0,8.880479121000064,53.059824623000054
647,11,2018,8,7,19,3,4,6,1,0,0,0,0,0,0,0,8.807177477000039,53.07409064700005
648,11,2018,8,4,11,3,4,6,1,1,0,0,0,0,0,0,8.95249842100003,53.09325435900007
649,11,2018,8,6,16,3,1,7,1,1,0,0,0,0,0,0,8.741937032000067,53.12794698600004
650,11,2018,8,6,18,2,5,3,1,1,0,0,0,0,0,0,8.924568918000034,53.044089847000066
651,11,2018,8,5,13,3,0,3,1,1,0,0,0,0,0,0,8.80686641400007,53.081972703000076
652,11,2018,8,3,17,3,5,3,1,1,0,0,0,0,0,0,8.871018132000074,53.08741685100006
653,11,2018,8,5,14,2,5,3,1,1,0,0,0,0,0,0,8.776761444000044,53.10605264800006
654,12,2018,8,5,19,3,3,6,1,1,0,0,0,0,0,0,8.572765367000045,53.56045720800006
655,11,2018,8,5,8,3,0,1,1,0,0,0,0,0,0,0,8.768712288000074,53.10295470800003
656,11,2018,8,4,7,3,5,3,1,1,0,0,0,0,0,0,8.898549400000036,53.119926064000026
657,11,2018,8,5,11,3,6,7,1,0,1,0,0,0,0,0,8.756170653000027,53.12522360200006
658,11,2018,8,5,16,3,5,2,1,1,0,0,0,0,0,0,8.80836714700007,53.08302377600006
659,11,2018,8,5,17,3,5,3,1,0,0,0,0,0,0,0,8.82312427900007,53.07944547900007
660,11,2018,8,2,18,3,5,3,1,1,0,0,0,0,0,0,8.740496636000046,53.13759194800008
661,11,2018,8,3,7,3,0,7,1,0,0,0,0,0,0,0,8.799209516000076,53.06955011500003
662,11,2018,8,6,11,3,5,2,1,1,0,0,0,0,0,0,8.66379463000004,53.17543652900008
663,11,2018,8,5,8,3,5,3,1,1,0,0,0,0,0,0,8.790403511000022,53.09216179600003
664,11,2018,8,4,14,2,6,4,1,0,1,0,0,0,0,0,8.57796669000004,53.18159824500003
665,11,2018,8,4,17,2,5,2,1,0,0,0,0,0,0,0,8.806105631000037,53.073300388000064
666,11,2018,8,2,13,3,1,5,1,1,0,0,0,0,0,0,8.781934453000076,53.09747377900004
667,11,2018,8,4,16,3,1,7,1,1,0,0,0,0,0,0,8.77836826400005,53.07623489700006
668,11,2018,8,4,9,3,3,2,1,0,0,0,0,1,0,0,8.803438615000061,53.08025502000004
669,11,2018,8,4,16,2,3,2,1,0,0,0,0,1,0,0,8.951599080000051,53.05786617600006
670,11,2018,8,2,17,3,4,3,1,0,0,0,0,0,0,0,8.790427076000071,53.08278852700005
671,11,2018,8,4,5,3,5,3,1,1,0,0,0,0,1,0,8.783917788000053,53.06572410500007
672,11,2018,8,4,7,3,0,7,1,0,0,0,0,1,0,0,8.817700923000075,53.02835112200006
673,11,2018,8,2,7,3,5,3,1,1,0,0,0,0,0,0,8.77666905700005,53.09755206800003
674,11,2018,8,4,7,2,5,2,1,1,0,0,0,0,0,0,8.874160360000076,53.06685717000005
675,11,2018,8,5,8,3,5,3,1,1,0,0,0,0,0,0,8.891690937000021,53.084244213000034
676,11,2018,8,4,12,3,5,3,1,1,0,0,0,0,0,0,8.818960581000056,53.07788402800003
677,11,2018,8,4,16,3,0,1,1,0,0,0,0,0,0,0,8.808430658000077,53.07518408000004
678,11,2018,8,4,8,3,5,2,1,1,0,0,0,0,0,0,8.890278919000025,53.114945686000056
679,11,2018,8,1,17,3,5,2,1,1,0,0,0,0,0,0,8.812402493000036,53.08603774100004
680,11,2018,8,4,17,3,5,2,1,1,0,0,0,0,0,0,8.79668900200005,53.08254817100004
681,11,2018,8,4,17,3,1,7,1,0,0,0,0,0,0,0,8.831644932000074,53.08112389400003
682,11,2018,8,4,18,3,5,2,1,1,0,0,0,0,0,0,8.751750497000046,53.16391360100005
683,11,2018,7,3,7,3,5,3,1,1,0,0,0,0,0,0,8.619345698000075,53.18296866400004
684,11,2018,8,7,6,3,5,3,1,1,0,0,0,0,0,1,8.825122865000026,53.08431030000003
685,11,2018,8,3,16,3,3,2,1,1,0,0,0,0,0,0,8.795005038000056,53.08462633600004
686,11,2018,8,1,14,2,3,6,1,1,0,0,0,0,0,0,8.801684034000061,53.09458208700005
687,11,2018,8,3,9,3,0,7,1,1,0,0,0,0,0,0,8.775253958000064,53.07045975700004
688,11,2018,7,3,13,3,2,6,1,0,0,0,0,0,0,0,8.705675937000024,53.174125598000046
689,11,2018,8,7,1,3,1,7,1,1,0,0,0,0,2,0,8.737107460000061,53.128774055000065
690,11,2018,7,3,20,3,5,3,1,1,0,0,0,0,0,0,8.927739705000022,53.07251837700005
691,11,2018,8,4,12,3,5,3,1,1,0,0,0,0,0,0,8.704679386000066,53.15470936200006
692,11,2018,7,3,18,3,5,3,1,1,0,0,0,0,0,0,8.804618228000038,53.085793178000074
693,11,2018,8,6,13,3,5,3,1,0,1,0,0,0,0,0,8.807318406000036,53.07395348600005
694,11,2018,8,2,12,2,5,3,1,1,0,0,0,0,0,0,8.856348191000052,53.082291895000026
695,12,2018,8,6,14,3,0,7,1,1,0,0,0,0,0,0,8.57205859000004,53.549995128000035
696,11,2018,7,2,15,2,1,5,1,1,0,0,0,0,0,0,8.889382269000066,53.120049719000065
697,11,2018,8,5,14,3,5,3,1,1,0,0,0,0,0,0,8.769445113000074,53.110662786000034
698,11,2018,7,2,14,3,1,7,1,1,0,0,0,0,0,0,8.817494594000038,53.095884599000044
699,11,2018,8,3,13,3,6,4,1,0,1,0,0,0,0,0,8.900821545000042,53.04181382500008
700,11,2018,8,7,13,3,5,3,1,1,0,0,0,0,0,1,8.832046816000059,53.077554934000034
701,11,2018,7,2,11,3,4,2,1,1,0,0,0,0,0,0,8.830170508000037,53.08560629100003
702,11,2018,8,6,21,3,1,5,1,1,0,0,0,0,2,0,8.843201517000068,53.06894687800008
703,11,2018,7,2,6,3,5,2,1,1,0,0,0,0,0,0,8.786308792000057,53.057298494000065
704,11,2018,7,2,15,3,1,7,1,1,0,0,0,0,0,0,8.844065372000045,53.07196123700004
705,11,2018,8,6,13,3,0,7,1,0,0,0,0,0,0,0,8.808967465000023,53.07215819800007
706,11,2018,7,2,17,3,5,3,1,1,0,0,0,0,0,0,8.824952920000044,53.08419197500007
707,11,2018,8,3,18,3,5,3,1,0,0,0,0,1,0,0,8.855941581000025,53.10349068200003
708,11,2018,7,2,17,3,5,3,1,1,0,0,0,0,0,0,8.950653224000064,53.06011072600006
709,11,2018,8,5,14,3,5,3,1,1,0,0,0,0,0,0,8.778042909000021,53.06207371700003
710,11,2018,8,4,17,3,5,3,1,1,0,0,0,0,0,0,8.801270971000065,53.071518224000044
711,11,2018,7,1,17,3,5,3,1,1,0,0,0,0,0,0,8.760548726000025,53.12286467700005
712,12,2018,7,7,14,2,5,3,1,1,0,0,0,0,0,0,8.598934194000037,53.57022703000007
713,11,2018,8,3,16,3,6,4,1,0,1,0,0,0,2,0,8.809235904000047,53.07793564100007
714,11,2018,8,4,1,3,1,7,1,1,0,0,0,0,2,0,8.886603076000029,53.10050165600006
715,11,2018,8,5,13,3,1,1,1,1,0,0,0,0,0,0,8.805135300000074,53.09553301900007
716,11,2018,7,7,2,2,7,7,1,0,1,0,0,0,2,0,8.82713071400002,53.07957668500006
717,12,2018,7,6,9,3,5,3,1,1,0,0,0,0,0,0,8.579642791000026,53.53823078900007
718,11,2018,8,1,11,3,0,7,1,0,0,0,0,1,0,0,8.886469834000025,53.100363135000066
719,11,2018,8,7,15,3,0,7,1,0,0,0,0,0,0,0,8.667591636000054,53.175134384000046
720,11,2018,8,3,9,3,5,2,1,1,0,0,0,0,0,0,8.68581187500007,53.17384282200004
721,11,2018,7,6,15,3,5,3,1,1,0,0,0,0,0,0,8.864670574000058,53.09509967500003
722,11,2018,8,4,19,3,5,2,1,1,0,0,0,0,0,0,8.825131438000028,53.08433536700005
723,11,2018,8,2,13,2,1,7,1,1,0,0,0,0,0,1,8.795890246000056,53.065146550000065
724,12,2018,8,3,11,3,3,6,1,1,0,0,0,0,0,0,8.595090990000074,53.53032973300003
725,11,2018,7,6,12,3,0,1,1,0,0,0,0,0,0,0,8.851939691000041,53.073019474000034
726,11,2018,7,6,11,3,5,2,1,1,0,0,0,0,0,0,8.57250891800004,53.183962515000076
727,12,2018,7,5,6,3,5,3,1,1,0,0,0,0,0,0,8.604344110000056,53.58797185200007
728,12,2018,8,2,7,3,0,7,1,0,0,0,1,0,0,1,8.585934269000063,53.55961116600008
729,11,2018,7,5,14,3,5,3,1,1,0,0,0,0,0,0,8.740719632000037,53.052684029000034
730,11,2018,7,5,18,2,5,3,1,1,0,0,0,0,0,0,8.865093827000067,53.06678939500006
731,11,2018,8,3,11,3,0,7,1,0,0,0,0,0,0,0,8.838654705000067,53.082799452000074
732,11,2018,8,7,13,3,6,4,1,0,1,0,0,0,0,0,8.815326319000064,53.084706065000034
733,11,2018,8,4,14,3,4,6,1,0,0,0,0,0,0,0,8.681222602000048,53.16313523600007
734,11,2018,8,7,16,3,2,7,1,1,0,0,0,0,0,0,8.78252868800007,53.10136690300004
735,11,2018,8,2,20,3,2,7,1,0,0,0,0,0,0,1,8.831335892000027,53.07126883500007
736,11,2018,7,5,18,2,9,7,1,0,0,0,0,0,0,0,8.910018147000073,53.085481025000036