,UKREIS,UJAHR,UMONAT,UWOCHENTAG,USTUNDE,UKATEGORIE,UART,UTYP1,IstRad,IstPKW,IstFuss,IstKrad,IstGkfz,IstSonstig,ULICHTVERH,STRZUSTAND,longitude,latitude
737,11,2018,7,5,15,3,5,3,1,1,0,0,0,0,0,0,8.801989841000022,53.071424852000064
738,11,2018,8,3,12,3,0,7,1,0,0,0,0,1,0,0,8.800150532000032,53.06234014700004
739,11,2018,8,4,16,3,1,5,1,1,0,0,0,0,0,0,8.779458548000036,53.093850125000074
740,11,2018,7,4,19,2,5,3,1,1,0,0,0,0,0,0,8.786634500000048,53.08939833000005
741,11,2018,8,5,7,3,3,7,1,1,0,0,0,0,0,0,8.767953996000074,53.07321292800003
742,11,2018,8,7,13,3,5,3,1,0,0,0,0,0,0,0,8.943853224000065,53.06630240800007
743,11,2018,7,3,14,3,3,6,1,1,0,0,0,0,0,0,8.82383863900003,53.07111587300005
744,12,2018,8,2,17,2,0,7,1,1,0,0,0,0,0,0,8.596960706000061,53.52621143700003
745,11,2018,8,3,19,3,5,2,1,1,0,0,0,0,0,0,8.77935459300005,53.10020179600008
746,11,2018,8,6,8,3,0,7,1,0,0,0,0,0,0,0,8.889967341000045,53.07919135700007
747,11,2018,7,3,10,3,5,3,1,1,0,0,0,0,0,0,8.786007353000059,53.06816315800006
748,11,2018,8,5,14,3,6,4,1,0,1,0,0,0,0,0,8.805570394000029,53.08116719000003
749,11,2018,7,3,17,2,5,3,1,1,0,0,0,0,0,0,8.618640564000032,53.175009473000046
750,11,2018,8,7,23,3,4,2,1,1,0,0,0,0,2,0,8.822688717000062,53.07520748200005
751,12,2018,8,4,13,3,5,2,1,1,0,0,0,0,0,0,8.597537527000043,53.571517940000035
752,11,2018,8,5,22,3,0,1,1,0,0,0,0,0,2,0,8.822294936000048,53.027081758000065
753,11,2018,7,3,19,3,4,6,1,0,0,0,0,0,0,0,8.907280502000049,53.08208970600003
754,12,2018,7,2,19,3,5,3,1,1,0,0,0,0,0,0,8.591877736000072,53.561755824000045
755,11,2018,7,2,16,3,5,2,1,1,0,0,0,0,0,0,8.787423733000026,53.08997173900008
756,11,2018,7,2,15,3,5,3,1,0,0,0,0,0,0,0,8.948117801000024,53.055762464000054
757,11,2018,8,2,8,3,1,7,1,1,0,0,0,0,0,0,8.856084616000032,53.08870457900008
758,11,2018,8,4,7,3,5,3,1,1,0,0,0,0,0,0,8.716139248000047,53.17821715400004
759,11,2018,7,1,20,3,4,6,1,1,0,0,0,0,1,0,8.50704083000005,53.21719622400008
760,11,2018,8,4,6,3,5,2,1,1,0,0,0,0,0,0,8.556204746000049,53.18509644100004
761,12,2018,7,7,12,3,5,2,1,1,0,0,0,0,0,0,8.592918660000066,53.56823601000008
762,12,2018,8,6,8,3,8,1,1,1,0,0,0,0,0,1,8.585880287000066,53.55921683300005
763,11,2018,7,7,15,3,1,5,1,1,0,0,0,0,0,0,8.803053431000023,53.06707774900008
764,12,2018,8,3,16,3,5,2,1,1,0,0,0,0,0,0,8.598158976000036,53.57017102900005
765,11,2018,8,3,5,3,5,3,1,1,0,0,0,0,1,1,8.868524533000027,53.06694205000008
766,11,2018,8,4,13,3,5,3,1,1,0,0,0,0,0,0,8.773017182000046,53.10876834000004
767,11,2018,8,3,18,3,3,2,1,1,0,0,0,0,0,0,8.82515404000003,53.08451407200005
768,11,2018,7,6,11,3,0,7,1,0,0,0,0,0,0,0,8.812853133000033,53.073375025000075
769,11,2018,8,7,18,3,5,2,1,1,0,0,0,0,0,0,8.83099349400004,53.04086217400004
770,11,2018,7,6,10,3,0,7,1,0,0,0,0,0,0,0,8.78276442300006,53.10144920100004
771,11,2018,8,4,17,3,6,4,1,0,1,0,0,0,0,0,8.813218316000075,53.07841025700003
772,11,2018,8,6,11,2,5,3,1,1,0,0,0,0,0,0,8.703006023000057,53.17132843500008
773,11,2018,8,6,7,2,5,2,1,1,0,0,0,0,0,0,8.937717152000062,53.06869244000006
774,11,2018,7,5,13,3,5,3,1,1,0,0,0,0,0,0,8.769000371000061,53.112827579000054
775,11,2018,7,5,16,3,5,3,1,0,0,0,0,0,0,0,8.790855042000032,53.09900234600008
776,11,2018,8,3,15,3,5,3,1,1,0,0,0,0,0,1,8.842949215000033,53.08852866700005
777,11,2018,7,5,17,3,5,3,1,1,0,0,0,0,0,0,8.685278513000071,53.176004127000056
778,12,2018,8,6,16,3,5,3,1,0,0,0,0,0,0,0,8.595355092000034,53.56469097300004
779,11,2018,7,5,10,3,3,3,1,1,0,0,0,0,0,0,8.81285986000006,53.07338272800007
780,11,2018,8,6,23,3,0,1,1,1,0,0,0,0,2,0,8.831926484000064,53.07107870200008
781,12,2018,8,4,8,3,5,3,1,1,0,0,0,0,0,0,8.593701642000042,53.550016733000064
782,11,2018,7,5,22,3,5,3,1,1,0,0,0,0,2,0,8.748458768000035,53.12515801100005
783,11,2018,8,6,20,3,5,2,1,1,0,0,0,0,0,1,8.883875119000038,53.07909469000003
784,11,2018,8,6,21,3,5,2,1,1,0,0,0,0,2,0,8.80054351800004,53.078596952000055
785,11,2018,8,3,14,3,5,3,1,1,0,0,0,0,0,0,8.871044512000026,53.06463150900004
786,11,2018,8,6,8,3,5,3,1,1,0,0,0,0,0,0,8.578520660000038,53.20714536400004
787,11,2018,8,3,0,3,0,7,1,0,0,0,0,0,2,0,8.778695492000054,53.06477122900003
788,11,2018,8,5,17,3,5,3,1,1,0,0,0,0,0,0,8.866420709000067,53.098888798000075
789,11,2018,7,4,6,3,5,3,1,1,0,0,0,0,0,0,8.758007625000062,53.05816899100006
790,11,2018,8,6,13,3,5,3,1,1,0,0,0,0,0,0,8.737736432000077,53.13429491000005
791,11,2018,8,4,9,2,5,3,1,1,0,0,0,0,0,0,8.718133120000061,53.17542117100004
792,11,2018,7,4,12,3,6,4,1,0,1,0,0,0,0,0,8.779289320000032,53.09373572100003
793,12,2018,8,4,16,3,0,7,1,0,0,0,0,0,0,0,8.608853296000063,53.586730198000055
794,11,2018,8,5,16,3,5,2,1,1,0,0,0,0,0,0,8.787177679000024,53.08312656600003
795,11,2018,8,6,11,3,5,3,1,1,0,0,0,0,0,0,8.763540324000076,53.10893398700006
796,11,2018,8,4,13,3,5,3,1,1,0,0,0,0,0,0,8.927621498000065,53.07269530700006
797,11,2018,8,5,21,3,3,3,1,1,0,0,0,0,1,0,8.824532161000036,53.084504759000026
798,11,2018,8,6,10,3,5,3,1,0,0,0,0,0,0,0,8.807404538000071,53.08222239300005
799,11,2018,8,5,16,3,5,3,1,0,0,0,0,1,0,0,8.816797230000077,53.08086772000007
800,11,2018,7,3,8,3,0,7,1,0,0,0,0,0,0,0,8.761059464000027,53.059381518000066
801,11,2018,7,3,9,3,3,6,1,0,0,0,0,0,0,0,8.82247423800004,53.05410879900006
802,12,2018,8,5,13,3,5,3,1,1,0,0,0,0,0,0,8.592854861000035,53.55865680900007
803,11,2018,8,1,15,3,1,7,1,1,0,0,0,0,0,0,8.83948594100002,53.08034354000006
804,11,2018,7,3,17,3,5,3,1,1,0,0,0,0,0,0,8.85115866600006,53.08523578000006
805,11,2018,8,4,7,3,5,3,1,1,0,0,0,0,0,0,8.775153421000027,53.10046841800005
806,11,2018,8,2,12,3,5,3,1,1,0,0,0,0,0,0,8.753758628000071,53.123433625000075
807,12,2018,8,4,7,3,5,3,1,1,0,0,0,0,0,1,8.623457491000067,53.592118379000055
808,11,2018,7,2,17,2,8,7,1,0,0,0,0,0,0,0,8.570549288000052,53.19907652400008
809,12,2018,8,5,23,3,6,7,1,0,1,0,0,0,2,0,8.592729912000038,53.58186856800006
810,11,2018,7,2,19,3,5,3,1,1,0,0,0,0,0,0,8.854041641000038,53.06610081400004
811,11,2018,8,4,11,3,5,2,1,1,0,0,0,0,0,0,8.676834584000062,53.165651988000036
812,11,2018,8,7,16,3,0,1,1,0,0,0,0,0,0,0,8.840027196000051,53.103925368000034
813,11,2018,8,3,9,3,5,3,1,1,0,0,0,0,0,0,8.787015859000064,53.082930916000066
814,11,2018,7,2,11,2,6,3,1,0,1,0,0,0,0,0,8.824797974000035,53.08458365700005
815,11,2018,8,3,22,3,5,6,1,1,0,0,0,0,2,0,8.779326953000066,53.06882611700007
816,12,2018,8,6,14,3,5,3,1,1,0,0,0,0,0,1,8.603177241000026,53.53107179300008
817,11,2018,7,2,11,3,5,3,1,1,0,0,0,0,0,0,8.801989713000069,53.07142506900004
818,11,2018,8,2,15,3,0,1,1,0,0,0,0,0,0,1,8.790732496000032,53.09580507800007
819,11,2018,8,3,10,3,0,1,1,0,0,0,0,0,0,0,8.77070932600003,53.10200903700007
820,11,2018,7,2,19,3,5,2,1,1,0,0,0,0,0,0,8.762302009000052,53.11435457700003
821,12,2018,7,1,21,3,1,5,1,1,0,0,0,0,0,0,8.589375768000025,53.564641649000066
822,11,2018,8,3,3,3,0,7,1,0,0,0,0,0,2,0,8.828055076000055,53.07244088600004
823,11,2018,8,5,19,3,5,2,1,0,0,0,0,1,0,0,8.584403482000027,53.18138272500005
824,11,2018,8,5,19,2,0,1,1,0,0,0,0,0,1,1,8.833732369000074,53.08646104700006
825,11,2018,8,3,7,3,0,6,1,0,0,0,0,0,0,0,8.898605689000021,53.043506671000046
826,11,2018,8,5,17,3,5,3,1,1,0,0,0,0,0,0,8.770257538000067,53.09311670200003
827,12,2018,7,7,17,3,5,3,1,1,0,0,0,0,0,0,8.638427453000077,53.519648636000056
828,11,2018,7,7,14,3,1,5,1,1,0,0,0,0,0,0,8.87180756400005,53.06246332500007
829,11,2018,8,5,8,3,8,1,1,0,0,0,0,0,0,0,8.638989042000048,53.173211191000064
830,11,2018,7,7,13,3,3,7,1,0,0,0,0,0,0,0,8.841813254000044,53.09647373200005
831,11,2018,7,7,8,3,3,2,1,1,0,0,0,0,0,0,8.624508770000034,53.17719368600007
832,11,2018,8,5,10,2,5,2,1,1,0,0,0,0,0,0,8.87585193700005,53.08181366700006
833,11,2018,7,7,11,3,1,7,1,1,0,0,0,0,0,0,8.84426041200004,53.078049012000065
834,11,2018,7,7,8,3,5,3,1,1,0,0,0,0,0,0,8.75166160300006,53.122342668000044
835,12,2018,7,6,9,3,0,7,1,0,0,0,0,0,0,0,8.597097478000023,53.52331008400006
836,11,2018,8,1,10,3,5,3,1,1,0,0,0,0,0,0,8.877687718000061,53.082528618000026
837,11,2018,8,3,15,3,5,3,1,1,0,0,0,0,0,0,8.886660446000064,53.079184120000036
838,11,2018,7,6,10,3,5,3,1,1,0,0,0,0,0,0,8.80285440800003,53.101374760000056
839,11,2018,8,4,19,3,7,1,1,0,0,0,0,0,0,0,8.633914012000048,53.18251259900006
840,11,2018,7,6,0,2,7,7,1,0,0,0,0,0,2,0,8.78121365100003,53.087854847000074
841,11,2018,8,2,18,3,5,3,1,1,0,0,0,0,1,1,8.847640452000064,53.04919238700006
842,11,2018,7,6,14,3,5,3,1,1,0,0,0,0,0,0,8.752014787000064,53.12211109900005
843,11,2018,8,4,14,3,4,6,1,0,0,0,0,0,0,0,8.83750952400004,53.037784593000026
844,11,2018,7,6,13,3,5,3,1,1,0,0,0,0,0,0,8.929492566000022,53.05907453000003
845,11,2018,7,5,17,3,5,2,1,1,0,0,0,0,0,0,8.805661549000035,53.08340057500004
846,11,2018,7,5,13,3,5,3,1,1,0,0,0,0,0,0,8.750121991000071,53.12589783300007
847,11,2018,8,2,16,3,2,3,1,1,0,0,0,0,0,1,8.882919773000026,53.10071635000003
848,11,2018,8,4,13,3,5,2,1,1,0,0,0,0,0,0,8.813288690000036,53.085617299000035
849,12,2018,8,7,15,3,5,3,1,1,0,0,0,0,0,1,8.593119428000023,53.55662438600007
850,12,2018,8,7,14,3,1,5,1,1,0,0,0,0,0,0,8.609652624000034,53.50779669000008
851,11,2018,7,5,11,3,5,3,1,1,0,0,0,0,0,0,8.781937277000054,53.096381276000045
852,12,2018,9,4,9,3,5,3,1,1,0,0,0,0,0,1,8.578669916000024,53.582821393000074
853,11,2018,9,4,15,3,5,3,1,1,0,0,0,0,0,0,8.888055386000076,53.06875518100003
854,11,2018,10,3,12,3,5,2,1,1,0,0,0,0,0,0,8.57429849600004,53.200559258000055
855,12,2018,9,4,11,3,0,7,1,0,0,0,0,0,0,1,8.54659811700003,53.58145063900008
856,11,2018,10,2,22,3,0,1,1,0,0,0,0,0,2,0,8.887281118000033,53.05626641400005
857,11,2018,9,4,9,3,0,7,1,0,0,0,0,1,0,0,8.800939765000066,53.06722238000003
858,11,2018,9,3,17,2,1,5,1,1,0,0,0,0,0,0,8.831747688000064,53.07113549300004
859,11,2018,9,5,18,3,5,3,1,1,0,0,0,0,0,0,8.872992106000027,53.08475883400007
860,11,2018,9,4,6,3,5,3,1,0,0,0,0,0,2,1,8.803428694000047,53.08031394200003
861,11,2018,10,6,9,3,5,3,1,1,0,0,0,0,0,0,8.802868353000065,53.10136896900008
862,11,2018,9,4,7,3,6,4,1,0,1,0,0,0,0,1,8.818443433000027,53.08000040400003
863,11,2018,9,2,12,3,5,3,1,1,0,0,0,0,0,1,8.804144321000024,53.07239514500003
864,11,2018,9,6,13,3,5,3,1,0,0,0,1,0,0,0,8.742589547000023,53.11682848300006
865,11,2018,9,4,14,3,4,1,1,1,0,0,0,0,0,1,8.903781724000055,53.05976889800007
866,11,2018,8,5,8,3,5,3,1,1,0,0,0,0,0,1,8.864192100000025,53.099127242000066
867,11,2018,9,4,12,3,5,3,1,1,0,0,0,0,0,1,8.622561354000027,53.169420511000055
868,12,2018,9,2,11,3,1,7,1,1,0,0,0,0,0,0,8.592259376000072,53.55917694800007
869,11,2018,10,6,14,3,5,3,1,1,0,0,0,0,0,0,8.961572796000041,53.06674799600006
870,11,2018,10,7,17,3,0,7,1,0,0,0,0,0,0,0,8.892316209000057,53.09950239500006
871,12,2018,9,3,14,3,5,2,1,0,0,0,0,1,0,0,8.56904058300006,53.55177520500007
872,11,2018,9,4,18,3,5,3,1,1,0,0,0,0,0,0,8.891677774000073,53.06295222000006
873,11,2018,10,2,7,3,5,2,1,1,0,0,0,0,0,0,8.943746860000033,53.05829780200003
874,12,2018,9,3,14,3,5,2,1,1,0,0,0,0,0,0,8.592791315000056,53.55884035100007
875,11,2018,10,2,5,3,1,5,1,1,0,0,0,0,2,1,8.87437514000004,53.06330464300004
876,12,2018,9,3,14,3,3,6,1,1,0,0,0,0,0,0,8.592810342000064,53.55882936800003
877,11,2018,9,2,8,3,5,2,1,0,0,0,0,0,0,0,8.735533416000067,53.055313977000026
878,11,2018,9,4,14,3,5,3,1,1,0,0,0,0,0,0,8.770266323000044,53.093112218000044
879,12,2018,9,3,16,2,5,3,1,1,0,0,0,0,0,0,8.580797494000024,53.539552695000054
880,12,2018,9,3,12,2,5,3,1,1,0,0,0,0,0,0,8.588599699000042,53.53564106400006
881,11,2018,10,7,14,3,3,6,1,0,0,0,0,0,0,0,8.809421446000044,53.16054722600006
882,11,2018,9,4,7,3,0,3,1,1,0,0,0,0,0,0,8.796544634000043,53.07936663700008
883,11,2018,9,7,21,3,0,7,1,0,0,0,0,0,2,0,8.812852689000067,53.07337451500007
884,11,2018,9,3,13,3,1,1,1,1,0,0,0,0,0,0,8.613412579000055,53.18541372800007
885,11,2018,9,1,17,3,5,3,1,1,0,0,0,0,0,0,8.76141328500006,53.12324029800004
886,11,2018,9,3,15,3,6,4,1,0,1,0,0,0,0,0,8.80691732300005,53.081845255000076
887,12,2018,10,7,14,3,3,6,1,1,0,0,0,0,0,0,8.597868591000065,53.57999281500008
888,11,2018,9,7,12,3,5,3,1,1,0,0,0,0,0,0,8.882046118000062,53.07909772900007
889,11,2018,10,3,14,3,5,2,1,0,0,0,1,0,0,1,8.716486022000026,53.13449235000007
890,12,2018,9,2,15,3,6,7,1,0,1,0,0,0,0,0,8.592824528000051,53.558167411000056
891,11,2018,9,4,7,3,5,3,1,1,0,0,0,0,0,0,8.824115473000063,53.03380266100004
892,11,2018,9,2,18,3,5,3,1,1,0,0,0,0,0,0,8.770313466000061,53.09323756100008
893,11,2018,9,1,18,3,5,3,1,1,0,0,0,0,0,0,8.853784520000033,53.090339966000045
894,11,2018,9,2,13,3,5,3,1,0,0,0,0,0,0,0,8.82772932000006,53.07996489300007
895,11,2018,10,3,10,3,1,5,1,0,0,0,0,1,0,0,8.831974952000053,53.07106330700003
896,11,2018,9,2,14,3,0,4,1,0,1,0,0,0,0,0,8.87958049100007,53.10153827000005
897,11,2018,9,2,17,3,1,7,1,1,0,0,0,0,0,0,8.836956678000035,53.03229095800003
898,12,2018,10,3,10,3,6,7,1,0,1,0,0,0,0,0,8.60396582200002,53.52636934000003
899,11,2018,10,6,14,3,0,7,1,0,1,0,0,0,0,0,8.809485405000032,53.077412940000045
900,11,2018,10,2,14,3,5,3,1,0,0,0,0,1,0,1,8.812296634000063,53.09568973900008
901,11,2018,9,3,10,2,0,7,1,0,0,0,0,0,0,0,8.870459881000045,53.09850184000004
902,11,2018,9,1,23,3,6,4,1,0,1,0,0,0,2,0,8.63347045200004,53.18209907800008
903,11,2018,10,2,16,3,3,6,1,0,0,0,1,0,0,0,8.844184054000038,53.07533270500005
904,11,2018,9,5,15,3,5,3,1,0,0,1,0,0,0,0,8.809242224000059,53.06337405100004
905,11,2018,9,2,9,3,6,4,1,0,1,0,0,0,0,0,8.809920565000027,53.08873580200003
906,12,2018,9,4,5,3,5,3,1,1,0,0,0,0,2,0,8.563735215000065,53.588662054000054
907,11,2018,10,6,6,3,0,1,1,0,0,0,0,0,1,0,8.882456743000034,53.05777345200005
908,11,2018,9,1,4,2,0,7,1,0,0,0,0,0,2,0,8.785539953000068,53.08317787500005
909,12,2018,10,1,16,3,5,2,1,1,0,0,0,0,0,0,8.59420050400007,53.53920465400006
910,12,2018,9,7,13,3,6,4,1,0,1,0,0,0,0,0,8.579768091000062,53.54135406300003
911,11,2018,9,2,7,3,5,3,1,1,0,0,0,0,0,0,8.833774461000075,53.08186695400008
912,11,2018,10,5,15,2,6,4,1,0,1,0,0,0,0,0,8.953327862000037,53.095762198000045
913,11,2018,9,7,0,3,9,6,1,1,0,0,0,0,2,0,8.912647005000053,53.09849025700004
914,11,2018,10,3,12,3,5,2,1,1,0,0,0,0,0,1,8.817702391000068,53.06992458700006
915,11,2018,9,7,11,3,2,6,1,1,0,0,0,0,0,0,8.83214115800007,53.06864092200004
916,12,2018,10,5,18,2,5,3,1,1,0,0,0,0,0,0,8.581960423000055,53.584116331000075
917,11,2018,9,7,12,3,0,1,1,0,0,0,0,0,0,0,8.563042020000069,53.19545989900007
918,11,2018,10,7,20,3,6,4,1,0,1,0,0,0,2,0,8.824853081000072,53.07304906200005
919,11,2018,9,7,13,3,1,5,1,1,0,0,0,0,0,0,8.824226575000068,53.08381193200006
920,11,2018,9,7,17,3,5,3,1,0,0,0,0,1,0,0,8.911348364000048,53.07843763500006
921,11,2018,10,4,17,3,5,2,1,1,0,0,0,0,0,0,8.792107126000076,53.073035779000065
922,11,2018,9,6,14,3,0,3,1,1,0,0,0,0,0,1,8.80329604700006,53.08004130200004
923,11,2018,9,7,15,3,0,7,1,0,0,0,0,0,0,0,8.831924055000059,53.071079473000054
924,12,2018,10,6,12,3,0,7,1,1,0,0,0,0,0,0,8.618566753000039,53.529076933000056
925,11,2018,9,4,7,3,3,6,1,0,0,0,0,0,0,0,8.83395501700005,53.077324341000065
926,11,2018,10,7,18,3,0,7,1,0,0,0,0,0,1,0,8.813661000000025,53.08060687200003
927,11,2018,9,6,7,3,5,3,1,1,0,0,0,0,0,0,8.825106532000063,53.084188545000075
928,11,2018,10,3,16,3,2,6,1,1,0,0,0,0,0,0,8.871765096000047,53.09143614700008
929,11,2018,9,6,9,3,3,6,1,1,0,0,0,0,0,0,8.921117023000022,53.037610991000065
930,11,2018,9,6,12,3,5,3,1,1,0,0,0,0,0,1,8.704695255000047,53.154640603000075
931,11,2018,9,6,12,3,0,1,1,0,0,0,0,0,0,0,8.83156518100003,53.081284072000074
932,11,2018,9,5,17,3,5,3,1,1,0,0,0,0,0,0,8.656489330000056,53.17460881000005
933,11,2018,9,6,7,3,5,3,1,1,0,0,0,0,0,0,8.604289228000027,53.176847707000036
934,11,2018,9,2,8,3,0,1,1,0,0,0,0,0,0,1,8.875225886000067,53.08243413400004
935,11,2018,9,6,20,3,5,3,1,1,0,0,0,0,1,0,8.824427355000068,53.08426083200004
936,12,2018,9,2,8,3,5,2,1,1,0,0,0,0,0,1,8.59778252700005,53.579861823000044
937,11,2018,9,6,21,3,5,3,1,1,0,0,0,0,2,0,8.748457278000046,53.085336615000074
938,11,2018,9,6,15,3,5,2,1,1,0,0,0,0,0,1,8.618357057000026,53.19122397600006
939,11,2018,9,6,17,3,5,3,1,1,0,0,0,0,0,0,8.755381816000067,53.119147300000066
940,11,2018,9,3,20,3,0,1,1,0,0,0,0,0,2,0,8.829330189000075,53.06878371400006
941,11,2018,9,6,17,2,6,4,1,0,1,0,0,0,0,0,8.952205758000048,53.06560142100005
942,11,2018,9,2,18,3,5,3,1,1,0,0,0,0,0,1,8.740721008000037,53.05268294200005
943,11,2018,10,1,15,3,5,2,1,1,0,0,0,0,0,0,8.808856684000034,53.083074949000036
944,11,2018,9,4,14,3,5,2,1,1,0,0,0,0,0,0,8.786209577000022,53.103062124000076
945,11,2018,9,1,18,2,0,7,1,0,0,0,0,0,0,0,8.76551031300005,53.082414407000044
946,12,2018,9,5,7,3,5,3,1,1,0,0,0,0,0,0,8.60823305200006,53.57450720300005
947,12,2018,10,7,16,3,3,6,1,1,0,0,0,0,0,0,8.595374587000038,53.55174957600008
948,11,2018,9,2,10,3,5,3,1,1,0,0,0,0,0,0,8.857395226000051,53.08051737000005
949,11,2018,10,4,11,3,6,4,1,0,1,0,0,1,0,0,8.78011218000006,53.09920952700003
950,11,2018,9,5,12,3,5,2,1,0,0,0,0,1,0,0,8.943904016000033,53.03798752600005
951,11,2018,9,4,17,3,5,3,1,1,0,0,0,0,0,0,8.825038134000067,53.08458189500004
952,11,2018,9,5,16,3,3,6,1,1,0,0,0,0,0,0,8.938311811000062,53.08143914600004
953,11,2018,10,7,17,3,5,3,1,1,0,0,0,0,0,0,8.838202491000061,53.067748134000055
954,11,2018,9,5,15,3,5,3,1,1,0,0,0,0,0,1,8.571859543000073,53.196092744000055
955,11,2018,9,6,8,2,4,6,1,0,0,0,0,0,0,0,8.870726252000054,53.09847968200006
956,11,2018,9,5,15,2,4,6,1,0,0,0,0,0,0,0,8.850957899000036,53.04534251300004
957,11,2018,10,5,11,3,4,1,1,0,0,0,0,1,0,0,8.796875328000056,53.09466998700003
958,11,2018,10,3,17,3,5,2,1,1,0,0,0,0,0,1,8.853314428000033,53.08292764200007
959,11,2018,9,4,8,3,3,2,1,0,0,0,0,1,0,0,8.837377334000053,53.037849591000054
960,11,2018,9,6,13,3,5,2,1,0,0,0,0,0,0,0,8.785191260000033,53.07448831100004
961,11,2018,9,5,17,3,5,7,1,1,0,0,0,0,0,1,8.578292194000028,53.206793910000044
962,11,2018,9,3,19,3,5,3,1,1,0,0,0,0,1,0,8.76271704900006,53.06031657600005
963,11,2018,9,5,12,3,0,7,1,0,0,0,0,0,0,0,8.739089540000066,53.13517975700006
964,11,2018,9,6,8,3,5,3,1,0,0,0,0,0,0,0,8.807316628000024,53.082160670000064
965,11,2018,9,1,18,3,0,7,1,0,0,0,0,0,0,0,8.818243549000044,53.04670740300003
966,11,2018,10,3,17,3,5,2,1,1,0,0,0,0,0,0,8.787577511000052,53.06983940200007
967,11,2018,9,5,15,3,0,1,1,0,0,0,0,0,0,1,8.569774203000065,53.204520675000026
968,11,2018,9,3,9,3,1,5,1,1,0,0,0,0,0,0,8.812567664000028,53.09084561200007
969,11,2018,9,5,16,3,5,2,1,1,0,0,0,0,0,1,8.716687054000033,53.134588215000065
970,11,2018,9,6,12,3,4,6,1,1,0,0,0,0,0,0,8.720428682000033,53.17287646600005
971,11,2018,9,5,7,3,5,3,1,1,0,0,0,0,0,0,8.82333767800003,53.046018024000034
972,12,2018,9,3,15,3,6,7,1,0,1,0,0,0,0,0,8.592761478000057,53.51557580000008
973,11,2018,9,5,15,3,5,3,1,1,0,0,0,0,0,0,8.897585924000055,53.079364088000034
974,12,2018,9,5,16,3,5,3,1,1,0,0,0,0,0,0,8.584287483000026,53.55617934800006
975,11,2018,9,5,14,3,5,3,1,1,0,0,0,0,0,0,8.859063258000049,53.08444511400006
976,12,2018,9,4,9,3,5,3,1,1,0,0,0,0,0,0,8.589659864000055,53.56776663000005
977,11,2018,10,3,14,3,3,6,1,0,0,0,0,0,0,0,8.845390842000029,53.08427651200003
978,11,2018,9,5,15,2,5,3,1,1,0,0,0,0,0,0,8.611131190000037,53.175301922000074
979,11,2018,9,2,14,3,5,3,1,1,0,0,0,0,0,0,8.819116063000024,53.08027714900004
980,12,2018,9,2,10,3,5,3,1,1,0,0,0,0,0,0,8.611923251000064,53.587591822000036
981,11,2018,9,4,11,3,3,6,1,1,0,0,0,0,0,0,8.849644988000023,53.04151301400003
982,11,2018,9,4,16,3,5,3,1,1,0,0,0,0,0,0,8.811192636000044,53.080111113000044
983,11,2018,9,5,12,3,5,3,1,1,0,0,0,0,0,0,8.80252474200006,53.07985466900004
984,11,2018,9,4,7,3,2,6,1,0,0,0,0,0,0,0,8.549791287000062,53.196913005000056
985,11,2018,9,4,13,3,5,3,1,0,0,0,1,0,0,0,8.751674200000025,53.08481357900007
986,11,2018,9,5,12,3,5,3,1,1,0,0,0,0,0,0,8.640027834000023,53.187973413000066
987,11,2018,10,6,7,3,5,3,1,0,0,0,0,0,0,0,8.850249113000075,53.07055462500006
988,11,2018,9,4,13,2,5,3,1,0,0,0,0,0,0,0,8.670167879000076,53.17459540800007
989,11,2018,9,2,12,3,5,2,1,1,0,0,0,0,0,1,8.878562669000075,53.078932457000064
990,11,2018,9,3,14,2,5,3,1,0,0,0,0,1,0,0,8.871961733000035,53.06713391200003
991,11,2018,9,5,16,3,5,3,1,1,0,1,0,0,0,0,8.89813953600003,53.12746276400003
992,11,2018,10,2,12,3,5,2,1,1,0,0,0,0,0,0,8.825077970000052,53.084203313000046
993,11,2018,10,2,13,3,6,4,1,0,1,0,0,0,0,1,8.938750655000035,53.063771845000076
994,11,2018,9,3,8,3,5,3,1,1,0,0,0,0,0,0,8.73074654800007,53.040556766000066
995,11,2018,9,5,16,3,1,7,1,1,0,0,0,0,0,0,8.812990629000069,53.05856103700006
996,11,2018,10,5,14,3,5,3,1,1,0,0,0,0,0,0,8.800716158000057,53.078567658000054
997,11,2018,9,1,12,2,0,1,1,0,0,0,0,0,0,1,8.555801460000055,53.185839145000045
998,11,2018,9,3,7,3,5,3,1,1,0,0,0,0,0,0,8.787296777000051,53.08756992000008
999,11,2018,9,3,21,3,5,3,1,0,0,1,0,0,2,0,8.785043805000043,53.10224083600008
1000,11,2018,10,7,8,3,5,3,1,1,0,0,0,0,0,0,8.88401086600004,53.07340637200008
1001,11,2018,10,5,11,2,3,6,1,0,0,0,0,0,0,0,8.759503432000031,53.11364553800007
1002,11,2018,9,1,16,3,3,6,1,0,0,0,0,0,0,0,8.832273214000054,53.06863071400005