,UKREIS,UJAHR,UMONAT,UWOCHENTAG,USTUNDE,UKATEGORIE,UART,UTYP1,IstRad,IstPKW,IstFuss,IstKrad,IstGkfz,IstSonstig,ULICHTVERH,STRZUSTAND,longitude,latitude
1263,11,2018,12,2,11,3,0,3,1,1,0,0,0,0,0,0,8.909886622000045,53.03957936300003
1264,11,2018,12,2,9,3,0,1,1,0,0,0,0,0,0,1,8.813722398000039,53.09145464800008
1265,11,2018,12,7,18,2,0,7,1,0,0,0,0,0,2,1,8.807843647000027,53.064216421000026
1266,11,2018,12,6,15,3,1,7,1,1,0,0,0,0,1,1,8.813437442000065,53.08039281100008
1267,11,2018,12,6,17,3,5,3,1,1,0,0,0,0,2,1,8.801609618000043,53.069775907000064
1268,11,2018,12,6,16,3,5,3,1,1,0,0,0,0,2,1,8.941101844000059,53.06749186500008
1269,12,2018,12,5,13,3,5,3,1,0,0,0,1,0,0,1,8.56479289500004,53.56797659800003
1270,11,2018,12,5,10,3,0,7,1,0,0,0,0,0,0,1,8.827633801000047,53.07257186100003
1271,11,2018,12,5,16,3,0,3,1,1,0,0,0,0,1,1,8.865912660000049,53.09894911300006
1272,11,2018,12,5,13,3,4,6,1,0,0,0,0,0,0,1,8.81931014600002,53.07587389300005
1273,11,2018,12,5,16,3,5,3,1,1,0,0,0,0,1,1,8.572736643000042,53.18146006300003
1274,11,2018,12,5,7,3,5,2,1,1,0,0,0,0,2,1,8.886361966000038,53.07152636700005
1275,11,2018,12,4,12,3,5,3,1,1,0,0,0,0,0,1,8.83545170900004,53.03880232800003
1276,11,2018,12,4,7,3,4,2,1,1,0,0,0,0,1,1,8.870969270000046,53.09845934500004
1277,11,2018,12,3,16,3,3,6,1,1,0,0,0,0,1,0,8.619367149000027,53.183204586000045
1278,11,2018,12,3,16,3,5,3,1,1,0,0,0,0,1,0,8.79010084600003,53.05422191100007
1279,11,2018,12,3,18,3,6,6,1,0,1,0,0,0,2,0,8.704516049000063,53.155464419000054
1280,12,2018,12,2,11,3,5,3,1,1,0,0,0,0,0,1,8.590426777000062,53.53977411200003
1281,11,2018,12,2,8,3,0,7,1,0,0,0,0,0,0,1,8.871001802000023,53.09843230100006
1282,11,2018,12,2,13,3,5,3,1,0,0,0,0,1,0,0,8.911564387000055,53.07849732500006
1283,11,2018,12,6,7,3,4,2,1,1,0,0,0,0,2,0,8.777153652000038,53.09592705000006
1284,11,2018,12,5,12,3,5,2,1,0,0,0,0,1,0,0,8.81759317500007,53.03900079200008
1285,11,2018,12,5,17,3,5,2,1,1,0,0,0,0,2,0,8.885510832000023,53.11003485200007
1286,11,2018,12,5,14,3,4,6,1,0,0,0,0,0,0,1,8.83933913900006,53.034058937000054
1287,11,2018,12,5,13,3,5,3,1,0,0,0,0,1,0,0,8.796715063000022,53.08920947300004
1288,12,2018,12,4,14,3,0,7,1,0,0,0,0,0,0,0,8.586074077000035,53.53610983800007
1289,11,2018,12,4,11,3,5,7,1,1,0,0,0,0,0,0,8.845070746000033,53.07163178400003
1290,11,2018,12,4,11,3,0,1,1,0,0,0,0,0,0,0,8.834729386000049,53.09620782500008
1291,11,2018,12,4,17,3,5,3,1,1,0,0,0,0,2,0,8.806701003000057,53.08982355000006
1292,12,2018,12,3,5,3,5,3,1,1,0,0,0,0,2,1,8.590927923000038,53.582018282000035
1293,11,2018,12,3,15,3,5,3,1,1,0,0,0,0,1,1,8.799243148000073,53.08389461400003
1294,11,2018,12,3,11,3,5,2,1,1,0,0,0,0,0,0,8.625161756000068,53.17985788200008
1295,11,2018,12,3,11,3,5,3,1,1,0,0,0,0,0,0,8.738448873000038,53.13472897200006
1296,11,2018,12,3,7,2,0,1,1,0,0,0,0,0,1,1,8.906883715000049,53.07144238600006
1297,12,2018,12,2,8,3,5,2,1,1,0,0,0,0,1,1,8.606205988000056,53.53051992600007
1298,11,2018,12,2,14,3,0,7,1,0,0,0,0,0,0,1,8.80309740000007,53.09638012600004
1299,11,2018,12,2,12,3,5,2,1,1,0,0,0,0,0,0,8.806572050000057,53.08173449000003
1300,11,2018,12,2,18,3,5,2,1,1,0,0,0,0,2,1,8.875719926000045,53.08245877400003
1301,11,2018,12,2,6,2,5,3,1,1,0,0,0,0,2,1,8.820209612000042,53.08650705600007
1302,11,2018,12,7,15,3,5,3,1,1,0,0,0,0,0,1,8.787114772000052,53.06364789400004
1303,11,2018,12,7,9,3,4,6,1,0,0,0,0,0,0,1,8.829147445000046,53.08619486200007
1304,11,2018,12,6,12,3,5,3,1,1,0,0,0,0,0,1,8.95044979000005,53.057933939000065
0,11,2019,10,3,7,3,5,2,1,0,0,0,1,0,0,1,8.818129001000045,53.04673881900004
1,11,2019,6,5,14,2,5,2,1,1,0,0,0,0,0,0,8.799792094000054,53.05497402800006
2,11,2019,1,4,15,3,5,2,1,0,0,0,0,1,0,0,8.788069477000022,53.062769728000035
3,11,2019,11,7,23,2,5,3,1,1,0,0,0,0,2,1,8.714133018000041,53.18022764600005
4,11,2019,8,2,12,3,5,2,1,0,0,0,1,0,0,0,8.792892323000046,53.059360637000054
5,11,2019,7,4,13,2,5,3,1,1,0,0,0,0,0,0,8.78395690700006,53.06574519000003
6,11,2019,10,4,15,3,5,3,1,1,0,0,0,0,0,0,8.523623741000051,53.19944147000007
7,11,2019,1,3,17,3,5,3,1,1,0,0,0,0,2,1,8.623037702000033,53.180539072000045
8,11,2019,8,5,10,3,5,3,1,1,0,0,0,0,0,0,8.619047478000027,53.180613840000035
9,11,2019,5,5,8,3,5,3,1,0,0,0,0,0,0,0,8.79041165500007,53.06110671500005
10,12,2019,5,6,12,3,5,2,1,1,0,0,0,0,0,1,8.58618438600007,53.53673512900008
11,11,2019,3,2,9,3,5,2,1,1,0,0,0,0,0,1,8.814061811000045,53.03938269100007
12,11,2019,3,6,10,3,5,3,1,1,0,0,0,0,0,0,8.686020401000064,53.17298979000003
13,11,2019,3,3,18,3,5,3,1,1,0,0,0,0,2,0,8.809949763000077,53.05105664600006
14,11,2019,11,6,10,3,1,3,1,1,0,0,0,0,0,0,8.816358609000076,53.04927242500003
15,11,2019,1,4,16,3,5,2,1,1,0,0,0,0,2,1,8.885506231000022,53.110030219000066
16,11,2019,1,3,15,3,3,3,1,1,0,0,0,0,0,1,8.902614460000052,53.12677938000007
17,11,2019,1,3,7,3,0,7,1,0,0,0,0,0,2,1,8.62136457400004,53.184003389000054
18,11,2019,1,2,11,3,5,3,1,1,0,0,0,0,0,1,8.908578230000046,53.09699104400005
19,11,2019,1,2,17,3,6,4,1,0,1,0,0,0,2,1,8.949374662000025,53.06384711700008
20,11,2019,1,2,10,3,6,4,1,1,1,0,0,0,0,1,8.79609124700005,53.068747862000066
21,11,2019,1,2,17,3,5,3,1,1,0,0,0,0,2,1,8.901449447000061,53.059424412000055
22,11,2019,1,2,15,3,0,7,1,0,0,0,0,0,0,1,8.598897193000028,53.180699951000065
23,11,2019,1,2,7,3,0,7,1,0,0,0,0,0,2,1,8.950500765000072,53.03972105200006
24,11,2019,1,1,20,3,0,7,1,0,0,0,0,1,2,1,8.854090327000051,53.06707657700008
25,11,2019,1,7,10,3,5,3,1,1,0,0,0,0,0,1,8.808174504000021,53.073227200000076
26,11,2019,1,6,12,3,0,7,1,0,0,0,0,0,0,1,8.777287823000052,53.10667173200005
27,11,2019,1,6,17,3,3,2,1,1,0,0,0,0,2,1,8.790983685000072,53.09564169300006
28,11,2019,1,6,5,3,5,3,1,0,0,0,1,0,2,0,8.713710771000024,53.086884404000045
29,11,2019,1,5,15,3,6,4,1,0,1,0,0,0,0,0,8.855100890000074,53.07856170400004
30,11,2019,1,5,17,3,5,3,1,0,0,0,1,0,2,1,8.737180293000051,53.079766935000066
31,11,2019,1,4,17,3,5,6,1,1,0,0,0,0,1,0,8.846913246000042,53.048291309000035
32,11,2019,1,4,13,3,5,3,1,1,0,0,0,0,0,1,8.798223631000042,53.05596542700005
33,11,2019,1,4,17,2,5,3,1,1,0,0,0,0,2,0,8.811190934000024,53.08011548600007
34,11,2019,1,3,19,2,5,3,1,1,0,0,0,0,2,1,8.825097448000065,53.084190697000054
35,11,2019,1,3,7,3,5,3,1,1,0,0,0,0,2,1,8.882334289000028,53.05773805700005
36,11,2019,1,3,7,3,5,7,1,1,0,0,0,0,2,1,8.633474052000054,53.16597925800005
37,11,2019,1,3,16,3,5,3,1,1,0,0,0,0,2,1,8.798818288000064,53.08525597800008
38,11,2019,1,2,19,3,5,2,1,1,0,0,0,0,2,1,8.626250258000027,53.18391985300008
39,11,2019,1,2,9,3,5,3,1,1,0,0,0,0,0,1,8.78629014300003,53.057612825000035
40,11,2019,1,2,7,3,5,3,1,1,0,0,0,0,2,1,8.904485326000042,53.078508620000036
41,11,2019,1,1,16,3,1,5,1,1,0,0,0,0,1,1,8.878603635000047,53.06467834100005
42,11,2019,1,6,8,3,5,3,1,1,0,0,0,0,0,1,8.84712696500003,53.074750479000045
43,11,2019,1,5,17,3,5,3,1,0,0,0,0,0,2,0,8.819763778000038,53.072617695000076
44,11,2019,1,5,13,3,5,2,1,1,0,0,0,0,0,0,8.896910710000043,53.059066865000034
45,11,2019,1,5,8,3,5,3,1,1,0,0,0,0,0,0,8.82446014200002,53.08438281400004
46,11,2019,1,5,17,3,0,1,1,0,0,0,0,0,2,0,8.870672640000066,53.09848414100003
47,11,2019,1,4,10,3,5,3,1,1,0,0,0,0,0,0,8.76230259700003,53.11573659100003
48,11,2019,1,4,10,2,3,6,1,1,0,0,0,0,0,1,8.814763320000054,53.07630841500003
49,11,2019,1,3,11,3,0,7,1,0,0,0,0,0,0,1,8.832226313000035,53.070979245000046
50,11,2019,1,3,9,3,0,1,1,0,0,0,0,0,0,1,8.830674008000074,53.07275162500008
51,11,2019,2,5,11,3,5,3,1,0,0,0,0,0,0,0,8.874145790000057,53.10129541100008
52,11,2019,2,4,13,3,5,3,1,1,0,0,0,0,0,0,8.769011965000061,53.11283326900008
53,11,2019,2,4,13,3,0,7,1,0,0,0,0,0,0,0,8.90580138200005,53.114511598000036
54,12,2019,2,3,13,3,5,3,1,1,0,0,0,0,0,0,8.590035053000065,53.52544020900007
55,11,2019,2,3,6,3,0,7,1,0,0,0,0,0,2,1,8.609245263000048,53.173723616000075
56,11,2019,2,3,12,3,1,5,1,1,0,0,0,0,0,0,8.835862926000061,53.083919922000064
57,11,2019,2,3,9,3,5,3,1,1,0,0,0,0,0,0,8.764457054000047,53.113283022000076
58,12,2019,2,2,8,3,5,3,1,1,0,0,0,0,0,0,8.601934664000055,53.57030817900005
59,11,2019,2,2,16,3,5,3,1,1,0,0,0,0,0,0,8.943449516000044,53.066440267000075
60,11,2019,2,2,18,3,5,3,1,1,0,0,0,0,1,0,8.889713448000066,53.09872952100005
61,11,2019,2,7,12,2,5,2,1,1,0,0,0,0,0,0,8.57185136000004,53.196111829000074
62,11,2019,2,7,13,3,0,1,1,0,0,0,0,0,0,0,8.898395463000043,53.11723446000008
63,12,2019,2,6,16,3,4,6,1,0,0,0,0,0,0,0,8.561966763000044,53.577626027000065
64,11,2019,2,6,7,3,5,2,1,0,0,0,1,0,0,0,8.649746746000062,53.17375172700008
65,12,2019,2,5,18,3,4,2,1,0,0,0,0,1,2,0,8.596722408000062,53.527142714000036
66,11,2019,2,5,18,3,5,3,1,1,0,0,0,0,1,0,8.96240614800007,53.05740761200008
67,11,2019,2,5,18,3,5,2,1,1,0,0,0,0,2,0,8.736429844000043,53.04508772400004
68,11,2019,2,3,6,3,5,3,1,1,0,0,0,0,2,0,8.86969576000007,53.09129325500004
69,11,2019,2,2,7,3,5,3,1,0,0,0,0,1,1,0,8.899564178000048,53.077691798000046
70,11,2019,2,2,6,3,5,3,1,1,0,0,0,0,2,0,8.78037587800003,53.09286830500008
71,11,2019,2,2,23,2,0,7,1,0,0,0,0,0,2,0,8.90038312300004,53.099551261000045
72,11,2019,2,1,17,3,6,4,1,0,1,0,0,0,2,1,8.824780411000063,53.08285404000003
73,11,2019,2,7,2,3,5,3,1,1,0,0,0,0,2,1,8.83137644900006,53.08124720100005
74,11,2019,2,7,9,3,5,3,1,1,0,0,0,0,0,0,8.728187302000038,53.03839043000005
75,11,2019,2,7,21,3,6,3,1,0,1,0,0,0,2,1,8.79042392100007,53.06824360300004
76,11,2019,2,7,16,3,5,2,1,1,0,0,0,0,1,1,8.825119101000041,53.08433057000008
77,11,2019,2,6,8,3,5,3,1,1,0,0,0,0,0,0,8.791780764000066,53.08270176600007
78,11,2019,2,6,6,3,5,2,1,0,0,0,0,1,1,0,8.898147670000071,53.059252584000035
79,11,2019,2,6,7,3,3,6,1,1,0,0,0,0,2,1,8.888852263000047,53.09780787500006
80,11,2019,2,6,12,3,5,2,1,1,0,0,0,0,0,0,8.909311320000029,53.05953985500008
81,11,2019,2,5,6,2,0,1,1,0,0,0,0,0,2,1,8.716616457000043,53.13455919300003
82,11,2019,2,5,17,2,0,7,1,0,0,0,0,0,2,0,8.80222599700005,53.09457092500003
83,11,2019,2,5,17,3,4,6,1,0,0,0,0,0,1,0,8.801434796000024,53.07129777700004
84,12,2019,2,4,18,3,4,6,1,1,0,0,0,0,2,1,8.587953870000035,53.574823139000046
85,11,2019,2,4,14,3,0,1,1,0,0,0,0,0,0,1,8.830518260000076,53.07155390600008
86,11,2019,2,4,18,3,0,6,1,1,0,0,0,0,2,1,8.808797666000032,53.07845847800007
87,11,2019,2,4,13,3,3,6,1,0,0,0,0,1,0,0,8.853745718000027,53.085263800000064
88,11,2019,2,4,11,2,0,7,1,0,0,0,0,0,0,1,8.823788620000073,53.07761893800006
89,11,2019,2,3,16,2,5,3,1,1,0,0,0,0,0,0,8.847143759000062,53.08701869500004
90,11,2019,2,3,7,3,5,3,1,1,0,0,0,0,2,1,8.736398612000073,53.059137116000045
91,11,2019,2,3,9,3,5,3,1,0,0,0,0,1,0,0,8.797386366000069,53.08622572000007
92,12,2019,2,2,12,3,6,6,1,0,1,0,0,0,0,0,8.614300545000049,53.50859078600007
93,11,2019,2,2,16,3,5,2,1,1,0,0,0,0,0,0,8.809161310000036,53.07892459800007
94,11,2019,2,2,7,3,5,2,1,1,0,0,0,0,2,0,8.787873185000024,53.06275939200003
95,11,2019,2,1,15,3,9,7,1,0,0,0,0,0,0,0,8.835260074000075,53.050809755000046
96,11,2019,2,7,11,3,5,3,1,1,0,0,0,0,0,1,8.562243931000069,53.19226262500007
97,11,2019,1,5,15,3,3,6,1,0,0,0,0,0,0,0,8.86181416100004,53.09918906300004
98,11,2019,1,4,7,3,0,7,1,0,0,0,0,0,0,2,8.857656195000061,53.085866717000044
99,11,2019,1,4,5,2,5,3,1,0,0,0,0,1,2,0,8.58446323000004,53.18139991000004
100,12,2019,1,3,18,3,5,3,1,1,0,0,0,0,2,0,8.603633115000036,53.586231473000055
101,11,2019,1,3,15,3,3,6,1,1,0,0,0,0,0,1,8.77949151200005,53.06523949400008
102,11,2019,1,3,7,3,5,3,1,1,0,0,0,0,0,1,8.880352512000059,53.08240994400006
103,11,2019,1,3,6,3,5,3,1,1,0,0,0,0,2,2,8.824443638000048,53.084257050000076
104,12,2019,1,2,10,3,5,3,1,0,0,1,0,0,0,1,8.627690030000053,53.52982820100004
105,11,2019,1,2,16,3,5,3,1,1,0,0,0,0,0,1,8.716638920000037,53.056519466000054
106,11,2019,1,1,10,2,0,7,1,0,0,0,0,0,0,1,8.582685312000024,53.18225523800004
107,11,2019,1,7,12,3,5,3,1,1,0,0,0,0,0,1,8.765881106000052,53.074007520000066
108,11,2019,1,7,22,3,5,3,1,1,0,0,0,0,2,1,8.800860487000023,53.068448541000066
109,11,2019,1,6,18,3,5,3,1,1,0,0,0,0,2,2,8.843927764000057,53.08108004700006
110,11,2019,1,6,7,3,5,3,1,0,0,0,0,1,2,1,8.81096939400004,53.07390432500006
111,11,2019,1,6,20,3,1,7,1,1,0,0,0,0,2,2,8.850539965000053,53.087334929000065
112,12,2019,1,5,15,3,5,2,1,1,0,0,0,0,0,0,8.592594621000046,53.56706731300005
113,12,2019,1,5,7,3,5,2,1,1,0,0,0,0,1,0,8.606318022000039,53.50504446700006
114,11,2019,3,2,9,3,3,2,1,0,0,0,1,0,0,1,8.850624315000061,53.07122259800008
115,11,2019,1,5,12,3,0,7,1,0,0,0,0,1,0,1,8.82611102200002,53.07499334200003
116,11,2019,3,2,19,3,5,3,1,1,0,0,0,0,2,1,8.882661305000056,53.10081622400003
117,11,2019,3,1,11,3,5,3,1,1,0,0,0,0,0,1,8.941781124000045,53.07038906000008
118,11,2019,1,5,7,3,0,7,1,0,0,0,0,0,2,1,8.891043443000058,53.13229352600007
119,11,2019,3,1,13,3,5,3,1,1,0,0,0,0,0,1,8.806253686000048,53.07346737200004
120,11,2019,1,4,15,3,5,2,1,1,0,0,0,0,0,0,8.762931899000023,53.05999987100006
121,11,2019,3,7,1,2,0,7,1,0,0,0,0,0,2,0,8.875712676000035,53.08246436700006
122,11,2019,1,4,21,3,5,2,1,1,0,0,0,0,2,0,8.841599854000037,53.08311800300004
123,11,2019,3,7,11,3,5,2,1,1,0,0,0,0,0,0,8.798831074000077,53.06584548100005
124,11,2019,3,7,13,3,0,5,1,1,0,0,0,0,0,0,8.806935710000062,53.081732740000064
125,11,2019,1,4,9,3,5,3,1,1,0,0,0,0,0,2,8.824417976000063,53.084550206000074
126,11,2019,1,4,9,3,5,3,1,0,0,0,0,0,0,0,8.80728737100003,53.08236644600004
127,11,2019,3,6,13,3,0,7,1,0,0,0,0,0,0,0,8.82287001100002,53.072926892000055
128,11,2019,1,4,7,2,5,3,1,1,0,0,0,0,1,0,8.894582953000054,53.079459556000074
129,11,2019,1,3,13,3,5,2,1,1,0,0,0,0,0,0,8.793120573000067,53.093168037000055
130,11,2019,1,3,12,3,0,7,1,0,0,0,0,0,0,0,8.949522589000026,53.03557400300008
131,11,2019,2,5,10,3,8,1,1,1,0,0,0,0,0,0,8.831183699000064,53.07131916800006
132,11,2019,1,2,9,2,1,7,1,1,0,0,0,0,0,1,8.835271575000036,53.08451520700004
133,11,2019,2,5,12,3,5,3,1,1,0,0,0,0,0,0,8.89242130100007,53.08112039400004
134,11,2019,2,5,16,3,5,3,1,1,0,0,0,0,0,0,8.773111319000066,53.07133111500008
135,11,2019,2,5,8,3,5,3,1,1,0,0,0,0,0,0,8.798298309000074,53.073238805000074
136,11,2019,1,2,12,3,3,6,1,0,0,0,1,0,0,0,8.804054518000044,53.07679192900008
137,11,2019,2,5,14,3,5,3,1,1,0,0,0,0,0,0,8.896834682000076,53.04462245800005
138,11,2019,2,4,17,3,5,3,1,1,0,0,0,0,0,0,8.889904760000036,53.10889921900008
139,11,2019,2,4,8,3,5,2,1,1,0,0,0,0,0,0,8.821777691000023,53.08420445100006
140,11,2019,2,3,17,3,3,6,1,1,0,0,0,0,0,0,8.824825094000062,53.084584422000034
141,11,2019,2,3,7,3,1,6,1,1,0,0,0,0,0,0,8.819369109000036,53.04847403700006
142,11,2019,2,2,10,3,0,3,1,1,0,0,0,0,0,0,8.842395955000029,53.10601092500008
143,11,2019,1,7,2,3,0,1,1,0,0,0,0,0,2,1,8.823053841000046,53.07347871400003
144,11,2019,2,2,8,3,5,3,1,1,0,0,0,0,0,0,8.807452888000057,53.09436197300005
145,11,2019,2,2,15,3,5,3,1,1,0,0,0,0,0,0,8.812599039000077,53.08084162100005
146,11,2019,2,2,16,3,4,6,1,0,0,0,0,0,0,0,8.800554542000043,53.070989102000055
147,11,2019,2,2,9,3,5,2,1,1,0,0,0,0,0,0,8.848482162000039,53.05029593100005
148,12,2019,2,1,16,3,0,1,1,0,0,0,0,0,0,0,8.574747605000027,53.56054644100004
149,11,2019,1,6,14,3,0,7,1,0,0,0,0,1,0,1,8.936875626000074,53.06760189600004
150,11,2019,2,1,22,3,8,7,1,1,0,0,0,0,2,0,8.87753093200007,53.09780239200006
151,11,2019,2,7,1,3,1,5,1,1,0,0,0,0,2,0,8.788190256000064,53.070376553000074
152,11,2019,2,7,17,3,1,7,1,1,0,0,0,0,0,0,8.807614644000068,53.09313765700006
153,11,2019,2,7,11,3,0,7,1,0,0,0,0,0,0,0,8.632052961000056,53.191785277000065
154,11,2019,1,6,11,3,0,1,1,0,0,0,0,0,0,2,8.790458561000037,53.06663455000006
155,11,2019,2,7,16,3,5,3,1,0,0,0,0,0,0,0,8.79282994700003,53.06907478200003
156,11,2019,1,5,11,3,1,5,1,1,0,0,0,0,0,1,8.79180095700002,53.08920598200007
157,11,2019,1,5,13,3,5,3,1,0,0,0,0,0,0,1,8.801881611000056,53.079280194000034
158,11,2019,1,5,17,2,0,7,1,0,0,0,0,0,2,1,8.82915239600004,53.072058809000055
159,12,2019,2,5,16,3,5,3,1,1,0,0,0,0,0,1,8.592099776000055,53.56670671000006
160,11,2019,2,5,17,3,1,5,1,1,0,0,0,0,0,0,8.599121535000052,53.17992656000007
161,11,2019,1,5,15,3,0,1,1,0,0,0,0,0,0,1,8.82320990200003,53.07299542000004
162,11,2019,2,5,17,3,1,5,1,1,0,0,0,0,0,0,8.796462363000046,53.068202608000036
163,12,2019,4,2,13,3,1,5,1,1,0,0,0,0,0,0,8.599184163000075,53.53096276800005
164,11,2019,4,2,12,2,5,3,1,1,0,0,0,0,0,0,8.723839480000038,53.04354288400003
165,11,2019,4,2,18,3,5,3,1,1,0,0,0,0,0,0,8.781647646000067,53.08762435800003
166,11,2019,4,2,17,2,9,1,1,1,0,0,0,0,0,0,8.871800449000034,53.099476638000056
167,11,2019,4,1,13,3,0,7,1,0,0,0,0,0,0,0,8.751661800000022,53.11762204200005
168,12,2019,4,7,8,3,5,3,1,0,0,0,0,1,0,1,8.605321779000064,53.53067561200004
169,12,2019,4,7,14,3,1,5,1,1,0,0,0,0,0,0,8.606796761000055,53.59821622000004
170,11,2019,4,7,9,3,0,7,1,0,1,0,0,0,0,0,8.821298183000067,53.03985599100008
171,11,2019,4,7,16,3,1,5,1,1,0,0,0,0,0,0,8.572427495000056,53.203169622000075
172,11,2019,4,6,14,3,5,3,1,1,0,0,0,0,0,0,8.819647786000075,53.03831232700003
173,11,2019,4,6,15,3,5,3,1,1,0,0,0,0,0,0,8.83803047500004,53.06789039300003
174,12,2019,4,5,9,3,5,3,1,1,0,0,0,0,0,0,8.595204140000021,53.53897885300006
175,11,2019,4,5,15,3,5,3,1,1,0,0,0,0,0,0,8.837406011000041,53.069926974000055
176,11,2019,4,5,16,3,5,2,1,1,0,0,0,0,0,0,8.936711186000025,53.03834922100003
177,11,2019,4,5,14,3,5,3,1,1,0,0,0,0,0,0,8.797055925000052,53.071639864000076
178,11,2019,4,4,11,3,0,7,1,0,0,0,0,0,0,0,8.822987633000025,53.07294106300003
179,12,2019,4,2,12,3,3,6,1,0,0,0,0,0,0,0,8.579246218000037,53.54637944500007
180,11,2019,4,2,16,3,5,3,1,1,0,0,0,0,2,0,8.864742553000042,53.07094020000005
181,11,2019,4,2,11,3,5,3,1,1,0,0,0,0,0,0,8.941806173000032,53.03808257700007
182,11,2019,4,1,17,3,9,6,1,0,0,0,0,0,0,0,8.831973608000055,53.07106080600005
183,11,2019,4,1,16,3,3,6,1,0,0,0,0,0,0,0,8.866165181000042,53.06230896200003
184,11,2019,4,1,2,3,0,1,1,0,0,0,0,0,2,0,8.758354215000054,53.067942327000026
185,11,2019,4,1,15,2,3,6,1,1,0,0,0,0,0,0,8.91362941400007,53.12339939700007
186,12,2019,4,7,15,3,1,7,1,1,0,0,0,0,0,0,8.601234648000059,53.53138953900003
187,11,2019,4,6,13,3,0,7,1,0,0,0,0,1,0,0,8.809886292000044,53.062763532000076
188,11,2019,4,6,8,3,5,3,1,1,0,0,0,0,0,0,8.785520484000074,53.074847497000064
189,11,2019,4,5,14,3,0,7,1,0,0,1,0,0,0,0,8.77718717600004,53.09916028500004
190,11,2019,4,5,8,3,0,7,1,1,0,0,0,0,0,0,8.814518875000033,53.09403197700004
191,11,2019,4,5,17,3,5,3,1,1,0,0,0,0,0,0,8.816682115000049,53.08083668000006
192,11,2019,4,4,10,3,5,3,1,1,0,0,0,0,0,0,8.575075001000073,53.18146590300006
193,11,2019,4,4,13,3,5,2,1,1,0,0,0,0,0,0,8.847403418000056,53.05051033800004
194,11,2019,4,4,16,3,0,1,1,0,0,0,0,0,0,1,8.873432623000042,53.10133900100004
195,11,2019,4,4,15,3,0,1,1,0,0,0,0,0,0,1,8.826963961000047,53.07277995000004
196,11,2019,4,3,6,3,5,3,1,0,0,0,0,1,0,0,8.73581899800007,53.140697388000035
197,11,2019,4,3,9,3,5,7,1,1,0,0,0,0,0,0,8.796393489000025,53.06898195100007
198,12,2019,4,2,20,3,4,2,1,1,0,0,0,0,2,0,8.595130188000041,53.530338476000054
199,12,2019,4,2,17,3,5,3,1,1,0,0,0,0,0,0,8.59493079300006,53.57022027700003
200,11,2019,4,2,11,3,6,3,1,0,1,0,0,0,0,0,8.89990612300005,53.09942752000006
201,11,2019,4,2,10,3,0,2,1,1,0,0,0,0,0,0,8.812576791000026,53.056405949000066
202,11,2019,4,2,19,3,6,6,1,1,1,0,0,0,1,0,8.826344075000065,53.07941374900008
203,11,2019,4,2,16,1,5,3,1,0,0,0,0,1,0,0,8.852783095000063,53.10449966300007
204,11,2019,4,2,17,2,0,7,1,0,0,0,0,0,0,0,8.80285301300006,53.06684995400008
205,12,2019,3,1,18,3,0,7,1,1,0,0,0,0,0,0,8.592550107000022,53.515932614000064
206,11,2019,3,1,20,3,5,3,1,0,0,0,0,0,2,0,8.843622822000043,53.068898828000044
207,11,2019,3,7,10,3,3,6,1,1,0,0,0,0,0,0,8.670196622000049,53.17461653300006
208,11,2019,3,6,13,2,5,3,1,1,0,0,0,0,0,0,8.963338081000074,53.05750462000003
209,11,2019,3,6,13,3,5,3,1,1,0,0,0,0,0,0,8.825082913000074,53.08419877300008
210,11,2019,3,6,16,3,6,6,1,0,1,0,0,0,0,0,8.805713642000057,53.08794398300006
211,11,2019,3,6,13,3,0,7,1,1,0,0,0,0,0,0,8.820037954000043,53.04566915200007
212,11,2019,3,6,15,2,5,3,1,1,0,0,0,0,0,0,8.832314410000038,53.06903173200004
213,11,2019,3,6,14,3,5,3,1,1,0,0,0,0,0,0,8.752564850000056,53.11964050700004
214,11,2019,3,5,7,3,0,7,1,1,0,0,0,0,0,0,8.793397155000036,53.10142977300006
215,11,2019,3,5,19,3,5,3,1,1,0,0,0,0,2,1,8.793839432000027,53.09195660000006
216,11,2019,3,4,8,3,5,1,1,1,0,0,0,0,0,0,8.779404524000029,53.06879973500003
217,11,2019,3,3,7,2,5,3,1,1,0,0,0,0,0,0,8.636815145000071,53.16768196700008
218,11,2019,3,3,16,3,4,6,1,0,0,0,0,0,0,1,8.733846585000038,53.04313804800006
219,11,2019,3,3,9,3,5,3,1,1,0,0,0,0,0,0,8.878300747000026,53.08577939800006
220,11,2019,3,3,12,3,5,3,1,1,0,0,0,0,0,0,8.851135011000054,53.085201909000034
221,11,2019,3,3,8,3,5,3,1,1,0,0,0,0,0,0,8.896353145000035,53.07925830700003
222,12,2019,3,2,15,2,5,2,1,1,0,0,0,0,0,0,8.595877163000068,53.55179167400007
223,11,2019,3,2,17,3,5,7,1,1,0,0,0,0,0,0,8.87321715400003,53.084767372000044
224,11,2019,3,2,9,3,5,3,1,1,0,0,0,0,0,1,8.796122983000032,53.08127303500004