,UKREIS,UJAHR,UMONAT,UWOCHENTAG,USTUNDE,UKATEGORIE,UART,UTYP1,IstRad,IstPKW,IstFuss,IstKrad,IstGkfz,IstSonstig,ULICHTVERH,STRZUSTAND,longitude,latitude
225,11,2019,3,1,16,3,5,2,1,1,0,0,0,0,0,0,8.611719796000045,53.175119048000056
226,11,2019,3,6,11,3,6,4,1,0,1,0,0,0,0,0,8.952382955000076,53.06335850700003
227,12,2019,3,5,6,3,4,2,1,1,0,0,0,0,2,0,8.591277431000037,53.55900317900006
228,11,2019,3,5,11,2,6,4,1,0,1,0,0,0,0,0,8.801137139000048,53.06827009400007
229,11,2019,3,5,16,3,1,6,1,0,0,0,0,1,0,0,8.828916693000053,53.07215225400006
230,11,2019,3,5,17,3,5,2,1,1,0,0,0,0,0,0,8.875422890000038,53.061897112000054
231,11,2019,3,5,13,3,0,3,1,1,0,0,0,0,0,0,8.79120201400002,53.09157085500004
232,11,2019,3,5,12,3,5,3,1,1,0,0,0,0,0,0,8.880250075000049,53.10173055200005
233,11,2019,3,4,15,3,4,2,1,1,0,0,0,0,0,0,8.791210311000043,53.09157547600006
234,11,2019,3,3,8,3,5,3,1,0,0,0,0,0,0,0,8.823583858000063,53.07182083300006
235,11,2019,3,3,17,3,3,3,1,1,0,0,0,0,0,0,8.806860830000062,53.060433715000045
236,11,2019,3,2,13,3,5,3,1,0,0,0,0,1,0,1,8.79360461500005,53.06642130900008
237,11,2019,3,2,14,3,0,7,1,0,0,0,0,0,0,1,8.811046709000038,53.08165141200004
238,11,2019,3,6,17,3,0,7,1,1,0,0,0,0,0,0,8.815649189000055,53.07952631500007
239,11,2019,3,6,15,2,5,2,1,1,0,0,0,0,0,1,8.806373743000051,53.073534118000055
240,12,2019,3,5,22,3,0,7,1,0,0,0,0,0,2,1,8.603206991000036,53.55804899000003
241,12,2019,3,5,16,3,5,3,1,1,0,0,0,0,0,1,8.561950892000027,53.56845218300003
242,11,2019,3,5,10,3,5,3,1,1,0,0,0,0,0,1,8.852364414000021,53.073670693000054
243,11,2019,3,5,9,3,5,2,1,1,0,0,0,0,0,1,8.722454132000053,53.056868629000064
244,11,2019,3,4,14,3,5,3,1,1,0,0,0,0,0,1,8.790156744000058,53.09201294400003
245,11,2019,3,4,9,3,5,2,1,1,0,0,0,0,0,1,8.827758661000075,53.08303376400005
246,11,2019,3,4,14,3,3,2,1,0,0,0,1,0,0,1,8.792807265000022,53.06908610600004
247,12,2019,3,3,15,3,5,7,1,1,0,0,0,0,0,1,8.594159662000038,53.569290488000036
248,12,2019,3,3,14,3,5,3,1,1,0,0,0,0,0,0,8.601939019000042,53.57027328600003
249,11,2019,3,3,18,3,0,7,1,0,0,0,0,1,0,0,8.929476038000075,53.06583107200004
250,12,2019,4,5,9,3,5,3,1,1,0,0,0,0,0,0,8.590986933000067,53.54138936000004
251,11,2019,3,3,9,3,5,2,1,1,0,0,0,0,0,1,8.825117933000058,53.08447593100004
252,11,2019,4,5,17,3,0,7,1,1,0,0,0,0,0,0,8.899066186000027,53.129750426000044
253,11,2019,4,5,9,3,5,2,1,1,0,0,0,0,0,0,8.785606725000036,53.07489549300004
254,11,2019,4,5,12,3,1,5,1,1,0,0,0,0,0,0,8.841597792000073,53.085755677000066
255,11,2019,4,5,15,3,5,3,1,1,0,0,0,0,0,0,8.758024774000035,53.058176822000064
256,11,2019,3,2,13,3,4,6,1,0,0,0,0,0,0,1,8.842464671000073,53.08875583400004
257,11,2019,3,1,18,3,5,3,1,1,0,0,0,0,2,1,8.837122007000062,53.082601984000064
258,11,2019,3,6,8,3,5,3,1,1,0,0,0,0,0,1,8.735646952000025,53.04430909200005
259,11,2019,4,5,6,2,0,3,1,1,0,0,0,0,0,0,8.84573288100006,53.03311991000004
260,11,2019,3,5,17,3,5,3,1,1,0,0,0,0,0,0,8.84120867300004,53.03540655200004
261,11,2019,4,5,15,3,1,5,1,0,0,0,0,1,0,0,8.82069866300003,53.07269939100007
262,11,2019,3,5,9,2,0,7,1,0,0,0,0,0,0,1,8.827726313000028,53.07254049200003
263,11,2019,3,5,14,3,5,3,1,1,0,0,0,0,0,0,8.862264969000023,53.102823123000064
264,11,2019,3,4,7,3,5,3,1,1,0,0,0,0,0,0,8.880223538000052,53.07190454100004
265,11,2019,4,4,13,3,0,7,1,0,0,0,0,0,0,0,8.832115109000028,53.09257207500008
266,11,2019,3,4,8,3,5,3,1,1,0,0,0,0,0,0,8.87071960700007,53.09589805500008
267,11,2019,3,4,5,3,5,3,1,1,0,0,0,0,2,1,8.711754670000062,53.17361571400005
268,11,2019,4,4,8,3,5,3,1,1,0,0,0,0,0,0,8.781728866000037,53.08614298900005
269,11,2019,4,4,10,3,3,7,1,1,0,0,0,0,0,0,8.875674336000031,53.066162914000074
270,11,2019,3,4,15,3,5,3,1,0,0,1,0,0,0,1,8.942575623000039,53.057299811000064
271,11,2019,3,3,13,3,5,3,1,1,0,0,0,0,0,0,8.753544322000039,53.087762687000065
272,11,2019,4,3,8,3,5,2,1,1,0,0,0,0,0,0,8.777578568000024,53.08963763000003
273,11,2019,4,3,8,3,0,7,1,0,0,0,0,0,0,0,8.827602759000058,53.078333059000045
274,11,2019,3,2,17,3,5,2,1,1,0,0,0,0,0,1,8.880476200000032,53.10160724800005
275,11,2019,4,3,12,2,0,1,1,0,0,0,0,0,0,0,8.744717947000026,53.12274588300005
276,11,2019,3,2,14,3,5,3,1,1,0,0,0,0,0,1,8.80641294000003,53.078771138000036
277,11,2019,5,1,6,3,0,7,1,0,0,0,0,0,2,0,8.802196438000067,53.06761024700006
278,12,2019,5,7,13,3,5,3,1,0,0,0,0,1,0,0,8.585206099000061,53.55742468500006
279,12,2019,5,6,11,3,5,2,1,1,0,0,0,0,0,0,8.59617393000002,53.57220269700008
280,11,2019,5,6,11,2,5,3,1,1,0,0,0,0,0,0,8.736745144000054,53.14245129200003
281,11,2019,5,6,6,3,5,2,1,1,0,0,0,0,0,0,8.82514653100003,53.08450052200004
282,11,2019,5,6,12,3,3,2,1,0,0,0,1,0,0,0,8.778742356000066,53.06467612500006
283,11,2019,5,6,10,3,5,2,1,1,0,0,0,0,0,0,8.80418388000004,53.07237431100003
284,12,2019,5,5,18,3,5,2,1,1,0,0,0,0,0,0,8.588147592000041,53.53601667600003
285,12,2019,5,5,11,3,5,3,1,1,0,0,0,0,0,0,8.59975836500007,53.49197893500008
286,11,2019,5,5,7,3,5,2,1,1,0,0,0,0,0,0,8.825327474000062,53.04358604300006
287,11,2019,5,5,9,3,5,3,1,0,0,0,1,0,0,0,8.786398346000055,53.07454861600007
288,11,2019,5,5,7,3,3,6,1,0,0,0,0,0,0,0,8.855404348000036,53.08441669700005
289,11,2019,5,5,15,3,5,3,1,1,0,0,0,0,0,0,8.779999662000023,53.09327346400005
290,12,2019,5,4,21,3,0,7,1,0,0,0,0,0,1,0,8.592030089000048,53.52685001900005
291,12,2019,5,4,6,2,5,3,1,1,0,0,0,0,0,0,8.608249243000046,53.59780356700003
292,11,2019,5,4,19,3,5,2,1,1,0,0,0,0,0,0,8.860868139000047,53.06339875400005
293,11,2019,5,4,8,3,5,3,1,1,0,0,0,0,0,1,8.821770491000052,53.08420387400008
294,11,2019,5,4,18,3,6,4,1,0,1,0,0,0,0,0,8.572996999000054,53.18146580300004
295,12,2019,5,3,7,3,5,3,1,1,0,0,0,0,0,0,8.585177901000066,53.55761132300006
296,11,2019,5,3,7,3,5,2,1,0,0,0,0,1,0,1,8.757824331000052,53.05812947800007
297,11,2019,5,2,10,3,5,3,1,1,0,0,0,0,0,0,8.791064257000073,53.09150090300005
298,11,2019,5,1,12,3,1,5,1,1,0,0,0,0,0,0,8.861018546000025,53.06649207700008
299,11,2019,5,7,10,3,1,5,1,1,0,0,0,0,0,0,8.941492544000027,53.070527208000044
300,11,2019,5,7,23,3,0,1,1,0,0,0,0,0,1,0,8.787781197000072,53.073822360000065
301,11,2019,5,7,17,3,0,7,1,0,1,0,0,0,0,0,8.57120812100004,53.183954397000036
302,11,2019,5,7,23,2,0,1,1,0,0,0,0,0,2,0,8.782712523000043,53.12325466800007
303,11,2019,5,7,18,3,3,6,1,0,0,0,0,1,0,0,8.88558481800004,53.056800328000065
304,12,2019,5,6,16,3,5,3,1,1,0,0,0,0,0,0,8.580445014000077,53.55413615800006
305,11,2019,5,6,7,2,5,3,1,1,0,0,0,0,0,1,8.794906164000054,53.09397803300004
306,11,2019,5,6,15,3,1,5,1,1,0,0,0,0,0,0,8.810673878000046,53.08051541200007
307,11,2019,5,6,14,3,5,3,1,1,0,0,0,0,0,0,8.879935033000038,53.072206323000046
308,11,2019,5,6,13,3,5,3,1,0,0,0,0,1,0,0,8.82441543300007,53.08442667000003
309,11,2019,5,5,7,3,5,3,1,1,0,0,0,0,0,0,8.951862875000074,53.072652849000065
310,11,2019,5,5,15,3,1,5,1,1,0,0,0,0,0,1,8.709615991000021,53.17536957900006
311,12,2019,5,4,14,3,1,5,1,1,0,0,0,0,0,0,8.580575053000075,53.55086483700006
312,12,2019,5,4,20,3,5,3,1,1,0,0,0,0,0,0,8.611684978000028,53.58747540100006
313,11,2019,5,4,9,3,5,3,1,1,0,0,0,0,0,0,8.740605876000075,53.12780104700005
314,11,2019,5,4,17,3,5,3,1,1,0,0,0,0,0,0,8.886768128000028,53.10067324500005
315,11,2019,5,4,17,3,1,7,1,0,0,0,0,1,0,0,8.82390041900004,53.07093195900006
316,11,2019,5,3,18,3,0,1,1,0,0,0,0,0,0,0,8.807046852000042,53.07518031500007
317,11,2019,5,3,18,3,2,6,1,1,0,1,0,0,0,0,8.715630876000034,53.05421861700006
318,11,2019,5,3,16,3,5,3,1,1,0,0,0,0,0,0,8.804631149000045,53.08578731500006
319,11,2019,5,3,17,3,5,2,1,1,0,0,0,0,0,0,8.58456400800003,53.18143901700006
320,11,2019,4,7,22,3,5,2,1,1,0,0,0,0,2,0,8.78974575500007,53.071463820000076
321,11,2019,4,7,15,3,1,5,1,1,0,0,0,0,0,0,8.893797051000035,53.06669443900006
322,11,2019,4,7,11,2,4,6,1,0,0,0,0,0,0,0,8.821472141000072,53.07912046600006
323,11,2019,4,7,12,3,0,7,1,0,0,0,0,0,0,0,8.832001741000056,53.071051726000064
324,11,2019,4,1,15,3,0,1,1,0,0,0,0,0,0,0,8.781803040000057,53.08753703300005
325,11,2019,5,2,9,3,5,3,1,0,0,0,0,0,0,0,8.804456208000033,53.07549639000007
326,11,2019,5,2,16,3,5,2,1,1,0,0,0,0,0,0,8.744443162000039,53.13023110200004
327,11,2019,5,2,18,3,5,3,1,1,0,0,0,0,0,0,8.758442046000027,53.05709636700004
328,11,2019,5,2,15,3,5,3,1,1,0,0,0,0,0,0,8.798822510000036,53.06583985300006
329,11,2019,5,2,7,3,5,2,1,1,0,0,0,0,0,0,8.821454860000074,53.03750184000006
330,11,2019,5,2,17,3,5,2,1,1,0,0,0,0,0,0,8.737046857000053,53.07972006600005
331,11,2019,5,2,19,3,5,3,1,1,0,0,0,0,1,0,8.892072202000065,53.04796758400005
332,11,2019,5,2,16,3,5,2,1,1,0,0,0,0,0,0,8.882070025000075,53.07909759200004
333,12,2019,5,1,10,3,8,1,1,0,0,0,0,0,0,0,8.568695651000041,53.587597833000075
334,11,2019,5,7,15,3,4,6,1,0,0,0,0,0,0,0,8.867925462000073,53.061427939000055
335,11,2019,5,7,10,3,5,3,1,1,0,0,0,0,0,0,8.831644932000074,53.08112389400003
336,11,2019,5,7,1,3,0,7,1,0,0,0,0,0,2,0,8.854550164000045,53.08259891000006
337,11,2019,5,6,14,3,5,3,1,1,0,0,0,0,0,0,8.843485784000052,53.08367226300004
338,11,2019,5,6,14,3,5,3,1,1,0,0,0,0,0,0,8.84958074800005,53.08524988600004
339,12,2019,5,5,5,3,5,3,1,1,0,0,0,0,0,1,8.566138593000062,53.56036478500005
340,12,2019,5,5,11,3,5,3,1,0,0,0,0,1,0,0,8.597963481000022,53.58606821300003
341,11,2019,5,5,12,3,0,7,1,1,0,0,0,0,0,0,8.637199163000048,53.18739084500004
342,11,2019,5,5,15,3,0,7,1,0,0,0,0,0,0,0,8.787374009000075,53.074058852000064
343,11,2019,5,5,7,3,5,3,1,1,0,0,0,0,0,1,8.819654458000059,53.03830984500007
344,11,2019,5,5,7,3,0,7,1,0,1,0,0,0,0,1,8.795775438000021,53.077098515000046
345,11,2019,5,5,7,3,5,2,1,1,0,0,0,0,0,0,8.906290830000046,53.059585980000065
346,11,2019,5,5,19,3,5,2,1,1,0,0,0,0,0,0,8.80865906300005,53.082882030000064
347,12,2019,5,4,7,2,5,2,1,1,0,0,0,0,0,0,8.608728448000022,53.58970144400007
348,11,2019,5,4,18,3,5,2,1,1,0,0,0,0,1,0,8.76843434400007,53.09401494100007
349,11,2019,5,4,6,3,5,3,1,1,0,0,0,0,1,0,8.763546490000067,53.10892873200004
350,11,2019,5,4,9,3,6,4,1,0,1,0,0,0,0,0,8.82057016300007,53.050843144000055
351,11,2019,5,4,7,3,5,3,1,0,0,0,1,0,0,0,8.901498075000063,53.05942898600006
352,11,2019,5,3,19,3,5,3,1,1,0,0,0,0,0,0,8.785258708000072,53.084413330000075
353,11,2019,5,3,23,3,0,7,1,0,0,0,0,0,2,0,8.592263177000063,53.18311298400005
354,11,2019,5,3,16,3,4,2,1,1,0,0,0,0,0,0,8.791802333000021,53.06159969300006
355,11,2019,5,3,6,3,5,3,1,1,0,0,0,0,0,1,8.964331925000067,53.063194991000046
356,12,2019,5,2,7,3,5,3,1,1,0,0,0,0,0,1,8.604539394000028,53.57746861800007
357,11,2019,5,2,9,3,5,3,1,1,0,0,0,0,0,0,8.870179145000066,53.06399433400003
358,11,2019,5,2,9,3,5,3,1,1,0,0,0,0,0,1,8.57809338800007,53.20647575900006
359,11,2019,5,2,17,3,5,3,1,1,0,0,0,0,0,1,8.897450629000048,53.05857905400006
360,11,2019,5,1,11,3,1,5,1,1,0,0,0,0,0,1,8.80075094700004,53.09734300700006
361,11,2019,5,1,10,3,5,3,1,1,0,0,0,0,0,0,8.81837321100005,53.07742415200005
362,11,2019,5,1,19,3,5,3,1,1,0,0,0,0,0,0,8.686122133000026,53.17283439900007
363,12,2019,5,6,17,2,5,3,1,1,0,0,0,0,0,0,8.588112246000037,53.534383296000044
364,11,2019,5,6,15,3,5,3,1,1,0,0,0,0,0,0,8.855679187000021,53.069612892000066
365,11,2019,5,6,7,3,5,3,1,1,0,0,0,0,0,0,8.619924260000062,53.17297216000003
366,11,2019,5,6,14,3,6,4,1,0,1,0,0,0,0,0,8.846525280000037,53.10609104900004
367,11,2019,5,6,9,3,5,3,1,1,0,0,0,0,0,0,8.81418241700004,53.08523081000004
368,11,2019,5,5,2,3,0,7,1,0,0,0,0,0,2,0,8.810652386000072,53.08062515200004
369,11,2019,5,5,11,3,5,3,1,0,0,0,0,0,0,0,8.854737596000064,53.076446962000034
370,11,2019,5,4,17,3,6,4,1,0,1,0,0,0,0,0,8.794595811000022,53.06698444800003
371,11,2019,4,6,20,3,1,5,1,1,0,0,0,0,2,0,8.823598368000034,53.071779047000064
372,11,2019,5,4,9,3,1,5,1,1,0,0,0,0,0,0,8.811361562000059,53.08020742600007
373,11,2019,5,4,14,3,5,3,1,1,0,0,0,0,0,0,8.740011849000041,53.05140554700006
374,11,2019,5,4,5,3,1,7,1,1,0,0,0,0,1,0,8.871839660000035,53.098372880000056
375,11,2019,4,3,15,3,5,2,1,1,0,0,0,0,0,0,8.693999482000038,53.18061705200006
376,11,2019,4,3,15,3,5,2,1,1,0,0,0,0,0,0,8.786200087000054,53.103058358000055
377,11,2019,4,3,14,3,0,6,1,0,0,0,0,0,0,0,8.882052237000039,53.10329480000007
378,11,2019,4,3,14,3,3,6,1,1,0,0,0,0,0,0,8.864135262000048,53.10255054900006
379,11,2019,4,2,14,3,3,2,1,0,0,0,0,1,0,1,8.788437257000055,53.09395658200003
380,11,2019,4,2,15,3,3,6,1,1,0,0,0,0,0,0,8.731375403000072,53.13087628400007
381,11,2019,4,2,16,3,4,6,1,0,0,0,0,0,0,0,8.881989608000026,53.07554024700005
382,11,2019,4,2,12,3,5,3,1,1,0,0,0,0,0,1,8.828396304000023,53.08776073200005
383,11,2019,4,7,18,2,0,1,1,0,0,0,0,0,0,0,8.620184618000053,53.17075180300003
384,11,2019,4,6,19,3,6,4,1,0,1,0,0,0,1,1,8.847070808000069,53.08481534400005
385,11,2019,4,6,19,3,5,3,1,1,0,0,0,0,0,0,8.951138425000067,53.06220462500005
386,11,2019,4,1,14,3,0,7,1,0,0,0,0,0,0,0,8.704239703000042,53.15675900900004
387,11,2019,4,6,14,3,5,3,1,1,0,0,0,0,0,1,8.93061728300006,53.03857947100005
388,11,2019,4,6,12,3,0,3,1,1,0,0,0,0,0,1,8.78833865100006,53.06305838600008
389,11,2019,4,5,5,3,3,6,1,0,0,0,0,1,1,1,8.969900779000056,53.042747045000056
390,11,2019,4,5,7,3,5,3,1,1,0,0,0,0,0,0,8.764604490000067,53.08301605500003
391,11,2019,4,5,16,3,5,2,1,1,0,0,0,0,0,0,8.78753788900002,53.09957151700007
392,11,2019,4,5,17,3,5,3,1,0,0,0,0,0,0,0,8.84713355200006,53.08700698500007
393,11,2019,4,5,9,3,5,3,1,1,0,0,0,0,0,0,8.754086141000073,53.12198080500008
394,11,2019,4,5,8,3,5,3,1,1,0,0,0,0,0,0,8.824882498000022,53.084182543000054
395,11,2019,4,4,5,3,7,7,1,0,0,0,0,0,2,0,8.741337016000045,53.07932613600008
396,11,2019,4,4,18,3,1,5,1,1,0,0,0,0,0,0,8.789052609000066,53.06900043100006
397,11,2019,4,4,19,3,4,6,1,0,0,0,0,0,0,0,8.805267245000039,53.08102369900007
398,12,2019,4,3,17,3,5,3,1,1,0,0,0,0,0,0,8.583527609000043,53.586802196000065
399,11,2019,4,3,13,3,3,3,1,1,0,0,0,0,0,0,8.75392230600005,53.12040746500003
400,11,2019,4,3,19,2,5,3,1,1,0,0,0,0,1,0,8.83716054100006,53.07176794900005
401,11,2019,4,3,9,3,3,2,1,1,0,0,0,0,0,0,8.824398771000062,53.08442465100006
402,11,2019,4,2,21,2,6,4,1,1,1,0,0,0,0,0,8.79265839900006,53.065729099000066
403,11,2019,4,2,17,3,5,3,1,0,0,0,0,1,0,0,8.881553792000034,53.05942032400003
404,11,2019,4,1,16,3,1,7,1,1,0,0,0,0,0,0,8.954937733000065,53.066464765000035
405,11,2019,4,6,22,3,6,4,1,1,1,0,0,0,2,0,8.799814323000021,53.07037808100006
406,11,2019,4,7,12,3,5,3,1,1,0,0,0,0,0,0,8.955920719000062,53.04658589500008
407,11,2019,7,3,6,3,5,3,1,1,0,0,0,0,0,0,8.730107480000072,53.03401440400006
408,11,2019,7,2,6,3,5,3,1,1,0,0,0,0,0,0,8.918736938000052,53.04119158300006
409,11,2019,7,2,18,3,3,6,1,0,0,0,0,0,0,0,8.803830822000066,53.08029899200005
410,11,2019,7,2,11,3,0,2,1,1,0,0,0,0,0,0,8.931690458000048,53.06220031200007
411,11,2019,7,2,7,3,5,2,1,0,0,0,0,1,0,0,8.786398346000055,53.07454861600007
412,11,2019,7,2,9,3,1,3,1,0,0,0,0,0,0,0,8.870304824000073,53.06488049600006
413,11,2019,7,2,12,3,6,4,1,0,1,0,0,0,0,0,8.846502881000049,53.071590797000056
414,12,2019,6,1,14,3,5,3,1,1,0,0,0,0,0,0,8.595104305000064,53.56563836500004
415,12,2019,6,1,9,3,4,2,1,1,0,0,0,0,0,0,8.607601687000056,53.53528091000004
416,11,2019,6,7,21,3,0,1,1,0,0,0,0,0,0,0,8.90633063000007,53.07136296700003
417,12,2019,6,6,11,3,5,3,1,1,0,0,0,0,0,0,8.599557310000023,53.53021613000004
418,11,2019,6,6,13,3,7,7,1,0,0,0,0,0,0,0,8.817237379000062,53.07001660100008
419,11,2019,6,6,13,3,3,3,1,0,0,0,0,1,0,0,8.824542407000024,53.08418728100003
420,11,2019,6,6,15,3,5,3,1,1,0,0,0,0,0,0,8.879747357000042,53.11256830700006
421,11,2019,6,6,9,3,0,7,1,0,0,0,0,0,0,0,8.57796669000004,53.18159824500003
422,11,2019,6,6,17,3,5,3,1,1,0,0,0,0,0,0,8.896271833000071,53.118530545000056
423,11,2019,6,6,13,3,5,3,1,0,0,0,1,0,0,0,8.853841506000037,53.08237060100004
424,11,2019,6,5,18,3,5,2,1,1,0,0,0,0,0,0,8.80849962000002,53.08804321700006
425,11,2019,6,5,13,3,0,3,1,0,0,0,0,1,0,0,8.88748470400003,53.05054141100004
426,12,2019,6,4,16,3,5,3,1,1,0,0,0,0,0,0,8.602531016000057,53.50941562600008
427,11,2019,6,4,13,3,5,2,1,1,0,0,0,0,0,0,8.919916615000034,53.07339919200007
428,11,2019,6,4,14,2,5,2,1,0,0,0,0,1,0,0,8.771743920000063,53.079250296000055
429,11,2019,6,4,12,3,5,3,1,1,0,0,0,0,0,0,8.804354355000044,53.07252620600008
430,11,2019,6,4,14,3,5,2,1,1,0,0,0,0,0,0,8.809216402000061,53.078852049000034
431,11,2019,6,4,11,3,5,3,1,1,0,0,0,0,0,0,8.893566448000058,53.09839499700007
432,12,2019,6,3,7,3,5,3,1,0,0,0,0,1,0,0,8.597734335000041,53.53410970600004
433,11,2019,6,3,13,3,4,6,1,0,0,0,0,0,0,0,8.752817313000037,53.08934986700007
434,11,2019,6,3,15,3,5,2,1,1,0,0,0,0,0,0,8.875976800000046,53.08213294600006
435,11,2019,6,3,21,3,0,2,1,1,0,0,0,0,1,0,8.835290351000026,53.06290929200003
436,11,2019,6,3,11,3,5,2,1,1,0,0,0,0,0,0,8.832749008000064,53.07747282100007
437,11,2019,6,3,15,3,5,2,1,1,0,0,0,0,0,0,8.939977286000044,53.080352094000034
438,12,2019,6,2,16,3,0,1,1,0,0,0,0,0,0,0,8.552164748000052,53.57943065900008
439,11,2019,6,2,15,3,5,3,1,1,0,0,0,0,0,0,8.791787916000033,53.09091799400005
440,11,2019,6,2,14,3,2,6,1,1,0,0,0,0,0,0,8.808275868000067,53.094627985000045
441,11,2019,6,2,14,3,1,5,1,1,0,0,0,0,0,0,8.81047010900005,53.08377760500008
442,11,2019,6,2,7,3,6,4,1,0,1,0,0,0,0,0,8.908266385000047,53.03987510800005
443,11,2019,6,2,20,2,0,6,1,0,0,1,0,0,0,0,8.829650564000076,53.07186444400003
444,11,2019,6,2,9,3,0,1,1,1,0,0,0,0,0,0,8.810412445000054,53.09258351100004
445,11,2019,6,7,10,3,5,3,1,0,0,0,0,1,0,0,8.88747795300003,53.06228803500005
446,11,2019,6,7,15,3,0,1,1,0,0,0,0,0,0,0,8.585063085000058,53.18118524000005
447,11,2019,6,7,17,3,5,3,1,1,0,0,0,0,0,0,8.722124509000025,53.15875509600005
448,11,2019,6,7,16,2,3,6,1,0,0,0,0,0,0,0,8.848184278000076,53.14253033800003
449,11,2019,6,6,16,3,5,3,1,1,0,0,0,0,0,0,8.735002136000048,53.13227154500004
450,11,2019,6,6,14,3,5,3,1,1,0,0,0,0,0,0,8.819495880000034,53.04864911200008
451,11,2019,6,6,16,3,0,7,1,0,0,0,0,1,0,0,8.803629009000076,53.08239799300003
452,11,2019,6,6,23,3,5,2,1,1,0,0,0,0,2,0,8.819595825000022,53.08049201700004
453,11,2019,6,6,5,3,1,1,1,1,0,0,0,0,0,0,8.795682696000028,53.075384040000074
454,11,2019,6,6,14,3,3,6,1,1,0,0,0,0,0,0,8.803069306000054,53.08451433600004
455,11,2019,6,5,15,3,4,7,1,1,0,0,0,0,0,0,8.802695505000031,53.08429856300006
456,11,2019,6,5,12,3,1,1,1,1,0,0,0,0,0,0,8.82975183900004,53.07182788100005
457,11,2019,6,5,23,3,0,1,1,0,0,0,0,0,2,1,8.824632845000053,53.068970998000054
458,11,2019,6,5,17,3,1,5,1,1,0,0,0,0,0,0,8.848986444000047,53.068141912000044
459,11,2019,6,5,7,3,5,3,1,1,0,0,0,0,0,0,8.658359038000071,53.17425820600005
460,11,2019,6,5,9,3,5,3,1,1,0,0,0,0,0,0,8.763415423000026,53.11660780100004
461,11,2019,6,5,12,3,6,4,1,0,1,0,0,0,0,0,8.801911683000071,53.08497017900004
462,11,2019,6,4,7,3,5,3,1,1,0,0,0,0,0,0,8.812701467000068,53.08108574100004
463,11,2019,6,4,16,2,9,7,1,1,0,0,0,0,0,0,8.57488662000003,53.192634601000066
464,11,2019,6,4,14,3,0,2,1,1,0,0,0,0,0,0,8.804024879000053,53.07252157700003
465,11,2019,6,4,10,3,0,7,1,0,0,0,0,1,0,0,8.50923941700006,53.208279195000046
466,11,2019,6,4,15,3,6,4,1,0,1,0,0,0,0,0,8.796220085000073,53.068043697000064
467,12,2019,6,3,17,3,5,3,1,1,0,0,0,0,0,0,8.584340110000028,53.57339592500006
468,11,2019,6,3,13,3,1,3,1,1,0,0,0,0,0,0,8.814983962000042,53.08125821200008
469,11,2019,6,3,8,3,5,3,1,1,0,0,0,0,0,0,8.804201780000028,53.072364744000026
470,12,2019,6,2,22,3,5,2,1,1,0,0,0,0,2,1,8.580057586000066,53.55026175000006
471,11,2019,6,2,17,3,4,2,1,1,0,0,0,0,0,0,8.82583285100003,53.07300133900003
472,11,2019,6,2,20,3,4,6,1,1,0,0,0,0,0,0,8.854014006000057,53.080770898000026
473,11,2019,6,2,9,2,6,4,1,0,1,0,0,0,0,0,8.856591478000041,53.08891121400006
474,11,2019,6,2,17,2,0,7,1,0,0,0,0,0,0,0,8.955715928000075,53.07600921000005
475,11,2019,6,2,7,3,5,3,1,1,0,0,0,0,0,0,8.90087191400005,53.08934969900008
476,11,2019,6,1,20,3,5,2,1,1,0,0,0,0,0,1,8.85913879100002,53.06370777700005
477,11,2019,6,1,18,3,5,3,1,0,0,0,0,0,0,0,8.907114568000054,53.12071200100007
478,11,2019,6,1,16,2,0,7,1,0,0,0,0,1,0,0,8.817621632000055,53.03899253800006
479,11,2019,6,1,17,3,5,2,1,1,0,0,0,0,0,0,8.84671078100007,53.09267992100007
480,11,2019,6,1,13,3,0,7,1,0,0,0,0,0,0,0,8.887990543000058,53.066743847000055
481,11,2019,6,7,11,3,0,1,1,0,0,0,0,0,0,0,8.82765090600003,53.072563675000026
482,11,2019,6,7,14,3,5,3,1,1,0,0,0,0,0,0,8.818080208000026,53.07772092000005
483,11,2019,6,7,12,3,5,3,1,1,0,0,0,0,0,0,8.818079692000026,53.07772082000008
484,11,2019,6,7,15,3,4,6,1,0,0,0,0,0,0,0,8.809903900000052,53.09569616200008
485,11,2019,6,7,18,3,5,3,1,1,0,0,0,0,0,0,8.887612458000035,53.05947314700006
486,11,2019,6,6,22,3,1,5,1,0,0,0,0,1,2,0,8.868490090000023,53.09868456800007
487,11,2019,6,6,16,2,0,1,1,0,0,0,0,0,0,0,8.74999357300004,53.12029685700003
488,11,2019,6,6,14,3,0,7,1,1,0,0,0,0,0,0,8.796078804000047,53.10295092400003
489,11,2019,6,6,14,3,4,6,1,0,0,0,0,1,0,0,8.840024114000073,53.078679632000046
490,11,2019,6,6,15,3,0,7,1,1,0,0,0,0,0,0,8.902156088000027,53.10588115000007
491,11,2019,6,6,15,2,5,3,1,0,0,0,0,0,0,0,8.782034932000045,53.09589725600006