,UKREIS,UJAHR,UMONAT,UWOCHENTAG,USTUNDE,UKATEGORIE,UART,UTYP1,IstRad,IstPKW,IstFuss,IstKrad,IstGkfz,IstSonstig,ULICHTVERH,STRZUSTAND,longitude,latitude
1024,11,2019,10,6,17,2,1,5,1,1,0,0,0,0,1,0,8.858586714000069,53.06851985900005
1025,12,2019,10,5,7,3,5,3,1,1,0,0,0,0,1,0,8.58558277000003,53.558201085000064
1026,11,2019,11,2,14,3,5,3,1,1,0,0,0,0,1,1,8.82463793200003,53.08408623200006
1027,11,2019,11,2,16,3,5,3,1,1,0,0,0,0,2,1,8.877090850000059,53.08086409100008
1028,11,2019,10,5,10,3,5,3,1,1,0,0,0,0,0,1,8.863026561000027,53.07147456200005
1029,11,2019,10,5,23,2,4,6,1,1,0,0,0,0,2,0,8.805346429000053,53.073028529000055
1030,11,2019,10,5,6,3,5,2,1,1,0,0,0,0,1,1,8.808503733000066,53.08803895600005
1031,11,2019,11,7,19,3,0,1,1,0,0,0,0,0,2,1,8.836443903000031,53.06769706300008
1032,11,2019,10,5,16,3,5,3,1,1,0,0,0,0,0,0,8.812384290000068,53.080953048000026
1033,11,2019,11,7,16,3,0,7,1,0,0,0,0,0,2,1,8.888854907000052,53.09781065300007
1034,12,2019,10,4,19,3,5,3,1,1,0,0,0,0,1,1,8.595032510000067,53.57205566700003
1035,11,2019,11,7,10,3,0,7,1,0,0,0,0,0,0,1,8.832329768000022,53.07094585400006
1036,11,2019,10,4,13,3,5,3,1,1,0,0,0,0,0,0,8.870197119000068,53.06398811400004
1037,11,2019,10,4,8,3,1,5,1,0,0,0,0,1,0,0,8.846776153000064,53.06832788400004
1038,12,2019,10,2,11,2,5,3,1,1,0,0,0,0,0,0,8.577886104000072,53.54602730000005
1039,11,2019,10,2,17,2,5,3,1,0,0,0,0,1,0,0,8.782722275000026,53.087158256000066
1040,11,2019,10,2,5,3,5,3,1,1,0,0,0,0,2,0,8.82445038700007,53.08448199700007
1041,11,2019,10,2,12,3,5,2,1,1,0,0,0,0,0,0,8.618898929000068,53.17862377300003
1042,11,2019,11,6,11,3,5,3,1,1,0,0,0,0,0,0,8.737058839000042,53.13387382600007
1043,11,2019,11,6,7,3,0,7,1,0,0,0,0,0,1,0,8.818802265000045,53.099142733000065
1044,11,2019,11,6,11,3,5,2,1,1,0,0,0,0,0,0,8.831708889000026,53.08114374300004
1045,11,2019,10,7,10,3,4,6,1,1,0,0,0,0,0,0,8.736237089000042,53.12792842600004
1046,11,2019,11,6,12,3,0,1,1,1,0,0,0,0,0,0,8.797378992000063,53.08622055700005
1047,11,2019,11,5,9,3,5,3,1,0,0,0,0,0,0,0,8.886112172000026,53.10972504100005
1048,11,2019,11,5,17,3,5,3,1,1,0,0,0,0,2,0,8.797101114000043,53.07355684700008
1049,11,2019,10,7,13,3,4,6,1,1,0,0,0,0,0,0,8.836552096000048,53.08714238600004
1050,11,2019,11,5,14,3,5,3,1,1,0,0,0,0,0,1,8.786047530000076,53.080036249000045
1051,11,2019,10,7,16,3,0,1,1,0,0,0,0,0,0,0,8.822828703000027,53.07567099000005
1052,11,2019,11,5,20,3,5,2,1,1,0,0,0,0,2,0,8.815886872000021,53.07254517500007
1053,11,2019,10,6,22,3,1,7,1,1,0,0,0,0,2,1,8.802050826000027,53.09392975500003
1054,11,2019,11,5,13,3,5,3,1,1,0,0,0,0,0,0,8.943846821000022,53.07800700000007
1055,12,2019,11,4,10,3,1,5,1,1,0,0,0,0,0,0,8.615238745000056,53.58622396000004
1056,12,2019,11,4,16,3,2,6,1,1,0,0,0,0,1,1,8.581801287000076,53.54305106600003
1057,11,2019,11,4,13,3,5,3,1,1,0,0,0,0,0,0,8.734073803000058,53.05857985400007
1058,11,2019,11,4,17,3,4,4,1,1,1,0,0,0,2,0,8.805163325000024,53.08363807400008
1059,11,2019,11,4,7,3,5,3,1,1,0,0,0,0,0,0,8.787019783000062,53.08296113800003
1060,11,2019,10,5,15,3,3,7,1,1,0,0,0,0,0,1,8.770575601000075,53.11415969600006
1061,11,2019,11,4,17,3,3,2,1,0,0,0,0,0,2,1,8.883690104000038,53.04823679500004
1062,11,2019,11,4,14,3,1,5,1,1,0,0,0,0,0,0,8.835670853000067,53.08411327500005
1063,11,2019,10,4,18,3,5,3,1,1,0,0,0,0,1,1,8.821918290000042,53.03727199300005
1064,11,2019,10,4,13,1,0,1,1,0,0,0,0,0,0,1,8.78583740800002,53.05286773500006
1065,11,2019,10,4,14,3,5,3,1,1,0,0,0,0,0,1,8.740546941000048,53.05424286200008
1066,11,2019,10,4,16,2,5,2,1,1,0,0,0,0,0,1,8.802143332000071,53.07776381700006
1067,12,2019,11,3,13,3,5,3,1,1,0,0,0,0,0,0,8.60414352600003,53.530884720000074
1068,12,2019,11,3,17,2,0,7,1,1,0,0,0,0,2,1,8.580988944000069,53.54475839600008
1069,11,2019,11,3,12,3,6,4,1,0,1,0,0,0,0,0,8.816108353000061,53.092826442000046
1070,11,2019,10,4,22,3,5,3,1,1,0,0,0,0,2,1,8.914125353000031,53.062680295000064
1071,12,2019,10,3,13,3,5,3,1,1,0,0,0,0,0,1,8.587978164000049,53.53314555400004
1072,11,2019,11,2,15,3,5,2,1,1,0,0,0,0,0,0,8.862254060000055,53.10282311000003
1073,11,2019,10,3,12,3,6,7,1,0,1,0,0,0,0,1,8.806617388000063,53.08727031800004
1074,11,2019,11,2,16,3,5,3,1,1,0,0,0,0,2,0,8.783808390000047,53.10177108800008
1075,11,2019,10,3,12,3,1,5,1,1,0,0,0,0,0,0,8.894298882000044,53.101716097000065
1076,11,2019,11,2,14,3,5,3,1,0,0,0,0,1,0,0,8.867430056000046,53.066896936000035
1077,11,2019,11,1,18,3,5,3,1,1,0,0,0,0,2,0,8.80494056200007,53.07554967900006
1078,11,2019,9,2,13,3,5,3,1,0,0,1,0,0,0,1,8.951771251000025,53.07259373100004
1079,11,2019,9,2,13,3,6,7,1,0,1,0,0,0,0,1,8.818456755000057,53.07999580000006
1080,11,2019,11,1,14,2,5,3,1,1,0,0,0,0,0,0,8.904485326000042,53.078508620000036
1081,11,2019,9,2,13,3,4,7,1,1,0,0,0,0,0,1,8.773813336000046,53.06190955400007
1082,12,2019,11,7,16,3,5,3,1,1,0,0,0,0,0,0,8.58588893500007,53.53734962600004
1083,11,2019,11,3,15,2,5,3,1,1,0,0,0,0,2,1,8.86164833600003,53.09929236500005
1084,11,2019,12,3,19,3,5,2,1,1,0,0,0,0,2,0,8.804132755000069,53.07240163900008
1085,11,2019,12,2,14,3,5,3,1,1,0,0,0,0,0,0,8.894131599000048,53.12878318700007
1086,11,2019,12,6,14,3,5,2,1,1,0,0,0,0,0,0,8.77618810000007,53.09865573400003
1087,11,2019,12,4,17,3,5,3,1,1,0,0,0,0,2,1,8.869586210000023,53.07460419600005
1088,12,2019,12,3,11,3,5,3,1,1,0,0,0,0,0,1,8.593992334000063,53.54848701000003
1089,11,2019,12,3,14,3,5,3,1,1,0,0,0,0,0,1,8.783279981000021,53.06972466600007
1090,11,2019,12,2,15,3,5,2,1,1,0,0,0,0,0,1,8.81742190600005,53.08344690300004
1091,11,2019,12,2,14,3,5,2,1,1,0,0,0,0,0,1,8.878682264000076,53.07880706000003
1092,12,2019,12,7,13,3,5,3,1,1,0,0,0,0,0,0,8.594086600000026,53.55080406800005
1093,11,2019,12,7,21,3,6,4,1,0,1,0,0,0,2,0,8.810630712000034,53.071803627000065
1094,11,2019,12,6,14,3,2,3,1,1,0,0,0,0,0,0,8.799760569000057,53.08421693400004
1095,11,2019,12,6,23,3,2,6,1,1,0,0,0,0,2,0,8.81090739700005,53.08003859400003
1096,11,2019,12,6,8,3,5,3,1,1,0,0,0,0,0,0,8.893914006000045,53.11524132300008
1097,11,2019,12,5,19,3,5,3,1,1,0,0,0,0,2,1,8.677737238000077,53.173302242000034
1098,11,2019,12,5,9,3,0,1,1,0,0,0,0,0,0,1,8.792338279000035,53.08561135600007
1099,11,2019,12,5,14,2,5,3,1,1,0,0,0,0,0,0,8.872456567000029,53.06314041200005
1100,12,2019,12,4,15,3,0,3,1,0,0,0,0,1,0,1,8.597726840000064,53.53338527400007
1101,11,2019,12,4,8,3,3,3,1,1,0,0,0,0,1,0,8.82961171200003,53.03418723000004
1102,11,2019,12,4,13,3,6,4,1,0,1,0,0,0,0,0,8.80590227500005,53.07330927100003
1103,11,2019,12,4,11,3,5,3,1,1,0,0,0,0,0,0,8.755378577000045,53.11915002600006
1104,12,2019,12,3,13,3,3,6,1,0,0,0,1,0,0,0,8.600330236000048,53.53145729800008
1105,11,2019,12,3,16,3,3,6,1,0,0,0,0,1,2,1,8.920156058000032,53.092043698000055
1106,11,2019,12,3,21,2,0,7,1,0,1,0,0,0,2,1,8.824900047000028,53.073037759000044
1107,11,2019,12,2,14,3,5,2,1,0,0,0,0,1,0,1,8.824432354000066,53.084489174000055
1108,11,2019,12,2,13,3,5,2,1,1,0,0,0,0,0,0,8.81414346500003,53.081210173000045
1109,11,2019,12,2,14,3,5,2,1,1,0,0,0,0,0,0,8.71293829900003,53.04977462200003
1110,11,2019,12,2,8,3,5,3,1,1,0,0,0,0,0,1,8.715292680000061,53.050732965000066
1111,11,2019,12,1,12,3,0,7,1,1,0,0,0,0,0,1,8.88450298400005,53.053720001000045
1112,11,2019,12,7,13,3,0,1,1,0,0,0,0,0,0,1,8.795990669000048,53.09493626900007
1113,11,2019,12,7,19,2,0,1,1,0,0,0,0,0,2,1,8.875801418000037,53.081863715000054
1114,11,2019,12,6,11,3,5,3,1,1,0,0,0,0,0,0,8.733879003000027,53.05840144300004
1115,11,2019,12,6,7,3,5,3,1,1,0,0,0,0,1,0,8.784068439000066,53.09294331000007
1116,12,2019,12,5,15,3,5,3,1,1,0,0,0,0,0,0,8.621428335000076,53.590527544000054
1117,11,2019,12,5,14,3,5,7,1,1,0,0,0,0,0,0,8.875308352000047,53.08280149600006
1118,11,2019,12,5,16,3,5,3,1,1,0,0,0,0,1,0,8.846923660000073,53.04830385400004
1119,11,2019,12,4,10,3,0,7,1,1,0,0,0,0,0,1,8.626202806000038,53.18375708800005
1120,11,2019,12,4,17,3,5,7,1,1,0,0,0,0,2,0,8.58731448900005,53.18266853200004
1121,11,2019,12,4,15,3,4,2,1,1,0,0,0,0,0,1,8.785403598000073,53.08873175000008
1122,11,2019,12,4,20,3,0,7,1,0,0,0,0,0,2,1,8.873147341000049,53.07963872200003
1123,11,2019,12,3,20,3,7,7,1,0,0,0,0,1,2,1,8.846917682000026,53.080476142000066
1124,11,2019,12,3,15,3,5,3,1,1,0,0,0,0,0,0,8.771918905000064,53.10274107500004
1125,11,2019,12,3,9,3,3,6,1,1,0,0,0,0,0,1,8.899903796000046,53.05292085700006
1126,11,2019,12,3,12,3,4,6,1,0,0,0,1,0,0,1,8.858009948000074,53.08903852100008
1127,12,2019,12,2,7,3,5,3,1,1,0,0,0,0,2,1,8.603846192000049,53.57040314300008
1128,11,2019,12,2,13,3,0,7,1,0,0,0,0,0,0,0,8.822611953000035,53.074769683000056
1129,11,2019,12,2,13,3,5,2,1,1,0,0,0,0,0,0,8.844226211000034,53.07537970000004
1130,11,2019,12,2,8,3,5,2,1,1,0,0,0,0,0,0,8.84398832000005,53.08108106000003
1131,11,2019,12,2,17,3,5,3,1,1,0,0,0,0,2,1,8.612429894000059,53.18428637900007
1132,12,2019,12,1,21,3,0,1,1,0,0,0,0,0,2,1,8.593785311000033,53.513802885000075
1133,11,2019,12,1,20,3,6,4,1,0,1,0,0,0,2,1,8.808124249000059,53.07443723500006
1134,11,2019,12,1,0,2,5,3,1,0,0,0,0,1,2,0,8.878941370000064,53.078927014000044
1135,11,2019,12,7,16,2,0,7,1,0,0,0,0,0,2,1,8.736100468000075,53.13727721100008
1136,11,2019,12,6,23,3,5,3,1,1,0,0,0,0,2,1,8.803277642000069,53.080183555000076
1137,11,2019,12,6,15,3,5,3,1,1,0,0,0,0,1,1,8.789530226000068,53.05471185300007
1138,11,2019,12,6,12,3,3,2,1,1,0,0,0,0,0,1,8.945584500000052,53.06817640400004
1139,11,2019,12,6,14,3,3,6,1,1,0,0,0,0,0,1,8.806688811000072,53.09372481500003
1140,12,2019,12,5,17,3,0,1,1,0,0,0,0,0,2,1,8.589377630000058,53.52173719800004
1141,11,2019,12,5,11,3,5,3,1,1,0,0,0,0,0,0,8.571515787000067,53.18131363200007
1142,11,2019,12,5,12,3,7,7,1,0,0,0,0,1,0,0,8.841847435000034,53.08017075300006
1143,11,2019,12,5,14,3,5,2,1,1,0,0,0,0,0,0,8.713702190000049,53.14013815900006
1144,11,2019,12,5,10,3,5,3,1,1,0,0,0,0,0,0,8.849959761000036,53.085017020000066
1145,11,2019,12,4,18,3,5,2,1,1,0,0,0,0,2,0,8.846527021000043,53.081021959000054
1146,11,2019,12,4,17,3,3,6,1,0,0,0,0,1,2,0,8.782660149000037,53.08711569400003
1147,11,2019,12,3,12,3,5,3,1,1,0,0,0,0,0,0,8.769679560000043,53.11322359700006
1148,11,2019,12,3,11,3,3,2,1,0,0,0,0,0,0,0,8.821333928000058,53.07497175800006
1149,11,2019,12,3,16,3,5,3,1,1,0,0,0,0,0,0,8.825667508000038,53.08481404500003
1150,11,2019,12,3,14,3,5,2,1,0,0,0,0,1,0,1,8.850892094000073,53.04534312200008
1151,12,2019,12,2,15,3,0,7,1,0,0,0,0,0,0,1,8.585896926000032,53.56064803700008
1152,12,2019,12,2,17,3,5,3,1,1,0,0,0,0,2,1,8.594908786000076,53.544889828000066
1153,11,2019,12,2,8,3,5,2,1,1,0,0,0,0,0,0,8.727094388000069,53.057436206000034
1154,11,2019,12,2,17,3,5,3,1,1,0,0,0,0,2,1,8.886039237000034,53.08596356600003
1155,11,2019,12,2,7,3,0,7,1,0,0,0,0,1,0,1,8.838549873000034,53.079722151000055
1156,12,2019,11,7,8,3,5,2,1,1,0,0,0,0,0,1,8.612167291000048,53.587553814000046
1157,11,2019,11,7,21,3,5,3,1,1,0,0,0,0,2,0,8.824440839000033,53.08455842600006
1158,11,2019,11,7,10,3,0,7,1,0,0,0,0,0,0,1,8.69097565100003,53.16874676800006
1159,12,2019,11,6,14,3,5,3,1,1,0,0,0,0,0,0,8.638263147000032,53.53493823600007
1160,11,2019,11,6,16,3,2,6,1,1,0,0,0,0,2,1,8.790959016000045,53.09541442900007
1161,11,2019,11,6,16,2,5,3,1,1,0,0,0,0,1,1,8.862112340000067,53.09932256700006
1162,11,2019,11,6,14,3,0,7,1,0,1,0,0,0,0,1,8.790142223000032,53.096482352000066
1163,11,2019,11,6,11,3,5,3,1,1,0,0,0,0,0,1,8.880519261000074,53.10162176300008
1164,11,2019,11,6,16,2,5,2,1,1,0,0,0,0,2,1,8.867501626000035,53.06984746400008
1165,11,2019,11,6,7,3,4,2,1,1,0,0,0,0,1,0,8.863793436000037,53.07125571600005
1166,11,2019,11,6,7,3,4,2,1,1,0,0,0,0,1,0,8.854468643000075,53.06702037500003
1167,11,2019,11,6,16,3,5,2,1,1,0,0,0,0,0,1,8.857014347000074,53.091249246000075
1168,11,2019,11,5,7,3,5,3,1,1,0,0,0,0,2,1,8.768421911000075,53.09402084800007
1169,11,2019,11,5,13,3,1,7,1,0,0,0,0,1,0,1,8.811103536000076,53.08125273200005
1170,11,2019,11,5,16,3,3,2,1,1,0,0,0,0,1,1,8.739811902000042,53.050203940000074
1171,12,2019,11,4,21,3,5,3,1,1,0,0,0,0,2,0,8.593407780000064,53.53926584000004
1172,11,2019,11,4,9,3,5,3,1,0,0,0,0,0,0,1,8.793327015000045,53.08524216500007
1173,11,2019,11,4,8,3,5,2,1,1,0,0,0,0,0,0,8.77048734300007,53.11399409400008
0,12,2020,12,5,11,3,5,3,1,1,0,0,0,0,0,0,8.579896388000066,53.54925288700008
1,12,2020,2,2,17,3,5,2,1,1,0,0,0,0,2,1,8.586210983000058,53.53680217200008
2,11,2020,1,4,7,3,5,3,1,1,0,0,0,0,2,1,8.809055844000056,53.05132978700004
3,11,2020,1,6,12,3,5,3,1,1,0,0,0,0,0,0,8.587413770000069,53.182691254000076
4,11,2020,1,2,9,3,5,3,1,1,0,0,0,0,0,0,8.78397026600004,53.065736152000056
5,11,2020,6,5,15,3,5,2,1,1,0,0,0,0,0,1,8.819279572000028,53.04819272100008
6,11,2020,7,2,14,3,0,1,1,0,0,0,0,0,0,0,8.819050138000023,53.04794081500006
7,11,2020,1,5,19,3,8,1,1,0,0,0,0,0,2,1,8.570243806000065,53.18841309900006
8,11,2020,1,6,17,3,5,2,1,1,0,0,0,0,2,1,8.879587836000042,53.11304156700004
9,11,2020,1,4,16,3,3,2,1,1,0,0,0,0,2,1,8.82735014900004,53.083058288000075
10,11,2020,1,4,12,3,2,6,1,1,0,0,0,0,0,0,8.876439384000037,53.07913236600007
11,11,2020,1,2,15,3,6,4,1,0,1,0,0,0,0,0,8.826040867000074,53.03498364600006
12,11,2020,1,2,13,3,5,3,1,1,0,0,0,0,0,1,8.87592919900004,53.082193922000044
13,11,2020,1,3,17,3,5,2,1,0,0,0,0,1,1,0,8.809698965000052,53.06298264900005
14,11,2020,1,2,13,3,5,2,1,1,0,0,0,0,0,0,8.619165602000066,53.186099366000064
15,11,2020,1,4,19,3,5,3,1,1,0,0,0,0,2,0,8.824901414000067,53.08464545500004
16,11,2020,1,2,9,3,5,3,1,0,0,0,0,1,0,1,8.87711327300002,53.08084029400004
17,11,2020,1,4,8,3,5,3,1,1,0,0,0,0,0,1,8.793212897000046,53.09251506700008
18,11,2020,1,3,14,3,0,7,1,0,0,0,0,0,0,0,8.600184631000047,53.17776205500007
19,11,2020,1,1,17,2,5,2,1,1,0,0,0,0,2,1,8.805636915000036,53.07157014400008
20,11,2020,1,5,7,3,0,7,1,1,0,0,0,0,2,1,8.795409606000021,53.06751303200008
21,11,2020,1,4,9,2,5,3,1,1,0,0,0,0,0,1,8.863734856000065,53.10632571600007
22,12,2020,1,6,10,3,5,3,1,1,0,0,0,0,0,1,8.60388616900002,53.53093073900004
23,11,2020,1,5,5,3,0,5,1,0,0,0,0,0,2,0,8.802396471000066,53.070731168000066
24,11,2020,2,3,13,3,5,2,1,1,0,0,0,0,0,0,8.868851023000047,53.06194906300004
25,11,2020,1,5,15,2,5,3,1,0,0,0,0,0,0,0,8.810409930000048,53.09291027300003
26,11,2020,1,5,11,3,5,2,1,1,0,0,0,0,0,1,8.823270749000073,53.030466614000034
27,11,2020,2,4,9,3,5,3,1,1,0,0,0,0,0,1,8.825019621000024,53.08458055600005
28,11,2020,1,4,6,3,0,7,1,0,0,0,0,0,2,1,8.865158225000073,53.09656592300007
29,11,2020,1,3,13,3,5,3,1,1,0,0,0,0,0,1,8.772603497000034,53.109147164000035
30,12,2020,2,5,8,3,0,7,1,0,0,0,0,0,0,1,8.553393769000024,53.578950871000075
31,11,2020,1,5,16,3,5,2,1,1,0,0,0,0,0,0,8.867380145000027,53.082098923000046
32,11,2020,1,5,13,2,5,2,1,0,0,0,0,0,0,0,8.802846721000037,53.06997846000007
33,11,2020,1,6,1,3,0,7,1,0,0,0,0,0,2,1,8.808804161000069,53.07842906500008
34,11,2020,1,6,8,3,0,1,1,0,0,0,0,0,1,1,8.925558692000038,53.04024742400003
35,11,2020,2,3,13,3,4,6,1,1,0,0,0,0,0,0,8.804605517000027,53.075491670000076
36,11,2020,1,5,16,3,3,6,1,0,0,0,0,0,0,0,8.858256681000057,53.08910558300005
37,12,2020,2,4,12,3,0,7,1,1,0,0,0,0,0,0,8.592206839000028,53.53106540200008
38,11,2020,1,4,12,3,6,4,1,0,1,0,0,0,0,0,8.80214685900006,53.06764037800008
39,11,2020,1,6,7,3,5,3,1,1,0,0,0,0,1,0,8.626952334000066,53.16976232400003
40,11,2020,2,3,9,2,5,3,1,1,0,0,0,0,0,1,8.893336057000056,53.08222376300006
41,11,2020,1,4,17,2,4,6,1,0,0,0,0,0,2,1,8.927073439000026,53.09003801800003
42,11,2020,1,6,8,3,0,6,1,1,0,0,0,0,0,0,8.822217911000052,53.07284832600004
43,11,2020,1,4,12,3,1,7,1,1,0,0,0,0,0,0,8.85390626000003,53.06612233900006
44,12,2020,1,5,20,3,5,3,1,1,0,0,0,0,2,0,8.597830381000051,53.58195125100008
45,11,2020,1,4,19,3,5,3,1,1,0,0,0,0,2,1,8.85816752900007,53.105056484000045
46,11,2020,2,3,11,3,5,2,1,1,0,0,0,0,0,1,8.812650100000042,53.08081529900005
47,11,2020,2,5,6,3,4,6,1,1,0,0,0,0,2,1,8.627954775000035,53.17270280500003
48,11,2020,1,4,7,3,0,7,1,0,0,0,0,0,1,0,8.809865233000039,53.099103239000044
49,11,2020,2,6,15,3,5,3,1,1,0,0,0,0,0,0,8.884879368000043,53.10003747900004
50,11,2020,2,7,1,3,0,7,1,0,0,0,0,0,2,0,8.86349277100004,53.065024347000076
51,11,2020,2,2,8,3,6,4,1,0,1,0,0,0,0,1,8.880672016000062,53.10167895600006
52,11,2020,2,4,7,3,5,3,1,1,0,0,0,0,0,0,8.604365735000044,53.175593794000065
53,11,2020,2,5,14,3,5,3,1,0,0,0,0,1,0,1,8.855020138000043,53.08200504500007
54,12,2020,2,4,6,2,5,3,1,1,0,0,0,0,2,1,8.59669322700006,53.571761802000026
55,11,2020,2,5,11,3,5,2,1,1,0,0,0,0,0,0,8.572784395000042,53.18146579100005
56,11,2020,1,6,3,3,0,7,1,0,0,0,0,0,2,1,8.809756588000027,53.08866326300006
57,11,2020,2,2,21,2,0,7,1,0,0,0,0,0,2,1,8.813370035000048,53.10206205500003
58,11,2020,2,4,8,3,5,3,1,1,0,0,0,0,0,0,8.833781135000038,53.08185706300003
59,11,2020,1,4,7,3,3,5,1,1,0,0,0,0,1,1,8.840798935000066,53.08441882600005
60,11,2020,1,3,6,3,6,4,1,0,1,0,0,0,2,1,8.802051056000039,53.093934810000064
61,11,2020,2,2,18,3,5,2,1,1,0,0,0,0,2,1,8.778725248000057,53.06459873000006
62,11,2020,1,6,13,3,6,7,1,0,1,0,0,0,0,0,8.739613739000049,53.054984938000075
63,11,2020,2,2,14,2,0,7,1,0,0,0,0,0,0,1,8.829326209000044,53.07198990000006
64,11,2020,1,3,6,3,5,2,1,1,0,0,0,0,2,1,8.87894387700004,53.078924408000034
65,11,2020,1,6,11,2,3,6,1,1,0,0,0,0,0,0,8.853178721000063,53.04883724200005
66,11,2020,1,3,8,3,5,2,1,1,0,0,0,0,1,0,8.800428399000054,53.07871244300003
67,11,2020,1,3,16,2,5,3,1,0,0,1,0,0,1,0,8.650106544000039,53.17391808200006
68,11,2020,1,6,8,3,5,3,1,1,0,0,0,0,0,1,8.898485211000036,53.13465257100006
69,11,2020,1,4,6,3,5,2,1,0,0,0,0,1,2,1,8.740876503000038,53.05232880300008
70,11,2020,2,7,11,2,0,7,1,0,0,0,0,0,0,1,8.907558820000077,53.08220653200004
71,11,2020,1,5,10,3,1,5,1,1,0,0,0,0,0,0,8.808473305000064,53.08119548500008
72,11,2020,1,3,8,3,3,2,1,1,0,0,0,0,1,1,8.84263818900007,53.07206594000007
73,12,2020,2,2,11,3,5,3,1,1,0,0,0,0,0,1,8.608822327000041,53.58691561200004
74,11,2020,1,2,6,3,5,3,1,1,0,0,0,0,2,1,8.855004033000057,53.079795442000034
75,11,2020,2,1,17,3,3,6,1,1,0,0,0,0,0,0,8.839136673000041,53.07660428400004
76,11,2020,1,5,8,3,5,2,1,1,0,0,0,0,0,0,8.769646301000023,53.110400232000075
77,12,2020,2,6,17,3,0,7,1,1,0,0,0,0,1,0,8.58517144700005,53.557380901000045
78,11,2020,1,2,10,1,5,3,1,0,0,0,1,0,0,0,8.900761931000034,53.03292479700008
79,11,2020,2,5,19,3,5,2,1,1,0,0,0,0,2,1,8.884142929000063,53.06359900700005
80,11,2020,2,4,8,3,0,7,1,0,0,0,1,0,0,1,8.842986421000035,53.072688407000044
81,11,2020,1,2,11,3,5,3,1,1,0,0,0,0,0,1,8.758324985000058,53.12154641600006
82,11,2020,2,5,12,3,4,3,1,1,0,0,0,0,0,0,8.846930491000023,53.04831208300004
83,11,2020,1,2,7,3,4,2,1,0,0,0,0,1,2,1,8.81911232400006,53.08027913400008
84,11,2020,2,6,9,2,3,2,1,0,0,0,0,0,0,0,8.806152431000044,53.09036975500004
85,11,2020,1,2,17,3,5,3,1,1,0,0,0,0,2,0,8.87762521600007,53.08029895300007
86,11,2020,1,6,13,3,5,3,1,1,0,0,0,0,0,0,8.878531905000045,53.07891533600008
87,12,2020,2,2,18,3,0,1,1,0,0,0,0,0,2,1,8.585487244000035,53.51505880700006
88,11,2020,1,6,23,3,4,3,1,1,0,0,0,0,2,1,8.79684648400007,53.06454658400003
89,11,2020,1,2,16,3,6,4,1,0,1,0,0,0,0,0,8.809058839000045,53.06163634400008
90,11,2020,2,3,16,3,5,3,1,1,0,0,0,0,0,0,8.883323587000064,53.12128890300005
91,11,2020,2,4,8,3,3,2,1,1,0,0,0,0,0,0,8.806674581000038,53.08167557500008
92,11,2020,1,6,12,3,5,2,1,1,0,0,0,0,0,0,8.82686779200003,53.08333233400003
93,11,2020,2,2,16,3,5,2,1,1,0,0,0,0,0,1,8.937742995000065,53.07542890800005
94,11,2020,1,6,8,3,5,2,1,1,0,0,0,0,2,1,8.627693900000054,53.17130517600003
95,11,2020,2,3,14,3,5,3,1,1,0,0,0,0,0,1,8.811624435000056,53.03087241500003
96,11,2020,1,2,8,2,5,3,1,1,0,0,0,0,0,0,8.856186514000058,53.07048713000006
97,11,2020,2,3,15,3,1,5,1,1,0,0,0,0,0,0,8.802710098000034,53.07023090700005
98,11,2020,1,6,9,3,5,2,1,1,0,0,0,0,0,0,8.862372164000021,53.102823252000064
99,11,2020,1,1,9,3,0,7,1,0,0,0,0,1,0,2,8.888239895000027,53.08359501400008
100,11,2020,1,5,15,3,3,6,1,1,0,0,0,0,0,0,8.850701127000036,53.085155307000036
101,11,2020,1,1,8,3,0,1,1,0,0,0,0,0,0,2,8.79654460100005,53.136549924000064
102,11,2020,1,2,18,3,5,3,1,1,0,0,0,0,2,0,8.81817273300004,53.077723459000026
103,11,2020,1,2,12,3,5,2,1,1,0,0,0,0,0,0,8.88172275900007,53.11124171400007
104,12,2020,1,3,16,3,3,6,1,1,0,0,0,0,2,1,8.592336034000027,53.49713600000007
105,11,2020,2,5,21,3,5,3,1,0,0,0,0,1,2,1,8.832818512000074,53.07088901100008
106,11,2020,1,2,7,3,5,2,1,1,0,0,0,0,1,1,8.738468237000063,53.04725066600008
107,11,2020,1,2,12,3,0,7,1,0,0,0,0,0,0,0,8.83120477400007,53.07524028300003
108,11,2020,2,3,14,3,3,2,1,1,0,0,0,0,0,0,8.894376876000024,53.05442923800007
109,12,2020,1,7,23,2,0,1,1,0,0,0,0,0,2,1,8.62536123500007,53.54741502200005
110,11,2020,1,1,20,3,5,2,1,1,0,0,0,0,2,0,8.84361231500003,53.06887759500006
111,12,2020,1,2,17,3,5,3,1,1,0,0,0,0,2,0,8.601263078000045,53.53131608800004
112,12,2020,2,4,11,3,1,5,1,1,0,0,0,0,0,0,8.584225554000056,53.556093188000034
113,11,2020,1,4,7,3,4,2,1,1,0,0,0,0,2,1,8.787934969000048,53.06279738600006