,UKREIS,UJAHR,UMONAT,UWOCHENTAG,USTUNDE,UKATEGORIE,UART,UTYP1,IstRad,IstPKW,IstFuss,IstKrad,IstGkfz,IstSonstig,ULICHTVERH,STRZUSTAND,longitude,latitude
114,11,2020,1,1,21,3,3,6,1,1,0,0,0,0,2,1,8.830841187000033,53.07143829800003
115,11,2020,2,5,14,3,3,2,1,0,0,0,0,0,0,0,8.832209286000023,53.09299847900007
116,11,2020,1,6,9,3,5,3,1,1,0,0,0,0,0,0,8.88072349500004,53.08105813200007
117,11,2020,2,2,14,3,5,2,1,1,0,0,0,0,0,0,8.837406921000024,53.037835044000076
118,12,2020,2,4,14,3,5,3,1,1,0,0,0,0,0,1,8.595353672000044,53.55874886000004
119,11,2020,1,7,15,3,5,2,1,1,0,0,0,0,0,0,8.798862412000062,53.06584407000008
120,12,2020,1,5,15,3,2,6,1,1,0,0,0,0,0,0,8.596713052000041,53.51153830800007
121,11,2020,2,3,14,3,5,3,1,1,0,0,0,0,0,1,8.880491671000073,53.06097873500005
122,11,2020,1,3,8,3,5,3,1,1,0,0,0,0,0,0,8.644118451000054,53.16504501900005
123,11,2020,2,3,14,2,5,3,1,1,0,0,0,0,0,1,8.685373114000072,53.17689220300008
124,11,2020,1,6,13,3,3,6,1,0,0,0,0,0,0,0,8.762334253000063,53.087138167000035
125,11,2020,1,4,8,3,5,3,1,1,0,0,0,0,0,1,8.894103079000047,53.082222914000056
126,11,2020,2,1,2,3,0,7,1,1,0,0,0,0,2,1,8.818225602000041,53.077644527000075
127,11,2020,1,2,17,3,0,7,1,0,0,0,0,1,1,0,8.753250946000037,53.12841083300003
128,11,2020,1,6,16,3,0,7,1,0,0,0,0,1,1,1,8.86242648600006,53.10894657400007
129,12,2020,1,3,8,3,5,3,1,1,0,0,0,0,0,1,8.603886975000023,53.57036470400004
130,11,2020,2,6,15,3,5,3,1,1,0,0,0,0,0,0,8.81413464600007,53.08036405400003
131,11,2020,1,6,9,3,4,6,1,0,0,0,0,0,0,0,8.834574477000046,53.07225635400005
132,11,2020,1,6,10,3,0,1,1,0,0,0,0,0,0,0,8.86982696800004,53.09729244400006
133,11,2020,1,6,7,3,3,6,1,0,0,0,0,0,1,0,8.85481945600003,53.07642627400003
134,11,2020,2,4,7,3,0,7,1,0,0,0,0,0,0,1,8.814289216000077,53.10079094900004
135,11,2020,2,5,13,2,6,4,1,0,1,0,0,0,0,1,8.805078887000036,53.07434648900005
136,11,2020,2,5,14,3,5,2,1,1,0,0,0,0,0,0,8.875928894000026,53.08218691700006
137,11,2020,1,6,13,3,6,4,1,0,1,0,0,0,0,1,8.843215042000054,53.06894425400003
138,12,2020,2,3,6,2,5,2,1,1,0,0,0,0,2,1,8.580789038000034,53.53953587400008
139,11,2020,2,4,17,3,5,3,1,1,0,0,0,0,2,0,8.77082665000006,53.09363580100006
140,11,2020,1,5,11,2,5,3,1,1,0,0,0,0,0,1,8.876577907000069,53.08108387800007
141,11,2020,2,2,15,3,5,3,1,1,0,0,0,0,0,1,8.799123509000026,53.05647621500003
142,11,2020,1,6,21,3,5,3,1,1,0,0,0,0,2,1,8.825317835000021,53.04359090200006
143,11,2020,1,2,16,3,5,2,1,1,0,0,0,0,0,1,8.867280899000036,53.09110922100007
144,11,2020,1,6,13,3,0,1,1,0,0,0,0,0,0,1,8.819759442000077,53.08043498500007
145,11,2020,2,3,16,2,5,3,1,1,0,0,0,0,0,0,8.599724270000024,53.177884402000075
146,11,2020,2,2,6,2,5,3,1,1,0,0,0,0,2,0,8.874274645000071,53.07841546800006
147,11,2020,1,3,11,3,0,2,1,1,0,0,0,0,0,0,8.822005304000072,53.03715488700004
148,11,2020,2,3,14,3,0,7,1,0,0,0,0,0,0,1,8.78498877000004,53.060880206000036
149,12,2020,1,5,22,3,5,2,1,1,0,0,0,0,2,1,8.591226619000054,53.58131587200006
150,11,2020,1,5,7,3,5,2,1,0,0,0,0,1,1,0,8.818521899000075,53.086457720000055
151,11,2020,1,5,14,2,0,7,1,0,0,0,0,0,0,1,8.669167408000021,53.17213227900004
152,11,2020,4,4,11,3,5,3,1,1,0,0,0,0,0,0,8.635982322000075,53.17128323400004
153,11,2020,3,7,14,3,3,6,1,0,0,0,0,0,0,0,8.789546597000026,53.07120600800005
154,11,2020,4,6,14,3,4,6,1,1,0,0,0,0,0,0,8.807085006000023,53.06126276900005
155,11,2020,5,7,13,3,5,3,1,1,0,0,0,0,0,1,8.769213561000072,53.110779784000044
156,11,2020,3,6,18,3,5,2,1,1,0,0,0,0,1,1,8.876954730000023,53.08068219000006
157,11,2020,4,1,9,3,5,3,1,1,0,0,0,0,0,0,8.884270315000037,53.071786581000026
158,11,2020,4,5,10,3,5,3,1,1,0,0,0,0,0,0,8.78677413400004,53.07450059200005
159,11,2020,4,2,19,3,5,3,1,1,0,0,0,0,0,0,8.945677257000057,53.05814487600003
160,11,2020,5,5,12,3,5,3,1,1,0,0,0,0,0,0,8.898529512000039,53.11990551900004
161,11,2020,4,4,7,3,0,7,1,0,0,0,0,0,0,0,8.896208278000074,53.05692426100006
162,11,2020,4,3,11,3,1,7,1,1,0,0,0,0,0,0,8.613807751000024,53.182203593000054
163,11,2020,4,3,11,2,5,3,1,1,0,0,0,0,0,0,8.804163183000071,53.072419041000046
164,11,2020,4,3,18,3,3,2,1,1,0,0,0,0,0,0,8.946370444000024,53.03936371000003
165,11,2020,4,3,14,3,6,4,1,0,1,0,0,0,0,0,8.831309600000054,53.079887056000075
166,11,2020,4,2,16,3,3,2,1,1,0,0,0,0,0,0,8.635229736000042,53.18504520400006
167,11,2020,4,2,14,3,5,3,1,1,0,0,0,0,0,0,8.799378902000058,53.114701066000066
168,11,2020,5,4,9,3,1,7,1,1,0,0,0,0,0,0,8.859669121000024,53.08525005000007
169,11,2020,4,2,8,3,5,2,1,1,0,0,0,0,0,0,8.824426667000068,53.08449143800004
170,11,2020,3,6,7,2,3,6,1,0,0,0,0,0,0,1,8.834310663000053,53.08198138500006
171,11,2020,4,2,19,2,5,7,1,0,0,0,0,0,0,0,8.847979020000025,53.093530230000056
172,11,2020,4,4,13,3,6,4,1,0,1,0,0,0,0,0,8.876976375000027,53.06334120200006
173,11,2020,3,6,16,3,5,2,1,1,0,0,0,0,0,1,8.829427777000035,53.08056258000005
174,11,2020,4,2,20,3,0,7,1,1,0,0,0,0,1,0,8.791332540000042,53.06985829800004
175,11,2020,4,6,12,3,5,3,1,0,0,0,0,0,0,0,8.798310135000065,53.06611997200008
176,11,2020,4,1,18,3,0,7,1,0,0,0,0,0,0,0,8.835724172000027,53.06826955400004
177,11,2020,4,1,14,3,5,2,1,1,0,0,0,0,0,0,8.838014645000044,53.06789341700005
178,11,2020,5,4,11,3,6,4,1,0,1,0,0,0,0,0,8.79000155400007,53.07164773900007
179,11,2020,4,1,16,3,0,7,1,0,0,0,0,0,0,0,8.761111241000037,53.059391825000034
180,11,2020,4,1,14,2,0,1,1,0,0,0,0,0,0,0,8.630547339000032,53.15677636600003
181,11,2020,4,4,17,3,3,6,1,0,0,0,0,0,0,1,8.865219610000054,53.08222029600006
182,11,2020,4,1,16,2,5,2,1,1,0,0,0,0,0,0,8.751724016000026,53.163920665000035
183,12,2020,3,4,0,3,5,2,1,0,0,0,0,1,2,1,8.618662241000038,53.528422112000044
184,12,2020,4,7,17,1,5,3,1,1,0,0,0,0,0,0,8.619347830000038,53.51088639500006
185,11,2020,4,5,15,3,5,3,1,1,0,0,0,0,0,0,8.781518763000065,53.101021262000074
186,11,2020,4,7,12,3,5,3,1,1,0,0,0,0,0,0,8.87425823500007,53.097037208000074
187,11,2020,4,4,15,3,5,3,1,0,0,0,0,0,0,0,8.809725249000053,53.06295406500004
188,11,2020,3,4,18,3,5,3,1,0,0,0,0,0,1,1,8.840895300000057,53.06736760200005
189,11,2020,4,6,8,3,5,3,1,0,0,1,0,0,0,0,8.799163523000061,53.07949018900007
190,11,2020,3,4,13,3,5,2,1,1,0,0,0,0,0,0,8.638105922000022,53.173228968000046
191,11,2020,3,4,13,3,6,4,1,0,1,0,0,0,0,0,8.761701924000022,53.11528846200008
192,11,2020,3,3,13,3,0,7,1,0,0,0,0,1,0,0,8.775833043000034,53.10219756300006
193,11,2020,4,7,16,3,5,3,1,1,0,0,0,0,0,0,8.619076017000054,53.18051622100006
194,12,2020,5,1,18,3,0,7,1,0,0,0,0,0,0,0,8.583193559000051,53.59041134800003
195,11,2020,3,3,16,3,5,3,1,1,0,0,0,0,0,0,8.733400885000037,53.081269973000076
196,11,2020,3,2,17,3,6,4,1,0,1,0,0,0,0,0,8.616779950000023,53.171707910000066
197,11,2020,3,4,14,3,5,3,1,1,0,0,0,0,0,0,8.811574620000044,53.03089334900005
198,11,2020,3,2,13,3,5,2,1,0,0,0,1,0,0,1,8.888031621000039,53.10916262900008
199,12,2020,4,5,12,3,8,1,1,0,0,0,0,0,0,0,8.596452911000029,53.50924827100005
200,11,2020,3,4,17,3,2,7,1,1,0,0,0,0,0,1,8.756324910000046,53.12415553100004
201,11,2020,4,6,13,3,0,7,1,0,1,0,0,0,0,0,8.815820563000045,53.07033484500005
202,12,2020,3,1,15,3,0,7,1,0,0,0,0,0,0,0,8.600247781000064,53.51140279800006
203,12,2020,3,7,13,3,5,2,1,1,0,0,0,0,0,0,8.592030131000058,53.52684108200003
204,11,2020,4,2,6,3,5,3,1,0,0,0,0,1,0,0,8.860904159000029,53.06339126300003
205,11,2020,3,7,12,3,5,3,1,1,0,0,0,0,0,0,8.819730994000054,53.07579597100005
206,11,2020,5,5,15,3,0,6,1,0,0,0,0,0,0,0,8.788247675000036,53.09750020800004
207,11,2020,3,6,17,3,3,3,1,1,0,0,0,0,0,0,8.794142790000024,53.10304611500004
208,11,2020,3,5,12,3,5,3,1,1,0,0,0,0,0,0,8.618793527000037,53.17771151100004
209,12,2020,5,3,19,3,5,3,1,1,0,0,0,0,0,0,8.580818944000043,53.55117924800004
210,11,2020,4,4,17,3,0,7,1,0,0,0,0,0,0,1,8.821049968000068,53.07273636300005
211,11,2020,5,4,22,3,0,7,1,0,0,0,0,1,2,0,8.785483460000023,53.096748836000074
212,11,2020,3,5,1,2,6,4,1,0,1,0,0,0,2,0,8.812426394000056,53.08605203800005
213,11,2020,4,3,8,3,5,3,1,1,0,0,0,0,0,0,8.818163649000041,53.077737021000075
214,11,2020,3,4,6,2,0,1,1,0,0,0,0,0,0,0,8.811325134000072,53.06070800400005
215,11,2020,3,4,15,2,6,4,1,0,1,0,0,0,0,0,8.858807746000025,53.124319582000055
216,11,2020,3,3,16,3,5,3,1,1,0,0,0,0,0,0,8.738595115000066,53.08842158900006
217,11,2020,3,2,18,3,1,7,1,1,0,0,0,0,0,0,8.809269562000054,53.09488114000004
218,11,2020,4,7,14,2,0,1,1,0,0,0,0,1,0,0,8.831449245000044,53.07595099300005
219,11,2020,4,4,8,3,5,2,1,1,0,0,0,0,0,0,8.819099324000035,53.080272785000034
220,12,2020,3,2,15,3,4,6,1,0,0,0,0,0,0,0,8.599919002000036,53.573389458000065
221,11,2020,3,7,8,2,0,7,1,0,0,0,0,0,0,0,8.572420953000062,53.18318523500005
222,11,2020,5,5,16,3,5,3,1,1,0,0,0,0,0,0,8.876528632000031,53.081039719000046
223,11,2020,3,7,19,3,0,1,1,0,0,0,0,0,2,0,8.814053449000028,53.08134975300004
224,11,2020,3,2,6,3,5,2,1,1,0,0,0,0,2,0,8.853543215000059,53.06482870200006
225,11,2020,4,5,22,2,4,6,1,1,0,0,0,0,2,0,8.806141267000044,53.08304667800007
226,11,2020,3,5,11,3,0,7,1,0,0,0,0,0,0,0,8.797539415000074,53.080451339000035
227,11,2020,3,2,15,3,5,3,1,1,0,0,0,0,0,0,8.891945315000044,53.12735742900003
228,11,2020,3,5,4,3,5,3,1,1,0,0,0,0,2,1,8.785951699000066,53.05735333000007
229,11,2020,4,7,12,3,5,3,1,1,0,0,0,0,0,0,8.808325818000071,53.094729588000064
230,11,2020,4,2,12,3,3,6,1,0,0,0,0,0,0,0,8.871639064000021,53.091759299000046
231,11,2020,3,4,8,3,5,3,1,0,0,0,0,1,0,0,8.93515928000005,53.05875374400006
232,11,2020,3,4,12,3,5,3,1,1,0,0,0,0,0,0,8.870633601000065,53.06705762100006
233,12,2020,3,3,11,3,0,5,1,0,0,0,0,0,0,0,8.577611198000056,53.52151175700004
234,11,2020,3,3,17,3,1,5,1,1,0,0,0,0,0,0,8.81290679700004,53.05866463000007
235,11,2020,4,6,13,3,3,6,1,0,0,0,0,0,0,0,8.804495813000074,53.080651095000064
236,11,2020,3,1,20,3,5,3,1,1,0,0,0,0,2,0,8.811311665000062,53.08151428800005
237,12,2020,3,2,14,3,0,7,1,0,0,0,0,0,0,0,8.600471468000023,53.559899949000055
238,12,2020,4,1,14,3,0,7,1,0,0,0,0,0,0,0,8.561395084000026,53.57509422800007
239,11,2020,4,4,13,3,3,2,1,1,0,0,0,0,0,0,8.856191799000044,53.070535981000035
240,11,2020,3,2,17,3,5,3,1,1,0,0,0,0,0,0,8.804942947000029,53.05952203700008
241,11,2020,4,7,20,3,6,4,1,0,1,0,0,0,2,0,8.900999685000045,53.09549098300005
242,12,2020,4,6,13,3,5,3,1,1,0,0,0,0,0,0,8.587826995000057,53.56270103000003
243,11,2020,3,2,17,3,5,3,1,0,0,0,0,0,0,0,8.786935784000036,53.075373855000066
244,11,2020,5,3,8,3,5,3,1,1,0,0,0,0,0,0,8.641245703000038,53.16228415300003
245,12,2020,3,7,11,3,5,3,1,1,0,0,0,0,0,0,8.612180738000063,53.58755795600007
246,11,2020,4,7,18,3,9,6,1,0,0,0,0,0,0,0,8.80710520200006,53.074991056000044
247,12,2020,3,6,12,3,5,2,1,0,0,0,0,1,0,0,8.598082066000075,53.53351563700005
248,11,2020,5,7,12,3,5,2,1,1,0,0,0,0,0,1,8.839320899000029,53.081822411000076
249,12,2020,2,6,15,3,5,2,1,1,0,0,0,0,0,0,8.585722715000031,53.55817665700005
250,11,2020,3,6,14,3,5,2,1,0,0,0,1,0,0,0,8.726616609000075,53.12933052400007
251,12,2020,4,7,9,3,8,1,1,0,0,0,0,0,0,0,8.592116548000035,53.55903164000006
252,11,2020,3,6,13,3,5,2,1,1,0,0,0,0,0,1,8.898954924000066,53.12857801600006
253,12,2020,2,6,14,3,5,3,1,1,0,0,0,0,0,0,8.621497623000039,53.59040623800007
254,12,2020,4,2,17,3,5,3,1,1,0,0,0,0,0,0,8.59521634400005,53.539012041000035
255,11,2020,5,6,14,2,5,3,1,0,0,0,0,1,0,0,8.813104101000022,53.09889061000007
256,11,2020,3,6,18,3,0,1,1,0,0,0,0,0,0,0,8.829693288000044,53.08548714400007
257,12,2020,4,5,15,3,5,3,1,1,0,0,0,0,0,0,8.593526636000036,53.54665728800006
258,11,2020,3,6,12,3,5,3,1,1,0,0,0,0,0,0,8.894911944000057,53.04601614200004
259,11,2020,3,6,11,3,5,3,1,1,0,0,0,0,0,1,8.738436146000026,53.05162792700003
260,12,2020,3,5,18,3,1,5,1,1,0,0,0,0,0,0,8.595562347000055,53.523900050000066
261,11,2020,5,4,14,3,6,4,1,0,1,0,0,0,0,0,8.841325588000075,53.06926817200008
262,12,2020,3,5,16,3,5,2,1,1,0,0,0,0,0,0,8.595257831000026,53.54314252300003
263,11,2020,3,5,17,2,6,4,1,0,1,0,0,0,0,0,8.791492009000024,53.06500594800008
264,11,2020,2,6,5,3,5,3,1,1,0,0,0,0,2,0,8.884169130000032,53.06362970500004
265,11,2020,3,4,18,3,5,3,1,1,0,0,0,0,2,0,8.892110947000049,53.11170018000007
266,11,2020,3,4,10,3,3,6,1,1,0,0,0,0,0,0,8.813003810000055,53.05854826600006
267,12,2020,4,5,19,3,5,3,1,1,0,0,0,0,0,0,8.597950171000036,53.581031067000026
268,11,2020,4,6,18,3,5,6,1,0,0,0,0,0,0,0,8.808435105000058,53.07516490100005
269,11,2020,3,4,17,3,0,3,1,1,0,0,0,0,0,0,8.836178263000022,53.08232496100004
270,11,2020,5,4,16,3,5,3,1,1,0,0,0,0,0,0,8.87501743200005,53.09122139100003
271,11,2020,2,6,8,3,0,1,1,0,0,0,0,0,0,1,8.864926166000032,53.09586754600008
272,11,2020,3,4,11,3,5,3,1,1,0,0,0,0,0,0,8.927953468000055,53.038448121000044
273,11,2020,4,4,13,3,5,2,1,1,0,0,0,0,0,0,8.872434915000042,53.06311782200004
274,11,2020,4,5,8,3,0,7,1,0,0,0,0,0,0,1,8.936416381000072,53.073817846000054
275,11,2020,3,4,10,3,5,2,1,0,0,0,0,1,0,0,8.824425918000031,53.08449173500003
276,12,2020,5,2,13,2,6,7,1,0,1,0,0,0,0,0,8.600424021000038,53.528283558000055
277,11,2020,3,3,18,2,6,4,1,0,1,0,0,0,2,1,8.821144052000022,53.077503472000046
278,11,2020,4,7,12,3,5,3,1,1,0,0,0,0,0,0,8.82545243900006,53.08444054600005
279,11,2020,3,3,12,3,0,6,1,0,1,0,0,0,0,0,8.78891580800007,53.093450336000046
280,12,2020,5,6,16,2,5,3,1,1,0,0,0,0,0,1,8.600877749000063,53.50924646000004
281,11,2020,2,6,18,3,0,7,1,0,0,0,0,0,0,0,8.730259215000046,53.04022716500003
282,11,2020,2,5,13,3,6,4,1,0,1,0,0,0,0,0,8.805913442000076,53.078898554000034
283,12,2020,3,2,5,3,5,3,1,1,0,0,0,0,2,1,8.606434706000073,53.53048497800006
284,11,2020,4,1,17,3,5,2,1,1,0,0,0,0,0,0,8.884166955000069,53.06362715700004
285,11,2020,4,2,12,3,6,4,1,0,1,0,0,0,0,0,8.807012390000068,53.08193190000003
286,12,2020,5,5,14,3,5,3,1,1,0,0,0,0,0,0,8.595386473000076,53.55875527400008
287,11,2020,3,2,12,3,5,3,1,1,0,0,0,0,0,0,8.824931493000065,53.08418910600005
288,11,2020,2,5,16,3,1,7,1,1,0,0,0,0,0,1,8.805443758000024,53.10048354700007
289,11,2020,4,7,20,3,0,1,1,0,0,0,0,0,0,0,8.933030244000065,53.03893612200005
290,11,2020,3,2,12,2,5,3,1,1,0,0,0,0,0,0,8.82473615200007,53.08413926600008
291,11,2020,4,2,18,2,6,4,1,0,1,0,0,0,0,0,8.853863621000073,53.08263319000008
292,11,2020,3,2,14,3,3,2,1,1,0,0,0,0,0,0,8.818421917000023,53.08648867800008
293,12,2020,2,4,6,3,0,1,1,0,0,0,0,0,2,2,8.619118360000073,53.588942204000034
294,12,2020,4,5,6,2,5,2,1,1,0,0,0,0,0,0,8.572626654000032,53.560496045000036
295,11,2020,3,2,14,3,0,7,1,1,0,0,0,0,0,0,8.805478164000021,53.08157713400004
296,11,2020,3,2,16,2,5,2,1,1,0,0,0,0,0,1,8.886862712000038,53.06253830500003
297,11,2020,3,1,18,3,5,2,1,1,0,0,0,0,1,1,8.773129157000028,53.08116594000006
298,11,2020,3,7,18,3,7,7,1,0,0,0,1,0,2,0,8.818920958000035,53.11522439700008
299,11,2020,3,7,11,3,5,3,1,1,0,0,0,0,0,1,8.805631797000046,53.10064582500007
300,11,2020,4,5,14,2,0,7,1,0,0,0,0,0,0,0,8.820569549000027,53.07268580300007
301,11,2020,5,2,13,2,0,7,1,0,0,0,0,0,0,0,8.70636046900006,53.17525249900007
302,11,2020,4,2,15,3,5,3,1,1,0,0,0,0,0,0,8.832206689000031,53.05048730200008
303,12,2020,5,6,14,3,0,1,1,0,0,0,0,0,0,1,8.604404253000041,53.54425594500003
304,11,2020,6,4,19,3,0,6,1,1,0,0,0,0,0,0,8.825092876000042,53.08460185000007
305,11,2020,5,4,19,3,3,6,1,0,0,0,0,0,0,0,8.734550348000027,53.16545668900005
306,11,2020,7,7,4,3,0,1,1,0,0,0,0,0,1,0,8.852643029000035,53.06070914700007
307,11,2020,5,4,16,3,5,3,1,1,0,0,0,0,0,0,8.801904683000032,53.05791975000005
308,11,2020,6,3,21,3,6,6,1,0,1,0,0,0,2,0,8.819270927000048,53.038452515000074
309,11,2020,6,6,12,3,5,3,1,1,0,0,0,0,0,0,8.877907445000062,53.101425866000056
310,11,2020,6,4,13,2,5,3,1,1,0,0,0,0,0,0,8.898157368000057,53.03344326800004
311,11,2020,5,4,16,3,4,7,1,0,0,0,0,0,0,0,8.81238705900006,53.07306734000008
312,11,2020,6,6,13,3,3,2,1,1,0,0,0,0,0,0,8.840944228000069,53.09836965900007
313,11,2020,6,6,15,3,1,7,1,1,0,0,0,0,0,1,8.802667977000056,53.06731906300007
314,11,2020,6,3,15,3,3,6,1,0,0,0,0,0,0,0,8.839646906000041,53.151941316000034
315,11,2020,5,5,13,3,5,3,1,1,0,0,0,0,0,0,8.813475761000063,53.08036548300004
316,11,2020,6,3,15,3,5,3,1,1,0,0,0,0,0,0,8.625560035000035,53.18128794300003
317,11,2020,6,4,10,3,1,5,1,1,0,0,0,0,0,0,8.844950064000045,53.091243976000044
318,11,2020,6,5,13,3,1,6,1,1,0,0,0,0,0,1,8.795063198000037,53.06785340600004
319,11,2020,5,3,13,3,5,3,1,1,0,0,0,0,0,0,8.702039697000032,53.167708005000065
320,11,2020,7,5,10,3,0,7,1,0,0,0,0,0,0,0,8.825462553000023,53.078926773000035
321,11,2020,6,5,6,3,5,3,1,1,0,0,0,0,0,0,8.729114620000075,53.12865066200004
322,11,2020,5,4,18,3,5,3,1,1,0,0,0,0,0,0,8.872493827000028,53.085784028000035
323,11,2020,5,3,17,3,0,2,1,1,0,0,0,0,0,0,8.806878120000022,53.06042100600007
324,11,2020,7,4,13,3,4,6,1,0,0,0,0,0,0,1,8.840611528000068,53.07629640500005
325,11,2020,6,2,19,3,5,3,1,1,0,0,0,0,0,0,8.864464233000035,53.09481890200004
326,11,2020,6,2,9,3,5,2,1,1,0,0,0,0,0,0,8.80854921200006,53.08291613400007
327,11,2020,5,7,14,3,6,7,1,0,1,0,0,0,0,0,8.805295176000072,53.09363082400006
328,12,2020,6,4,21,2,0,1,1,0,0,0,0,0,0,0,8.585947572000066,53.559719606000044
329,11,2020,5,3,8,3,6,7,1,0,1,0,0,0,0,0,8.741731359000028,53.13098707000006
330,11,2020,5,2,11,2,5,2,1,1,0,0,0,0,0,0,8.571328264000044,53.184079137000026
331,11,2020,5,6,11,3,0,1,1,0,0,0,0,0,0,0,8.858204386000068,53.13626217700005
332,11,2020,7,4,9,3,0,1,1,0,0,0,0,0,0,1,8.792703599000049,53.065757715000075
333,11,2020,6,4,11,3,5,2,1,0,0,0,0,1,0,0,8.720184161000077,53.056774447000066
334,11,2020,6,4,15,3,5,3,1,0,0,0,0,0,0,0,8.804473915000074,53.05928555100007
335,11,2020,5,2,14,3,0,7,1,0,0,0,0,0,0,0,8.534411589000058,53.204349370000045
336,11,2020,5,6,13,2,1,5,1,0,0,0,0,1,0,0,8.835926357000062,53.08239363600006
337,11,2020,6,5,7,2,5,7,1,1,0,0,0,0,0,1,8.900978283000029,53.08950005500003
338,11,2020,6,7,15,3,1,7,1,1,0,0,0,0,0,0,8.806330156000058,53.08443771600008
339,11,2020,6,6,16,3,3,7,1,1,0,0,0,0,0,1,8.626572194000062,53.170395787000075
340,12,2020,5,1,17,2,0,7,1,0,0,0,0,0,0,0,8.592289550000032,53.58688044000007
341,11,2020,7,1,6,3,0,7,1,0,0,0,0,0,1,1,8.816587389000063,53.07239163700007
342,11,2020,6,1,2,2,0,1,1,0,0,0,0,0,2,0,8.798363498000072,53.063587443000074
343,11,2020,5,1,12,3,0,7,1,0,0,0,0,0,0,0,8.79036039600004,53.10893996100003
344,12,2020,6,7,11,3,4,6,1,1,0,0,0,0,0,0,8.574240590000045,53.55273502700004
345,11,2020,6,3,18,3,5,3,1,1,0,0,0,0,0,0,8.876290203000053,53.081373100000064
346,11,2020,6,3,13,3,5,3,1,1,0,0,0,0,0,0,8.795932334000042,53.07294213500006
347,11,2020,5,6,8,3,5,3,1,0,0,0,0,0,0,0,8.865760649000038,53.066520197000045
348,11,2020,6,3,17,3,5,3,1,1,0,0,0,0,0,0,8.789473311000052,53.08295436600008
349,11,2020,5,1,19,2,5,3,1,1,0,0,0,0,0,0,8.832869336000044,53.08149021300005
350,11,2020,5,1,17,2,6,7,1,0,1,0,0,0,0,0,8.809330766000073,53.05995861900004
351,11,2020,6,2,16,3,4,2,1,1,0,0,0,0,0,0,8.82416377800007,53.07921172200008
352,11,2020,6,2,20,3,1,5,1,1,0,0,0,0,1,0,8.807932379000022,53.06416208500008
353,11,2020,6,5,12,3,0,7,1,0,0,0,0,0,0,0,8.898563738000064,53.13465378200004
354,11,2020,6,7,15,3,5,2,1,1,0,0,0,0,0,0,8.893538358000058,53.04693458700007
355,11,2020,6,3,7,2,2,6,1,1,0,0,0,0,0,0,8.864850542000056,53.09565825700008
356,11,2020,5,5,12,3,5,2,1,1,0,0,0,0,0,0,8.741127151000057,53.049596403000066
357,11,2020,6,3,20,2,4,6,1,0,0,0,0,0,0,0,8.855940917000055,53.12126033100003
358,11,2020,6,4,10,3,5,2,1,1,0,0,0,0,0,0,8.882396259000075,53.07508678100004
359,11,2020,7,5,17,3,1,7,1,1,0,0,0,0,0,0,8.929698060000021,53.05906364600003
360,12,2020,6,4,6,2,5,3,1,1,0,0,0,0,0,0,8.58880533200005,53.49364769600004
361,11,2020,5,7,14,2,5,3,1,1,0,0,0,0,0,0,8.87298213500003,53.084758339000075
362,11,2020,6,5,20,2,4,6,1,0,0,0,0,1,0,0,8.931100488000027,53.13739671700006
363,11,2020,6,6,9,3,0,7,1,0,0,0,0,0,0,0,8.82642017400002,53.07472360100007
364,11,2020,5,4,16,3,4,6,1,0,0,0,0,0,0,0,8.933772473000033,53.038792543000056
365,11,2020,6,2,11,3,6,3,1,0,1,0,0,0,0,0,8.809289622000051,53.07781030500007
366,11,2020,5,6,9,3,5,3,1,1,0,0,0,0,0,0,8.802125472000057,53.077773164000064
367,11,2020,6,2,11,3,5,3,1,1,0,0,0,0,0,0,8.790416924000056,53.092120445000035
368,11,2020,5,5,10,3,5,3,1,1,0,0,0,0,0,0,8.93257942400004,53.06976426300008
369,12,2020,6,2,11,2,0,7,1,0,0,0,0,0,0,0,8.594151561000047,53.53240339900003
370,11,2020,5,6,14,3,0,7,1,0,0,0,0,0,0,0,8.829549580000048,53.07190134400008
371,11,2020,6,2,14,3,5,3,1,1,0,0,0,0,0,0,8.83936675800004,53.09813365000008
372,11,2020,5,7,21,3,0,7,1,0,0,0,0,0,2,0,8.63662447400003,53.17443583600004
373,11,2020,5,3,15,3,0,1,1,0,0,0,0,0,0,0,8.80720911700007,53.07057152800007
374,11,2020,6,5,8,3,1,1,1,1,0,0,0,0,0,1,8.83591657900007,53.07419484600007
375,11,2020,6,1,21,2,5,2,1,1,0,0,0,0,1,0,8.723817526000062,53.04618802300007
376,11,2020,7,4,6,3,0,1,1,0,0,0,0,0,0,1,8.793289127000037,53.066133034000075
377,11,2020,6,6,11,3,4,6,1,0,0,0,0,0,0,0,8.81771472500003,53.07951231200008
378,11,2020,6,4,23,3,0,7,1,0,0,0,0,0,2,0,8.789670483000066,53.084838012000034
379,11,2020,7,4,9,3,0,1,1,0,0,0,0,0,0,1,8.874156001000074,53.07834359900005
380,11,2020,5,2,13,3,5,2,1,1,0,0,0,0,0,0,8.89690829600005,53.05906096600006