,UKREIS,UJAHR,UMONAT,UWOCHENTAG,USTUNDE,UKATEGORIE,UART,UTYP1,IstRad,IstPKW,IstFuss,IstKrad,IstGkfz,IstSonstig,ULICHTVERH,STRZUSTAND,longitude,latitude
381,11,2020,5,6,9,3,5,2,1,1,0,0,0,0,0,0,8.837185512000076,53.084962157000064
382,11,2020,6,3,20,3,1,5,1,1,0,0,0,0,0,1,8.791099755000062,53.10058575200003
383,11,2020,6,3,15,3,4,2,1,1,0,0,0,0,0,0,8.786217677000025,53.05755907000008
384,11,2020,5,2,18,2,5,3,1,1,0,0,0,0,0,0,8.887751963000028,53.06869089500003
385,11,2020,6,6,12,3,3,6,1,0,0,0,0,0,0,0,8.74846169500006,53.125155447000054
386,12,2020,5,5,14,3,5,3,1,1,0,0,0,0,0,0,8.601851407000026,53.57026747200007
387,11,2020,6,3,8,3,5,3,1,1,0,0,0,0,0,0,8.802117800000076,53.07784303900007
388,11,2020,5,5,15,3,6,6,1,0,1,0,0,0,0,0,8.797615148000034,53.076830200000074
389,11,2020,6,4,17,3,5,3,1,1,0,0,0,0,0,0,8.883446040000024,53.11059077400006
390,11,2020,7,5,12,3,0,7,1,0,0,0,0,0,0,0,8.858882359000063,53.04525762000003
391,11,2020,6,3,18,3,5,3,1,1,0,0,0,0,0,0,8.861635328000034,53.09930203200008
392,11,2020,5,5,17,3,5,3,1,1,0,0,0,0,0,0,8.627160546000027,53.17030401200003
393,12,2020,6,2,9,3,5,3,1,1,0,0,0,0,0,0,8.60030514500005,53.52339979300007
394,11,2020,6,3,22,3,8,7,1,0,0,0,0,0,1,0,8.802337557000044,53.07635492800006
395,11,2020,5,2,11,3,5,3,1,1,0,0,0,0,0,0,8.75349529600004,53.123254994000035
396,11,2020,6,6,8,3,5,3,1,0,0,0,0,1,0,0,8.77426802900004,53.10145072500006
397,12,2020,6,2,13,3,5,3,1,0,0,0,0,0,0,1,8.576351045000024,53.56636276100005
398,12,2020,5,5,16,3,0,7,1,0,0,0,0,0,0,0,8.549101775000054,53.58062661100007
399,11,2020,6,4,12,2,5,2,1,0,0,0,0,0,0,0,8.94814324500004,53.05582799500007
400,11,2020,6,2,13,3,5,6,1,1,0,0,0,0,0,0,8.778996936000055,53.06475973100004
401,11,2020,5,7,3,3,0,7,1,0,0,0,0,0,2,0,8.788311789000034,53.092615143000046
402,11,2020,6,5,12,3,4,6,1,0,0,0,0,0,0,0,8.823122499000021,53.07329044000005
403,11,2020,6,2,14,3,5,3,1,1,0,0,0,0,0,0,8.84495895200007,53.04577728700008
404,11,2020,6,2,13,3,0,7,1,0,0,0,0,0,0,0,8.817129360000024,53.07884038100008
405,11,2020,5,4,13,3,0,7,1,0,0,0,0,0,0,0,8.826551547000065,53.085524400000054
406,11,2020,6,2,12,3,2,7,1,0,0,0,0,0,0,0,8.790986797000073,53.07239564300005
407,11,2020,5,4,12,2,5,3,1,1,0,0,0,0,0,0,8.87192299000003,53.077101199000026
408,11,2020,6,2,18,3,6,7,1,0,1,0,0,0,0,0,8.848775638000063,53.05081355200008
409,12,2020,5,5,12,2,0,7,1,0,0,0,0,0,0,0,8.552048014000036,53.579277621000074
410,11,2020,6,4,8,3,5,3,1,1,0,0,0,0,0,0,8.711468367000066,53.14742610900004
411,11,2020,5,1,14,3,0,7,1,0,0,0,0,0,0,0,8.869427986000062,53.080506050000054
412,11,2020,6,2,18,3,3,5,1,1,0,0,0,0,0,0,8.80270379500007,53.06729663900006
413,12,2020,5,7,14,3,5,3,1,1,0,0,0,0,0,0,8.597959631000037,53.58233771000005
414,11,2020,6,4,16,3,3,2,1,1,0,0,0,0,0,0,8.83616928500004,53.07153646200004
415,11,2020,6,5,8,3,5,2,1,0,0,0,0,1,0,1,8.902071825000064,53.07159422600006
416,11,2020,6,5,11,2,3,6,1,0,0,0,0,0,0,0,8.854399296000054,53.088086204000035
417,11,2020,6,6,21,3,3,6,1,1,0,0,0,0,0,0,8.873274430000038,53.09130929200006
418,11,2020,5,3,18,2,0,6,1,0,1,0,0,0,0,0,8.823416052000027,53.07231780200004
419,11,2020,5,4,8,3,5,2,1,1,0,0,0,0,0,0,8.842814849000035,53.072331355000074
420,11,2020,6,1,17,3,5,2,1,1,0,0,0,0,0,1,8.800506666000047,53.07851782300003
421,11,2020,5,5,20,3,5,2,1,1,0,0,0,0,0,0,8.736418039000057,53.13367911000006
422,11,2020,6,1,17,3,0,7,1,0,0,0,0,0,0,0,8.805350307000026,53.07303053500004
423,11,2020,6,4,15,3,5,3,1,1,0,0,0,0,0,0,8.734759853000071,53.08176596200008
424,11,2020,5,4,17,3,5,3,1,1,0,0,0,0,0,0,8.844622257000026,53.07075376300003
425,12,2020,6,3,11,3,5,3,1,1,0,0,0,0,0,0,8.582250632000068,53.56070516700004
426,12,2020,5,3,16,3,5,3,1,1,0,0,0,0,0,0,8.621255633000033,53.59047778200005
427,11,2020,6,7,18,3,0,7,1,0,0,0,0,0,0,0,8.82318473600003,53.07296481000003
428,11,2020,6,3,12,3,5,3,1,1,0,0,0,0,0,0,8.872450603000061,53.063185557000054
429,11,2020,6,3,9,3,1,5,1,1,0,0,0,0,0,0,8.816191021000066,53.07784537200007
430,11,2020,6,6,15,3,1,5,1,1,0,0,0,0,0,0,8.857067415000074,53.082726654000055
431,11,2020,5,6,10,3,1,3,1,1,0,0,0,0,0,0,8.825058531000025,53.08459186600004
432,11,2020,6,3,15,3,4,6,1,1,0,0,0,0,0,0,8.811054373000047,53.05935869100006
433,11,2020,5,3,8,2,1,5,1,0,0,0,1,0,0,0,8.79402574900007,53.101022975000035
434,12,2020,6,5,13,3,0,1,1,0,0,0,0,0,0,1,8.593840446000058,53.56110072300004
435,11,2020,6,5,14,3,0,7,1,0,0,0,0,0,0,0,8.810809136000046,53.061518043000035
436,11,2020,6,1,12,3,0,7,1,0,0,0,0,0,0,0,8.715370951000068,53.05258088700003
437,11,2020,5,5,16,3,6,4,1,0,1,0,0,0,0,0,8.852579767000066,53.060049434000064
438,12,2020,6,2,13,3,5,3,1,1,0,0,0,0,0,0,8.573726050000062,53.55038504600003
439,11,2020,6,6,20,1,5,3,1,1,0,0,0,0,0,0,8.927703982000025,53.072531679000065
440,11,2020,5,5,11,3,5,3,1,1,0,0,0,0,0,0,8.807868288000066,53.077871110000046
441,11,2020,6,3,9,2,9,1,1,0,1,0,0,0,0,0,8.894762107000076,53.097113583000066
442,11,2020,5,2,17,3,6,4,1,0,1,0,0,0,0,0,8.735482722000029,53.13397321400004
443,12,2020,6,4,18,3,5,2,1,1,0,0,0,0,0,0,8.596840389000022,53.568075090000036
444,11,2020,6,5,15,2,0,7,1,0,0,0,0,0,0,1,8.787944048000043,53.08301414500005
445,11,2020,6,2,11,3,4,6,1,0,0,0,0,0,0,0,8.818935640000063,53.10995233700004
446,11,2020,6,2,12,2,0,7,1,1,0,0,0,1,0,0,8.961261541000056,53.05738126400007
447,11,2020,5,7,12,3,0,7,1,0,0,0,0,1,0,0,8.803257534000068,53.07194323200008
448,11,2020,6,5,16,3,1,5,1,1,0,0,0,0,0,0,8.825059400000043,53.07303323900004
449,11,2020,6,6,11,3,5,3,1,1,0,0,0,0,0,0,8.87895445600003,53.08574221600003
450,11,2020,6,2,6,2,5,2,1,0,0,0,0,1,0,0,8.867536278000046,53.07233388000003
451,11,2020,5,2,15,3,4,6,1,0,0,0,0,0,0,0,8.791219864000027,53.09158079700006
452,11,2020,6,2,11,3,4,6,1,0,0,0,0,0,0,0,8.824262515000044,53.07841005300003
453,11,2020,6,4,12,3,1,5,1,1,0,0,0,0,0,0,8.802717311000038,53.06728817700008
454,11,2020,5,5,15,3,0,7,1,0,0,0,0,0,0,0,8.876039972000058,53.08200485300006
455,11,2020,7,5,8,3,5,2,1,1,0,0,0,0,0,1,8.868021648000024,53.07293490700005
456,11,2020,6,4,18,3,5,3,1,1,0,0,0,0,0,0,8.799446851000027,53.06552990100005
457,11,2020,6,5,12,3,5,3,1,1,0,0,0,0,0,1,8.678270263000059,53.173914866000075
458,11,2020,6,2,11,3,0,7,1,1,0,0,0,0,0,0,8.825768866000033,53.07502955400008
459,11,2020,5,7,9,3,5,3,1,0,0,0,0,1,0,0,8.838008426000044,53.06789460500005
460,11,2020,6,4,17,3,5,2,1,1,0,0,0,0,0,0,8.81950570600003,53.080542308000076
461,11,2020,6,5,16,3,3,2,1,0,0,0,0,1,0,1,8.788466085000039,53.09841665400006
462,11,2020,6,1,14,3,0,1,1,0,0,0,0,0,0,0,8.736861232000024,53.04561461600008
463,11,2020,5,2,7,3,5,2,1,0,0,0,0,0,0,0,8.89977192400005,53.12130674900004
464,11,2020,6,1,15,3,0,7,1,0,0,0,0,0,0,1,8.802728839000054,53.06728096100005
465,11,2020,7,4,13,2,0,4,1,0,1,0,0,0,0,1,8.809691157000032,53.07617796900007
466,11,2020,6,4,22,2,0,1,1,0,0,0,0,0,2,0,8.833400813000026,53.07926977500006
467,12,2020,6,7,17,3,5,3,1,1,0,0,0,0,0,1,8.624891199000047,53.529370845000074
468,11,2020,6,4,10,3,0,7,1,0,0,0,0,0,0,0,8.862933824000038,53.09038573300006
469,11,2020,5,6,19,3,6,4,1,0,1,0,0,0,1,0,8.620507372000077,53.171976932000064
470,11,2020,6,5,10,3,5,3,1,1,0,0,0,0,0,1,8.797863513000038,53.07069863100003
471,12,2020,6,1,2,2,0,7,1,0,0,0,0,0,2,1,8.592750698000032,53.56925040400006
472,11,2020,5,1,18,3,4,6,1,0,0,0,0,0,0,1,8.837463842000034,53.03793320500006
473,12,2020,5,6,18,3,0,7,1,0,0,0,0,0,0,0,8.549843508000038,53.58033773800008
474,11,2020,6,4,13,3,0,7,1,0,0,0,0,0,0,0,8.65138620600004,53.174035711000045
475,11,2020,5,1,12,3,5,3,1,1,0,0,0,0,0,0,8.627611152000043,53.18379124000006
476,11,2020,6,1,17,3,1,5,1,1,0,0,0,0,0,0,8.844720038000048,53.06834552400005
477,11,2020,5,1,12,3,0,7,1,0,0,0,0,0,0,0,8.829290204000074,53.07796359300005
478,11,2020,6,3,20,3,5,2,1,1,0,0,0,0,0,0,8.553668304000041,53.19617312500003
479,11,2020,6,4,18,3,0,1,1,0,0,0,0,0,0,0,8.827629686000023,53.07257019800005
480,11,2020,7,5,20,3,5,3,1,1,0,0,0,0,0,0,8.798964764000061,53.07940548900007
481,11,2020,6,5,16,3,1,5,1,1,0,0,0,0,0,1,8.810712273000036,53.080319366000026
482,11,2020,5,7,11,3,6,4,1,0,1,0,0,0,0,0,8.79268414300003,53.06434285500006
483,11,2020,6,5,15,3,6,4,1,0,1,0,0,0,0,1,8.816717496000024,53.07303671900007
484,11,2020,7,6,7,3,5,2,1,1,0,0,0,0,0,1,8.924683304000041,53.07311321900005
485,11,2020,5,7,21,3,5,3,1,1,0,0,0,0,2,0,8.796410510000044,53.071889319000036
486,11,2020,6,6,8,3,4,6,1,1,0,0,0,0,0,0,8.754461838000054,53.12395690900007
487,11,2020,6,6,16,3,5,2,1,1,0,0,0,0,0,0,8.855054361000043,53.07856041700006
488,11,2020,5,5,20,3,3,3,1,0,0,0,0,1,0,0,8.825017158000037,53.08457983900007
489,11,2020,6,3,9,3,5,2,1,1,0,0,0,0,0,0,8.778824761000067,53.06256442400007
490,11,2020,5,7,16,3,5,3,1,1,0,0,0,0,0,0,8.876507705000051,53.08103292800007
491,11,2020,5,7,10,3,5,3,1,0,0,0,0,0,0,0,8.80936964500006,53.08851071000004
492,11,2020,6,2,14,3,0,7,1,0,0,0,0,0,0,0,8.887091948000034,53.07029530500006
493,11,2020,6,5,10,3,4,6,1,1,0,0,0,0,0,0,8.802073095000026,53.09441745400005
494,11,2020,6,6,18,3,4,2,1,1,0,0,0,0,0,0,8.779358721000051,53.100165324000045
495,11,2020,6,5,13,3,5,3,1,1,0,0,0,0,0,0,8.729712733000042,53.17824086200005
496,11,2020,5,7,18,3,5,3,1,0,0,0,0,1,0,0,8.899019131000045,53.12975531500007
497,11,2020,6,2,20,3,5,3,1,1,0,0,0,0,0,0,8.628528542000026,53.175472213000035
498,11,2020,6,4,7,3,0,3,1,0,0,0,0,0,0,0,8.883618635000062,53.12121011900007
499,11,2020,6,4,20,3,4,6,1,1,0,0,0,0,0,0,8.800684190000027,53.07109621800004
500,11,2020,6,5,11,3,5,3,1,1,0,0,0,0,0,1,8.740533410000069,53.05426079500006
501,11,2020,6,1,15,3,5,3,1,0,0,0,0,0,0,0,8.816469380000058,53.03928889300005
502,11,2020,8,5,15,3,5,3,1,1,0,0,0,0,0,0,8.824542505000068,53.08418739500007
503,11,2020,8,6,21,2,6,7,1,0,1,0,0,0,2,0,8.824594711000032,53.068912631000046
504,11,2020,8,4,13,3,5,2,1,1,0,0,0,0,0,0,8.894386201000032,53.05442682800003
505,12,2020,8,4,16,3,0,7,1,1,0,0,0,0,0,1,8.569243151000023,53.55498890400003
506,11,2020,8,4,13,3,2,6,1,1,0,0,0,0,0,0,8.788393941000038,53.07346921200008
507,12,2020,7,1,7,3,5,2,1,1,0,0,0,0,0,0,8.638658204000023,53.530912760000035
508,11,2020,8,4,7,2,4,6,1,0,0,0,0,0,0,0,8.87085025700003,53.08742640100007
509,11,2020,8,1,14,3,2,6,1,1,0,0,0,0,0,0,8.70745138500007,53.16127161000003
510,11,2020,8,4,8,2,1,5,1,1,0,0,0,0,0,0,8.898131226000032,53.06834516300006
511,11,2020,8,4,12,3,3,6,1,0,0,0,0,0,0,0,8.704211537000049,53.15686740600006
512,11,2020,7,1,13,3,0,7,1,0,0,0,0,0,0,0,8.819349097000043,53.16148650100007
513,12,2020,8,3,7,3,5,2,1,0,0,0,1,0,0,0,8.597842401000037,53.581952012000045
514,11,2020,8,3,2,3,0,7,1,0,0,0,0,0,2,1,8.753830478000054,53.12048849000007
515,11,2020,8,3,13,3,4,2,1,1,0,0,0,0,0,0,8.808231135000028,53.09466125400007
516,11,2020,8,3,12,2,0,7,1,0,0,0,0,0,0,0,8.686149817000057,53.171074186000055
517,11,2020,7,1,15,3,3,6,1,0,0,0,0,0,0,0,8.630553736000024,53.15678429400003
518,11,2020,8,7,16,3,5,3,1,1,0,0,0,0,0,0,8.767181569000059,53.11171996000007
519,11,2020,8,3,15,3,5,3,1,1,0,0,0,0,0,0,8.863025408000055,53.071474866000074
520,11,2020,8,3,9,3,0,7,1,0,0,0,0,0,0,0,8.936348830000043,53.06179975300006
521,11,2020,8,3,21,3,1,7,1,1,0,0,0,0,1,0,8.833849462000046,53.074004897000066
522,12,2020,8,2,8,3,5,3,1,1,0,0,0,0,0,0,8.604050007000069,53.57439823400006
523,11,2020,8,7,12,3,0,7,1,0,0,0,0,0,0,0,8.618696790000058,53.17683490100006
524,11,2020,8,6,21,3,5,3,1,1,0,0,0,0,1,0,8.888184240000044,53.04624563900006
525,11,2020,8,2,23,3,5,3,1,1,0,0,0,0,2,0,8.825186612000039,53.08453498600005
526,11,2020,8,6,11,2,5,3,1,1,0,0,0,0,0,0,8.826194542000053,53.03433529600005
527,11,2020,8,1,3,3,0,7,1,0,0,0,0,0,2,0,8.801167785000075,53.06825011400008
528,12,2020,8,1,20,2,2,6,1,1,0,0,0,0,1,0,8.57551439200006,53.531384192000075
529,11,2020,7,1,12,3,3,6,1,0,0,0,0,0,0,0,8.93015803700007,53.11951387600004
530,11,2020,8,6,17,3,0,7,1,0,0,0,0,0,0,0,8.81611027200006,53.10355315900006
531,11,2020,7,1,18,3,0,1,1,0,1,0,0,0,0,0,8.854101110000045,53.03055811400003
532,12,2020,8,7,19,3,8,1,1,0,0,0,0,0,0,0,8.56918851100005,53.58759302500005
533,11,2020,8,2,16,3,5,2,1,1,0,0,0,0,0,0,8.963400018000073,53.05737514800006
534,11,2020,8,7,15,2,0,3,1,0,0,0,0,1,0,0,8.758857822000039,53.11599532200006
535,11,2020,8,7,14,3,0,1,1,0,0,0,0,0,0,1,8.818589634000034,53.072460557000056
536,11,2020,8,6,11,3,5,3,1,1,0,0,0,0,0,0,8.89748922900003,53.044300289000034
537,12,2020,7,7,18,3,5,3,1,1,0,0,0,0,0,0,8.60669561700007,53.53044571800007
538,11,2020,8,6,8,3,4,6,1,1,0,0,0,0,0,0,8.748906224000052,53.12495444100006
539,11,2020,8,7,13,3,0,1,1,0,0,0,0,0,0,1,8.818035785000063,53.07239866300006
540,11,2020,8,5,5,3,0,2,1,0,0,0,0,1,0,1,8.773036534000028,53.077636435000045
541,11,2020,8,7,9,3,5,2,1,1,0,0,0,0,0,0,8.619265212000073,53.182106297000075
542,12,2020,8,6,15,3,5,3,1,1,0,0,0,0,0,0,8.584514443000046,53.55889752200005
543,12,2020,7,6,12,3,5,2,1,1,0,0,0,0,0,0,8.582971841000074,53.56079780600004
544,11,2020,8,5,9,3,5,3,1,1,0,0,0,0,0,0,8.894404375000022,53.05132070700006
545,11,2020,7,6,13,2,0,7,1,0,0,0,0,0,0,0,8.766993938000041,53.10172166400008
546,11,2020,8,5,14,3,0,7,1,0,0,0,0,1,0,0,8.80396459700006,53.07230259900007
547,11,2020,7,7,9,3,5,3,1,1,0,0,0,0,0,0,8.875439731000029,53.082166373000064
548,11,2020,8,6,17,3,4,1,1,1,0,0,0,0,0,0,8.845282998000073,53.097185711000066
549,11,2020,7,6,21,2,3,6,1,1,0,0,0,0,2,0,8.84115924200006,53.06926743400004
550,11,2020,7,6,18,3,6,7,1,0,1,0,0,0,0,0,8.852567503000046,53.05989086300008
551,11,2020,7,6,19,3,4,6,1,1,0,0,0,0,0,0,8.822566292000033,53.07493651200008
552,12,2020,8,7,13,3,2,6,1,0,0,0,0,1,0,0,8.59796052200005,53.58218220100008
553,12,2020,7,5,10,3,5,3,1,1,0,0,0,0,0,0,8.600114849000022,53.55865412800006
554,11,2020,7,7,13,3,5,3,1,1,0,0,0,0,0,1,8.63912866100003,53.17320637800003
555,11,2020,7,5,20,3,4,6,1,0,0,0,0,0,0,0,8.776091910000048,53.079589716000044
556,11,2020,8,3,13,3,6,4,1,0,1,0,0,0,0,1,8.940743000000055,53.07854852400004
557,11,2020,7,7,19,3,5,3,1,1,0,0,0,0,0,0,8.876461494000068,53.081017933000055
558,12,2020,8,3,11,2,5,3,1,1,0,0,0,0,0,0,8.593524642000034,53.57021368000005
559,11,2020,7,5,11,3,3,6,1,1,0,1,0,0,0,0,8.820768817000044,53.07270677400004
560,11,2020,8,7,9,3,5,3,1,1,0,0,0,0,0,0,8.770065313000032,53.09523627600004
561,11,2020,7,5,8,3,5,2,1,1,0,0,0,0,0,0,8.82078109300005,53.05127744200007
562,11,2020,7,6,13,3,0,7,1,1,0,0,0,0,0,1,8.836670723000054,53.07166928200007
563,11,2020,7,4,13,3,0,5,1,0,0,0,0,1,0,0,8.775763251000058,53.09055631500007
564,11,2020,7,4,10,3,0,7,1,1,0,0,0,0,0,0,8.840552918000071,53.06940214200006
565,11,2020,8,5,18,2,5,3,1,0,0,0,0,0,0,0,8.76535222700005,53.11856364200003
566,11,2020,8,7,1,2,0,7,1,0,0,0,0,0,2,0,8.801710786000058,53.07052456200006
567,11,2020,7,3,10,3,5,2,1,1,0,0,0,0,0,1,8.78807512000003,53.06289365400005
568,11,2020,7,3,22,3,0,5,1,1,0,0,0,0,2,0,8.826416178000045,53.072930487000065
569,12,2020,8,1,15,3,8,1,1,0,0,0,0,0,0,0,8.591822883000077,53.57982816800006
570,12,2020,7,2,14,3,5,7,1,0,0,0,0,0,0,0,8.58406495500003,53.538163816000065
571,11,2020,7,2,14,3,3,6,1,0,0,0,0,0,0,0,8.884522583000035,53.07284320800005
572,11,2020,8,4,17,3,4,2,1,1,0,0,0,0,0,0,8.812615746000063,53.08083300800007
573,11,2020,8,6,13,3,5,3,1,1,0,0,0,0,0,0,8.848709171000053,53.07148105200008
574,11,2020,8,6,18,3,5,3,1,1,0,0,0,0,0,0,8.79215004200006,53.10336425200006
575,11,2020,7,2,13,3,3,6,1,1,0,0,0,0,0,0,8.91065982300006,53.12439972200008
576,11,2020,8,6,13,2,5,2,1,1,0,0,1,0,0,0,8.95977330900007,53.039161955000054
577,12,2020,7,1,14,3,5,2,1,1,0,0,0,0,0,0,8.579942439000035,53.54590218700008
578,12,2020,8,7,19,3,5,3,1,1,0,0,0,0,0,0,8.594715051000037,53.512227075000055
579,12,2020,7,1,17,3,5,3,1,1,0,0,0,0,0,0,8.601552671000036,53.50608638700004
580,11,2020,8,7,13,3,5,2,1,1,0,0,0,0,0,0,8.801341103000027,53.07148033300007
581,11,2020,8,3,10,2,5,3,1,1,0,0,0,0,0,0,8.805135532000065,53.07305800800003
582,11,2020,8,4,11,3,5,3,1,1,0,0,0,0,0,0,8.856559610000033,53.071365239000045
583,11,2020,7,6,11,3,5,3,1,1,0,0,0,0,0,0,8.870920044000059,53.08752424900007
584,12,2020,8,5,15,3,9,1,1,0,0,0,0,0,0,0,8.607610660000034,53.53531311900008
585,11,2020,8,4,11,2,0,7,1,0,0,0,0,0,0,1,8.88081663500003,53.10154860400007
586,11,2020,8,6,0,3,0,7,1,0,0,0,0,1,0,1,8.62170837800005,53.170008488000065
587,11,2020,7,6,11,3,4,3,1,0,0,0,0,0,0,0,8.800479677000055,53.07849918800008
588,12,2020,7,5,23,3,5,3,1,1,0,0,0,0,2,1,8.609741900000074,53.507562664000034
589,11,2020,7,6,15,3,0,7,1,1,0,0,0,0,0,0,8.78765349400004,53.076392027000054
590,11,2020,8,3,18,3,5,3,1,1,0,0,0,0,0,0,8.688703037000039,53.16850549500003
591,11,2020,7,5,5,3,5,2,1,0,0,0,1,0,2,1,8.844872753000061,53.03365680400003
592,11,2020,7,6,14,3,5,3,1,1,0,0,0,0,0,0,8.788175757000033,53.069511187000046
593,11,2020,8,5,8,3,0,1,1,0,0,0,1,0,0,0,8.831100973000048,53.08583360000006
594,11,2020,7,5,20,3,4,6,1,1,0,0,0,0,1,0,8.880854355000054,53.05664275400005
595,11,2020,7,5,18,3,5,3,1,1,0,0,0,0,0,0,8.835609103000024,53.07378229100004
596,11,2020,7,5,13,3,4,2,1,1,0,0,0,0,0,0,8.869182383000066,53.07428331700004
597,11,2020,8,7,5,3,1,7,1,1,0,0,0,0,2,0,8.821390257000076,53.09568670600004
598,11,2020,7,5,16,3,5,2,1,1,0,0,0,0,0,0,8.833360869000046,53.070663240000044
599,11,2020,8,3,16,3,5,3,1,1,0,0,0,0,0,0,8.816555483000059,53.08412197200005
600,11,2020,8,3,17,3,2,6,1,1,0,0,0,0,0,1,8.82968579900006,53.07453975400006
601,12,2020,8,4,18,3,8,1,1,0,0,0,0,0,0,0,8.600711686000068,53.56079542400005
602,11,2020,8,5,14,3,5,2,1,1,0,0,0,0,0,0,8.619370372000049,53.184070347000045
603,11,2020,7,4,13,3,3,6,1,0,0,0,0,0,0,0,8.856417007000061,53.06675602800004
604,12,2020,7,3,10,3,5,3,1,0,0,0,0,1,0,0,8.625998091000042,53.49709266900004
605,11,2020,7,3,19,3,5,3,1,0,0,0,0,0,0,0,8.780358112000044,53.10547634100004
606,11,2020,8,2,16,3,5,3,1,1,0,0,0,0,0,0,8.891711182000051,53.04942031200005
607,11,2020,7,5,7,3,5,2,1,1,0,0,0,0,0,1,8.897721525000065,53.059083412000064
608,11,2020,8,2,18,3,5,3,1,1,0,0,0,0,0,0,8.854778302000057,53.067734478000034
609,11,2020,7,3,10,2,4,2,1,1,0,0,0,0,0,0,8.714407951000055,53.18017343900004
610,11,2020,8,4,19,3,6,4,1,0,1,0,0,0,0,0,8.785451075000026,53.09672915500005
611,11,2020,7,3,7,3,5,2,1,1,0,0,0,0,0,0,8.819520664000038,53.08051821500004
612,11,2020,8,6,9,3,1,6,1,1,0,0,0,0,0,0,8.81055176500007,53.09542712800004
613,11,2020,7,5,7,3,5,3,1,1,0,0,0,0,0,1,8.87305126900003,53.06701239800003
614,11,2020,8,5,19,2,5,3,1,1,0,0,0,0,0,0,8.79581382400005,53.10628981500008
615,12,2020,7,2,18,3,5,3,1,1,0,0,0,0,0,0,8.607589604000054,53.535229420000064
616,11,2020,8,5,17,3,6,7,1,0,1,0,0,0,0,0,8.795194920000029,53.074074609000036
617,11,2020,8,7,10,3,5,3,1,1,0,0,0,0,0,0,8.618977125000072,53.18408611900003
618,11,2020,8,6,23,3,5,3,1,1,0,0,0,0,2,0,8.810189654000055,53.08154705100003
619,11,2020,7,2,14,3,5,7,1,1,0,0,0,0,0,0,8.81522792800007,53.02956555900005
620,11,2020,7,2,16,3,1,5,1,1,0,0,0,0,0,0,8.775743291000026,53.09056586100007
621,11,2020,8,4,0,2,0,7,1,0,0,0,0,0,2,1,8.812286304000054,53.07638425200008
622,11,2020,8,5,18,3,5,2,1,1,0,0,0,0,0,0,8.930532349000032,53.05903891200006
623,11,2020,7,2,19,3,1,5,1,1,0,0,0,0,0,0,8.766942630000074,53.08413353800006
624,11,2020,8,5,16,2,5,3,1,1,0,0,0,0,0,0,8.803221141000051,53.07221882400006
625,11,2020,7,5,16,3,5,3,1,1,0,0,0,0,0,1,8.827757313000063,53.08303349000005
626,11,2020,8,5,10,3,5,3,1,1,0,0,0,0,0,0,8.72858990100002,53.03890042200004
627,11,2020,8,4,12,3,3,6,1,1,0,0,0,0,0,1,8.811126108000053,53.076223851000066
628,12,2020,7,1,13,3,0,1,1,0,0,0,0,0,0,0,8.59869425900007,53.536139227000035
629,11,2020,8,6,20,3,0,7,1,0,0,0,0,0,1,1,8.788832734000039,53.09410001300006
630,12,2020,7,1,18,3,5,3,1,1,0,0,0,0,0,0,8.580615077000061,53.55091810400006
631,11,2020,8,3,7,3,5,3,1,1,0,0,0,0,0,0,8.825081287000046,53.08419967700007
632,11,2020,7,5,9,3,5,2,1,1,0,0,0,0,0,1,8.875671220000072,53.082325377000075
633,11,2020,8,1,9,3,5,2,1,1,0,0,0,0,0,0,8.837402397000062,53.03783726800003
634,11,2020,8,3,19,3,4,6,1,1,0,0,0,0,0,0,8.795745489000069,53.079642308000075
635,11,2020,7,1,16,3,5,3,1,1,0,0,0,0,0,0,8.951399182000046,53.08962944700005
636,11,2020,8,4,13,3,0,1,1,0,0,0,0,0,0,0,8.91410167600003,53.05980221600004
637,11,2020,7,4,18,3,0,3,1,0,0,0,0,0,0,0,8.751816640000072,53.12914943200008
638,11,2020,7,7,13,3,0,7,1,0,1,0,0,0,0,0,8.952870940000025,53.07335545500007
639,11,2020,8,5,11,2,3,6,1,0,0,0,0,0,0,0,8.909352174000048,53.05873052700008
640,11,2020,7,7,12,3,0,6,1,0,1,0,0,0,0,0,8.809861179000052,53.07938257300003
641,11,2020,8,2,19,3,0,7,1,0,0,0,0,0,0,1,8.801139387000035,53.06867359600005
642,11,2020,7,4,7,3,5,2,1,1,0,0,0,0,0,0,8.778797312000052,53.064645330000076
643,12,2020,8,2,10,3,5,3,1,1,0,0,0,0,0,0,8.601856230000067,53.52977139300003
644,11,2020,7,4,12,3,1,7,1,1,0,0,0,0,0,0,8.813143233000062,53.058381033000046
645,12,2020,7,6,11,3,5,2,1,1,0,0,0,0,0,0,8.599927743000023,53.52944751900003
646,11,2020,8,2,17,3,5,2,1,1,0,0,0,0,0,1,8.791487133000032,53.06500883400008
647,11,2020,7,6,21,3,0,7,1,0,0,0,0,0,1,0,8.804194131000031,53.11376411500004