,UKREIS,UJAHR,UMONAT,UWOCHENTAG,USTUNDE,UKATEGORIE,UART,UTYP1,IstRad,IstPKW,IstFuss,IstKrad,IstGkfz,IstSonstig,ULICHTVERH,STRZUSTAND,longitude,latitude
648,11,2020,8,4,20,3,5,3,1,1,0,0,0,0,1,0,8.79678105000005,53.06697204100004
649,11,2020,8,6,15,3,1,6,1,1,0,0,0,0,0,0,8.802589283000032,53.070407524000075
650,12,2020,7,5,11,3,5,3,1,1,0,0,0,0,0,0,8.603291931000058,53.57400731200005
651,11,2020,8,1,17,3,0,7,1,0,0,0,0,1,0,0,8.78779410900006,53.099201082000036
652,12,2020,8,1,15,3,8,1,1,0,0,0,0,0,0,0,8.603218044000073,53.52347652800006
653,11,2020,7,5,18,3,0,6,1,0,0,0,0,0,0,0,8.802927354000076,53.06715668000004
654,11,2020,8,4,17,2,0,7,1,0,0,0,0,0,0,0,8.809717569000043,53.08069126400005
655,11,2020,7,5,11,3,0,1,1,0,0,0,0,0,0,0,8.803537711000047,53.075261615000045
656,11,2020,8,6,18,3,5,2,1,1,0,0,0,0,0,0,8.891989823000074,53.04794871300004
657,11,2020,8,5,14,3,5,3,1,1,0,0,0,0,0,0,8.941668413000059,53.060359980000044
658,11,2020,7,5,13,3,0,7,1,0,0,0,0,0,0,0,8.577448736000065,53.182729607000056
659,12,2020,8,7,13,3,8,1,1,0,0,0,0,0,0,0,8.58819451100004,53.53599058900005
660,11,2020,7,5,14,3,5,3,1,1,0,0,0,0,0,0,8.794894388000046,53.093935775000034
661,11,2020,7,4,8,3,3,6,1,0,0,0,0,0,0,0,8.785485805000064,53.09584629600005
662,11,2020,8,5,13,3,5,3,1,1,0,0,0,0,0,0,8.87342890900004,53.06699621900003
663,11,2020,8,5,11,3,3,2,1,1,0,0,0,0,0,0,8.880172457000072,53.07169055300005
664,11,2020,7,4,12,3,5,3,1,1,0,0,0,0,0,0,8.852613278000035,53.04759731100006
665,11,2020,7,4,20,3,6,1,1,0,1,0,0,0,0,0,8.755925670000067,53.10021673000006
666,11,2020,8,2,10,3,0,6,1,0,0,0,0,1,0,1,8.74936622000007,53.12063226500004
667,12,2020,8,6,13,3,0,7,1,0,0,0,1,0,0,1,8.63272025200007,53.51705046100005
668,12,2020,7,2,12,3,3,6,1,0,0,0,0,0,0,1,8.59697144300003,53.52241074400007
669,11,2020,8,3,17,3,5,3,1,1,0,0,0,0,0,0,8.809228131000054,53.07879108900005
670,12,2020,7,2,11,3,5,3,1,1,0,0,0,0,0,1,8.580552530000034,53.54407444700007
671,11,2020,7,4,8,3,5,3,1,1,0,0,0,0,0,0,8.955058018000045,53.05757982200004
672,11,2020,8,4,14,3,6,3,1,0,1,0,0,0,0,0,8.753167696000048,53.114503659000036
673,11,2020,7,2,12,3,6,4,1,0,1,0,0,0,0,0,8.805284614000072,53.07795252500006
674,12,2020,7,3,15,3,0,7,1,0,0,0,0,0,0,1,8.601126987000043,53.51655414600003
675,11,2020,8,3,15,3,1,5,1,1,0,0,0,0,0,0,8.857092266000052,53.04247735800004
676,12,2020,7,3,15,3,0,7,1,0,0,0,0,0,0,1,8.601169423000044,53.516561558000035
677,11,2020,8,5,14,3,6,4,1,1,1,0,0,0,0,0,8.806881765000071,53.08202611100006
678,12,2020,7,3,15,3,0,6,1,0,0,0,0,0,0,1,8.601028524000071,53.51653694500004
679,12,2020,7,3,11,3,0,7,1,0,0,0,0,0,0,1,8.598505000000046,53.53612008300007
680,12,2020,8,6,11,2,5,3,1,1,0,0,0,0,0,0,8.607232704000069,53.58598575600007
681,11,2020,7,3,21,3,5,3,1,1,0,0,0,0,1,0,8.788803033000022,53.06647398500007
682,11,2020,7,2,23,3,0,1,1,0,0,0,0,0,2,1,8.82127007400004,53.07275952700007
683,11,2020,8,2,16,3,0,1,1,0,0,0,0,0,0,1,8.74275293200003,53.13152996200006
684,11,2020,8,3,17,3,0,7,1,0,0,0,0,1,0,0,8.787764894000077,53.09923573600008
685,11,2020,7,2,17,2,5,2,1,1,0,0,0,0,0,0,8.886038136000025,53.08600819000003
686,11,2020,8,7,14,3,0,7,1,0,0,0,0,0,0,0,8.569312012000069,53.18190396500006
687,11,2020,8,6,14,2,6,7,1,0,1,0,0,0,0,0,8.874027832000024,53.08209173700004
688,11,2020,7,3,7,3,5,3,1,0,0,0,0,1,0,0,8.59427585800006,53.179060012000036
689,11,2020,8,1,1,3,4,6,1,0,0,0,0,0,2,0,8.807478642000035,53.072912863000056
690,11,2020,7,3,15,3,5,3,1,1,0,0,0,0,0,1,8.825091584000063,53.084193955000046
691,11,2020,7,3,15,3,0,7,1,0,0,0,0,1,0,1,8.954072322000059,53.06652413000006
692,11,2020,8,4,22,2,0,7,1,0,0,0,0,0,2,0,8.807086578000053,53.06466536700003
693,12,2020,7,2,16,3,5,3,1,1,0,0,0,0,0,0,8.590800227000045,53.54078266100004
694,11,2020,8,4,15,3,5,2,1,1,0,0,0,0,0,0,8.854482783000037,53.06700427700008
695,11,2020,8,6,14,3,3,2,1,1,0,0,0,0,0,0,8.875203001000045,53.08243244600004
696,11,2020,7,2,13,3,6,4,1,0,0,0,0,1,0,0,8.726601354000024,53.12931754500005
697,11,2020,8,5,21,3,5,3,1,1,0,0,0,0,2,0,8.736892703000024,53.07978295800007
698,12,2020,7,2,12,3,5,3,1,1,0,0,0,0,0,0,8.586540169000045,53.53787499900005
699,11,2020,7,2,15,3,3,2,1,1,0,0,0,0,0,0,8.696365299000036,53.168607361000056
700,11,2020,8,6,9,3,5,3,1,1,0,0,0,0,0,0,8.876128035000022,53.08153612000007
701,11,2020,7,2,16,2,1,5,1,1,0,0,0,0,0,0,8.79591501300007,53.065132626000036
702,11,2020,8,3,14,3,4,6,1,0,0,0,0,0,0,0,8.788772403000053,53.103441935000035
703,11,2020,7,2,16,2,5,3,1,0,0,1,0,0,0,0,8.866658402000041,53.06222544800005
704,11,2020,8,4,10,3,0,5,1,0,0,0,0,1,0,0,8.799720704000038,53.094768087000034
705,11,2020,7,2,16,3,5,3,1,1,0,0,0,0,0,0,8.785649951000039,53.101863973000036
706,11,2020,9,4,11,3,0,2,1,0,0,0,1,0,0,0,8.64780799500005,53.17148748300008
707,12,2020,9,6,17,3,6,7,1,0,1,0,0,0,0,0,8.580232976000048,53.55557078000004
708,11,2020,9,3,11,3,5,2,1,1,0,0,0,0,0,0,8.901106803000062,53.08934698400003
709,11,2020,9,3,15,3,5,3,1,1,0,0,0,0,0,0,8.89994802700005,53.059330156000044
710,11,2020,9,5,16,3,3,2,1,1,0,0,0,0,0,0,8.959378308000055,53.04718662000005
711,11,2020,10,5,9,3,5,6,1,1,0,0,0,0,0,1,8.778500103000056,53.10831289100008
712,11,2020,9,3,12,3,5,3,1,1,0,0,0,0,0,0,8.740805757000032,53.12931361200003
713,11,2020,9,1,13,3,4,6,1,1,0,0,0,0,0,0,8.731266899000047,53.13283601200004
714,11,2020,10,7,11,3,5,3,1,1,0,0,0,0,0,0,8.750514288000034,53.083682484000065
715,11,2020,9,6,11,3,9,6,1,0,0,0,0,0,0,0,8.835644707000029,53.07380719000008
716,11,2020,9,2,12,3,0,6,1,0,1,0,0,0,0,0,8.882140217000028,53.10101330400005
717,11,2020,10,7,5,3,5,3,1,1,0,0,0,0,2,1,8.824462363000066,53.084256381000046
718,12,2020,9,3,17,3,5,3,1,1,0,0,0,0,0,0,8.60849608500007,53.54999480200007
719,11,2020,10,3,8,3,0,3,1,1,0,0,0,0,1,1,8.557487834000028,53.18956390200003
720,11,2020,9,2,16,3,0,1,1,1,0,0,0,0,0,0,8.82930516600004,53.07626610700004
721,11,2020,9,6,13,3,5,3,1,1,0,0,0,0,0,0,8.828322427000046,53.08015633800005
722,11,2020,10,4,16,3,5,2,1,1,0,0,0,0,0,0,8.92559204500003,53.06987063100007
723,11,2020,10,5,18,3,3,6,1,1,0,0,0,0,1,1,8.74821623300005,53.09632134200007
724,11,2020,9,5,14,3,5,3,1,1,0,0,0,0,0,0,8.79248313000005,53.09400508600004
725,11,2020,10,4,9,3,3,6,1,1,0,0,0,0,0,1,8.71415620700003,53.15213292300007
726,11,2020,9,3,10,3,5,3,1,1,0,0,0,0,0,0,8.818142199000022,53.07773288100003
727,11,2020,9,6,16,3,2,7,1,0,0,0,0,1,0,0,8.543706605000068,53.19279050100005
728,11,2020,9,6,20,3,0,7,1,0,1,0,0,0,2,0,8.886527098000045,53.07903513600007
729,11,2020,9,1,18,2,4,2,1,0,0,0,0,0,0,0,8.911795939000058,53.12391086000008
730,11,2020,10,6,13,3,4,6,1,0,0,0,0,0,0,0,8.827687355000023,53.08301925100005
731,11,2020,9,3,10,3,5,2,1,1,0,0,0,0,0,0,8.801267051000025,53.07152034200004
732,11,2020,9,5,14,2,5,3,1,0,0,0,0,1,0,0,8.531378731000075,53.19603800300007
733,11,2020,9,6,15,2,3,6,1,0,0,0,0,0,0,0,8.838445487000058,53.10143733500007
734,11,2020,9,4,13,3,4,7,1,0,0,0,0,0,0,0,8.819510782000066,53.08054574800008
735,11,2020,9,6,15,3,6,4,1,0,1,0,0,0,0,1,8.800435639000057,53.069956207000075
736,11,2020,9,6,15,3,5,3,1,1,0,0,0,0,0,0,8.78537121100004,53.070920089000026
737,12,2020,9,4,16,3,0,7,1,0,0,0,0,0,0,0,8.59498522000007,53.51844581100005
738,12,2020,10,3,13,2,0,7,1,0,0,0,0,0,0,0,8.55145442600002,53.57055689100008
739,11,2020,9,5,17,3,5,3,1,1,0,0,0,0,0,1,8.803161373000023,53.084644370000035
740,11,2020,10,6,10,3,5,3,1,1,0,0,0,0,0,1,8.923631111000077,53.04415848300005
741,12,2020,9,2,13,3,3,6,1,1,0,0,0,0,0,0,8.553933424000036,53.561633362000066
742,11,2020,10,2,5,3,5,3,1,1,0,0,0,0,2,1,8.861647811000068,53.09929275500008
743,11,2020,9,7,16,3,5,2,1,1,0,0,0,0,0,0,8.849740026000063,53.047770082000056
744,11,2020,9,3,19,3,0,3,1,1,0,0,0,0,0,0,8.785388241000021,53.096723343000065
745,11,2020,9,6,18,3,0,7,1,0,0,0,0,0,0,0,8.769391935000044,53.11441065100007
746,11,2020,9,2,22,3,5,3,1,1,0,0,0,0,2,0,8.832051634000038,53.07755437000003
747,12,2020,10,5,7,3,5,3,1,1,0,0,0,0,1,1,8.619205902000033,53.588856726000074
748,11,2020,10,1,19,3,0,7,1,0,0,0,0,0,2,1,8.618904324000027,53.17867286100005
749,11,2020,9,6,16,3,5,3,1,1,0,0,0,0,0,0,8.95376450200007,53.03410142100006
750,11,2020,9,2,21,3,4,2,1,0,0,0,0,0,2,0,8.77901709300005,53.09885761700008
751,11,2020,10,1,18,3,0,1,1,0,0,0,0,0,2,1,8.807095928000024,53.07942563300003
752,11,2020,9,5,10,3,8,1,1,1,0,0,0,0,0,0,8.834522095000068,53.08956636400006
753,11,2020,10,4,16,3,5,2,1,1,0,0,0,0,0,1,8.65713402800003,53.17467908500004
754,11,2020,9,3,9,3,5,3,1,1,0,0,0,0,0,0,8.903262020000057,53.09974734300005
755,12,2020,10,6,16,3,9,1,1,0,0,0,0,0,0,1,8.614934408000067,53.59259195800007
756,12,2020,9,5,7,3,5,2,1,1,0,0,0,0,0,1,8.579775176000055,53.546699844000045
757,11,2020,9,1,13,3,7,7,1,0,0,0,0,1,0,0,8.837159342000064,53.069445803000065
758,12,2020,10,5,15,3,5,3,1,1,0,0,0,0,0,0,8.600928035000038,53.516714884000066
759,11,2020,9,4,12,3,5,3,1,1,0,0,0,0,0,0,8.884265417000051,53.071793021000076
760,11,2020,9,5,11,2,5,3,1,1,0,0,0,0,0,1,8.846928828000046,53.048269865000066
761,11,2020,10,4,19,3,5,3,1,1,0,0,0,0,2,1,8.880749612000045,53.10172289800005
762,11,2020,9,2,8,2,5,2,1,0,0,0,1,0,0,1,8.844164590000048,53.07528707400007
763,11,2020,9,6,11,3,5,3,1,1,0,0,0,0,0,0,8.882047724000074,53.07911960200005
764,11,2020,10,6,6,3,0,1,1,0,0,0,0,0,2,1,8.551124902000026,53.19273117200004
765,11,2020,9,5,15,3,4,6,1,0,0,0,0,0,0,1,8.779208328000038,53.10033453800003
766,11,2020,9,7,17,2,5,2,1,1,0,0,0,0,0,0,8.728491518000055,53.038942588000054
767,11,2020,10,2,15,3,0,7,1,0,0,0,0,0,0,1,8.787373015000071,53.08997121500005
768,12,2020,10,2,16,3,6,7,1,0,1,0,0,0,0,0,8.603667303000066,53.516491416000065
769,12,2020,10,6,19,3,5,2,1,1,0,0,0,0,2,1,8.591700133000074,53.52976703400003
770,12,2020,9,3,14,3,1,5,1,1,0,0,0,0,0,0,8.619790737000073,53.58833131500006
771,11,2020,10,3,14,2,3,2,1,0,0,0,0,1,0,0,8.88083128300002,53.10176914700003
772,11,2020,9,6,15,3,5,2,1,1,0,0,0,0,0,0,8.791162755000073,53.09515830500004
773,12,2020,10,5,14,3,0,7,1,0,0,0,0,0,0,0,8.59338424300006,53.514645279000035
774,11,2020,9,4,16,3,0,7,1,0,0,0,0,0,0,0,8.880627615000037,53.06037472200006
775,11,2020,10,3,20,3,5,3,1,1,0,0,0,0,2,0,8.790848530000062,53.09896790800008
776,11,2020,9,6,13,3,5,3,1,0,0,0,0,0,0,0,8.813386174000073,53.08104333600005
777,11,2020,10,6,11,3,0,7,1,0,0,0,0,0,0,0,8.901987209000026,53.12571862200008
778,11,2020,10,2,15,3,0,7,1,0,1,0,0,0,0,0,8.759309131000066,53.115860001000044
779,12,2020,9,6,6,3,0,7,1,0,0,0,0,0,0,0,8.592778063000026,53.55666000300005
780,11,2020,9,3,13,2,5,3,1,1,0,0,0,0,0,0,8.845722655000031,53.03312849000008
781,11,2020,10,2,10,3,5,3,1,1,0,0,0,0,0,0,8.685843738000074,53.173842292000074
782,11,2020,10,2,14,3,5,3,1,1,0,0,0,0,0,0,8.849739802000045,53.04779772000006
783,12,2020,9,4,11,3,8,1,1,0,0,0,0,0,0,0,8.592543675000059,53.53943455600006
784,11,2020,10,2,19,2,5,3,1,1,0,0,0,1,2,0,8.802027805000023,53.09457491500007
785,11,2020,10,5,15,3,5,2,1,1,0,0,0,0,0,1,8.87610543900007,53.082137068000065
786,11,2020,9,2,10,3,5,3,1,1,0,0,0,0,0,0,8.812306590000048,53.09570490400006
787,11,2020,9,4,17,3,5,3,1,1,0,0,0,0,0,0,8.809431563000032,53.07204030400004
788,11,2020,9,2,16,3,0,7,1,1,0,0,0,0,0,0,8.688634080000043,53.17134549700006
789,11,2020,9,5,14,2,5,3,1,1,0,0,0,0,0,0,8.783671807000076,53.10177870600006
790,11,2020,10,4,14,3,3,7,1,1,0,0,0,0,0,1,8.814441903000045,53.09075184900007
791,11,2020,9,3,9,3,5,6,1,1,0,0,0,0,0,0,8.856940226000063,53.07273156800005
792,12,2020,9,5,9,3,0,6,1,0,1,0,0,0,0,0,8.610770220000063,53.58882156200008
793,11,2020,9,4,12,3,5,3,1,1,0,0,0,0,0,0,8.871743250000065,53.09142402100008
794,12,2020,9,3,8,3,5,3,1,1,0,0,0,0,0,0,8.613665161000029,53.58584155500006
795,11,2020,9,4,17,3,5,3,1,1,0,0,0,0,0,0,8.62236116500003,53.181773829000065
796,11,2020,9,6,8,3,5,3,1,1,0,0,0,0,0,1,8.812339552000026,53.08097702900005
797,11,2020,9,4,20,2,0,7,1,0,0,0,0,0,1,0,8.792045958000074,53.07306608400006
798,11,2020,9,2,9,3,5,2,1,1,0,0,0,0,0,0,8.811820988000022,53.08633609100008
799,11,2020,10,7,11,3,0,7,1,0,0,0,0,0,0,0,8.83750152400006,53.09465344700004
800,11,2020,9,6,13,3,5,3,1,1,0,0,0,0,0,0,8.846916455000041,53.04829517400003
801,11,2020,10,4,9,3,5,3,1,1,0,0,0,0,0,1,8.815137941000046,53.07707523400006
802,11,2020,10,6,18,3,5,2,1,1,0,0,0,0,0,0,8.703975168000056,53.15813482600004
803,11,2020,9,5,13,3,2,6,1,1,0,0,0,0,0,0,8.802276461000076,53.06363550900005
804,11,2020,10,4,12,3,5,3,1,1,0,0,0,0,0,0,8.877153743000065,53.080469322000056
805,12,2020,9,6,11,3,4,6,1,0,0,0,0,0,0,0,8.588293531000033,53.58063430100003
806,11,2020,10,5,11,2,5,2,1,1,0,0,0,0,0,0,8.715986521000048,53.04792696000004
807,11,2020,10,6,13,3,5,2,1,1,0,0,0,0,0,0,8.848631228000045,53.05056086800005
808,11,2020,9,4,18,3,5,3,1,1,0,0,0,0,0,0,8.73007442900007,53.133099575000074
809,11,2020,9,4,18,3,5,3,1,1,0,0,0,0,0,0,8.811819151000066,53.09736656600006
810,12,2020,10,6,10,3,1,5,1,1,0,0,0,0,0,0,8.582914974000062,53.55419121500006
811,11,2020,9,3,18,3,0,7,1,0,0,0,0,0,0,0,8.57168050200005,53.196168500000056
812,11,2020,9,5,7,3,2,6,1,1,0,0,0,0,0,0,8.77869234000002,53.10865722400007
813,12,2020,9,3,14,2,5,3,1,1,0,0,0,0,0,0,8.600690368000073,53.51426844000008
814,12,2020,9,7,5,3,5,3,1,1,0,0,0,0,2,1,8.569666470000072,53.560465675000046
815,12,2020,10,2,9,3,5,3,1,1,0,0,0,0,0,1,8.600444948000074,53.52777266700008
816,11,2020,9,3,20,3,1,5,1,1,0,0,0,0,1,0,8.856687779000026,53.08892271900004
817,11,2020,9,7,10,3,8,5,1,1,0,0,0,0,0,0,8.67638981400006,53.171275011000034
818,11,2020,10,6,17,3,0,2,1,1,0,0,0,0,0,0,8.598179411000046,53.18287909000003
819,12,2020,9,2,18,3,5,3,1,1,0,0,0,0,0,0,8.59255474400004,53.56703188100005
820,11,2020,10,2,8,3,0,3,1,1,0,0,0,0,0,0,8.75412384200007,53.12708381600004
821,11,2020,9,7,20,3,0,7,1,0,0,0,0,0,2,1,8.78572708300004,53.088868081000044
822,11,2020,10,5,18,2,5,3,1,1,0,0,0,0,0,0,8.799645400000031,53.07285684300007
823,11,2020,9,3,16,3,5,3,1,1,0,0,0,0,0,0,8.843604604000063,53.08370991900006
824,11,2020,9,3,12,3,5,3,1,1,0,0,0,0,0,0,8.814331465000066,53.039684917000045
825,12,2020,9,7,20,3,5,3,1,1,0,0,0,0,1,0,8.587536142000033,53.52311152900006
826,11,2020,10,2,15,2,5,3,1,0,0,0,0,1,0,1,8.805727779000051,53.08140691500006
827,11,2020,9,6,10,3,4,1,1,0,0,0,0,0,0,0,8.824875259000066,53.08464391700005
828,11,2020,9,2,11,3,3,2,1,0,0,0,1,0,0,0,8.837284901000032,53.08237643100006
829,11,2020,9,3,16,3,5,7,1,1,0,0,0,0,0,0,8.849966165000069,53.08769993700008
830,11,2020,10,1,0,2,0,7,1,0,0,0,0,0,2,1,8.792349473000058,53.07318590400007
831,11,2020,9,4,17,3,5,3,1,1,0,0,0,0,0,0,8.844863171000043,53.04579215100006
832,11,2020,9,6,13,2,5,2,1,1,0,0,0,0,0,0,8.787673017000031,53.087459488000036
833,11,2020,9,3,20,3,0,7,1,0,0,0,0,0,2,0,8.761069020000036,53.11335185900003
834,12,2020,9,2,12,2,8,1,1,0,0,0,0,0,0,0,8.574749335000035,53.516347652000036
835,11,2020,10,2,19,3,5,3,1,1,0,0,0,0,2,0,8.796611101000053,53.08925009500007
836,11,2020,9,3,16,3,5,3,1,0,0,1,0,0,0,0,8.58350120700004,53.21436870200006
837,12,2020,9,5,10,3,6,4,1,0,1,0,0,0,0,0,8.585853746000055,53.55901684400004
838,11,2020,9,3,19,3,3,6,1,0,0,0,0,0,1,0,8.86091304300004,53.049706968000066
839,12,2020,9,1,10,3,5,3,1,1,0,0,0,0,0,0,8.58842941000006,53.53483999600007
840,11,2020,10,3,7,3,4,6,1,0,0,0,0,0,0,0,8.837131163000038,53.09071395600006
841,11,2020,9,3,10,3,0,7,1,0,0,0,0,0,0,0,8.868781140000067,53.07426230000004
842,11,2020,10,7,15,3,5,3,1,1,0,0,0,0,0,0,8.77012147000005,53.07228708000008
843,11,2020,10,4,15,3,5,2,1,1,0,0,0,0,0,0,8.877617521000047,53.08030705900006
844,11,2020,10,5,13,3,0,7,1,0,0,0,0,0,0,0,8.917846023000038,53.10063603200007
845,11,2020,10,6,14,3,3,3,1,1,0,0,0,0,0,0,8.83733643200003,53.07682551000005
846,11,2020,10,6,9,3,5,2,1,1,0,0,0,0,0,0,8.769270181000024,53.110751175000075
847,11,2020,9,3,19,3,3,6,1,0,0,0,0,0,0,0,8.910200897000038,53.071318836000046
848,11,2020,10,6,14,3,5,3,1,1,0,0,0,0,0,0,8.884171220000042,53.06363215500005
849,11,2020,9,3,22,3,5,2,1,1,0,0,0,0,2,0,8.801319751000051,53.071491870000045
850,11,2020,10,3,23,3,0,7,1,0,0,0,0,0,2,1,8.875191958000073,53.08230477600006
851,11,2020,9,3,18,3,5,3,1,1,0,0,0,0,0,0,8.892512876000069,53.047624545000076
852,11,2020,10,4,19,3,0,7,1,0,0,0,0,0,2,1,8.870740427000044,53.09130594000004
853,11,2020,10,5,10,3,3,6,1,0,0,0,0,0,0,0,8.917613392000021,53.121887342000036
854,11,2020,9,3,10,2,0,3,1,1,0,0,0,0,0,0,8.58855959300007,53.18296137100003
855,12,2020,9,4,13,2,0,7,1,0,0,0,0,0,0,0,8.553027517000032,53.57909385200003
856,11,2020,10,3,20,3,3,6,1,0,0,0,0,0,2,0,8.824442039000076,53.06891728100004
857,11,2020,9,3,9,2,5,2,1,1,0,0,0,0,0,0,8.61424433700006,53.176241135000055
858,12,2020,9,6,14,3,5,3,1,1,0,0,0,0,0,0,8.582547261000059,53.53680379900004
859,12,2020,9,2,13,3,5,3,1,1,0,0,0,0,0,0,8.593627901000048,53.56170935600005
860,11,2020,9,3,17,3,5,3,1,1,0,0,0,0,0,0,8.76684073000007,53.07125900300008
861,12,2020,10,2,16,3,6,7,1,0,1,0,0,0,0,0,8.586316445000023,53.53129186800004
862,11,2020,9,5,7,3,0,3,1,1,0,0,0,0,0,0,8.71529590800003,53.05227619200008
863,11,2020,9,3,19,3,0,5,1,1,0,0,0,0,2,0,8.790486042000055,53.09487427100004
864,11,2020,10,2,16,2,5,3,1,1,0,0,0,0,0,0,8.876541807000024,53.08104399400003
865,12,2020,9,5,13,3,5,3,1,1,0,0,0,0,0,0,8.586624154000049,53.536663074000046
866,11,2020,10,5,12,3,6,3,1,0,1,0,0,0,0,1,8.803257512000073,53.08023912400006
867,11,2020,9,7,23,3,0,7,1,1,0,0,0,0,0,1,8.75336002900002,53.120903586000054
868,11,2020,10,2,13,3,0,7,1,0,0,0,0,0,0,1,8.821666721000042,53.072797139000045
869,11,2020,9,6,10,3,5,3,1,1,0,0,0,0,0,0,8.616963850000047,53.18416670300007
870,11,2020,10,5,14,2,6,6,1,0,1,0,0,0,0,1,8.660544259000062,53.17505692300006
871,11,2020,9,2,12,3,6,4,1,0,1,0,0,0,0,0,8.734523222000064,53.04357917700003
872,12,2020,10,7,14,3,5,3,1,1,0,0,0,0,0,0,8.591364471000077,53.58122872200005
873,11,2020,10,2,15,3,0,7,1,0,0,0,0,0,0,0,8.816285238000034,53.10003255100003
874,11,2020,9,4,15,3,0,7,1,0,0,0,0,0,0,0,8.897030374000053,53.04271187900008
875,11,2020,10,6,17,3,5,2,1,1,0,0,0,0,0,0,8.847687879000034,53.09314510200005
876,12,2020,8,2,22,3,5,3,1,1,0,0,0,0,2,0,8.56535862100003,53.56097786700008
877,11,2020,9,7,18,3,4,6,1,0,0,0,0,1,0,1,8.682800997000072,53.16651097100004
878,11,2020,9,3,11,3,5,2,1,0,0,0,0,0,0,0,8.804782222000028,53.08381778800003
879,11,2020,10,6,16,3,5,2,1,1,0,0,0,0,0,0,8.704384742000059,53.15603481100004
880,12,2020,8,2,8,3,4,6,1,1,0,0,0,0,0,0,8.579550654000059,53.592788049000035
881,12,2020,9,5,14,3,6,4,1,0,1,0,0,0,0,0,8.585927190000064,53.55955473300003
882,12,2020,9,3,6,3,5,3,1,1,0,0,0,0,1,0,8.597060631000033,53.57525788500004
883,11,2020,9,2,8,3,5,3,1,1,0,0,0,0,0,0,8.825019262000069,53.08458045100008
884,11,2020,10,7,13,2,0,7,1,0,0,0,0,0,0,1,8.896308591000036,53.07925983200005
885,12,2020,8,2,12,3,5,3,1,1,0,0,0,0,0,0,8.601812577000032,53.570264896000026
886,11,2020,9,6,9,3,5,7,1,0,0,0,0,1,0,0,8.806093452000027,53.087641759000064
887,11,2020,9,4,17,2,0,1,1,0,0,0,0,0,0,0,8.676748277000058,53.165619022000044
888,11,2020,10,7,13,2,1,5,1,1,0,0,0,0,0,0,8.840425043000039,53.06785638700006
889,11,2020,9,4,15,3,5,3,1,0,0,0,0,0,0,0,8.784578367000051,53.103018890000044
890,11,2020,10,4,8,3,1,5,1,1,0,0,0,0,0,0,8.806968458000028,53.07378788300008
891,11,2020,9,6,15,3,4,6,1,1,0,0,0,0,0,0,8.755127455000036,53.11990164400004
892,12,2020,10,4,14,3,8,1,1,0,0,0,0,0,0,1,8.549170935000063,53.580599677000066
893,11,2020,10,6,7,3,5,2,1,1,0,0,0,0,0,1,8.759736390000057,53.12428138000007
894,11,2020,8,2,15,3,0,7,1,0,0,0,0,0,0,0,8.832773444000054,53.07746947500004
895,11,2020,9,5,14,2,3,7,1,0,0,0,0,0,0,0,8.757580422000046,53.08222842500004
896,11,2020,8,2,17,3,6,4,1,0,1,0,0,0,0,0,8.801894940000068,53.07927075100008
897,11,2020,10,6,9,3,5,3,1,1,0,0,0,0,0,0,8.560569111000063,53.20169026100007
898,11,2020,10,5,11,2,5,3,1,0,0,0,0,0,0,0,8.740746201000036,53.04698406400007
899,11,2020,8,2,19,2,5,3,1,1,0,0,0,0,1,0,8.851441688000023,53.06339306700005
900,11,2020,9,3,13,3,1,5,1,1,0,0,0,0,0,0,8.810666444000049,53.08085163700008
901,11,2020,10,3,8,3,0,7,1,0,0,0,0,0,0,0,8.899178318000054,53.07619755200005
902,11,2020,9,1,4,3,3,6,1,0,0,0,0,1,2,0,8.717923775000031,53.05660646500007
903,12,2020,9,5,20,3,5,3,1,1,0,0,0,0,2,0,8.598350469000025,53.487244909000026
904,11,2020,10,3,16,3,5,2,1,1,0,0,0,0,0,1,8.793733905000067,53.06635940500007
905,11,2020,10,5,16,3,5,7,1,1,0,0,0,0,0,0,8.75167493400005,53.16395986400005
906,11,2020,9,6,17,3,1,3,1,1,0,0,0,0,0,0,8.815867852000054,53.08111435200004
907,12,2020,9,2,16,3,5,3,1,1,0,0,0,0,0,0,8.591796341000077,53.58054402300007
908,11,2020,10,2,10,3,5,2,1,1,0,0,0,0,0,0,8.677834321000034,53.16899306200003
909,11,2020,10,2,20,3,1,5,1,1,0,0,0,0,2,0,8.857112633000042,53.08264922600006
910,12,2020,9,6,7,3,5,3,1,1,0,0,0,0,0,1,8.607594121000034,53.53525374800006
911,11,2020,9,4,8,2,5,3,1,1,0,0,0,0,0,0,8.777108304000024,53.10661124200004
912,11,2020,10,7,17,3,5,3,1,1,0,0,0,0,1,0,8.949750785000049,53.06418830400003