,UKREIS,UJAHR,UMONAT,UWOCHENTAG,USTUNDE,UKATEGORIE,UART,UTYP1,IstRad,IstPKW,IstFuss,IstKrad,IstGkfz,IstSonstig,ULICHTVERH,STRZUSTAND,longitude,latitude
913,11,2020,9,3,13,3,5,3,1,1,0,0,0,0,0,0,8.766848770000024,53.071260636000034
914,11,2020,10,2,7,3,0,3,1,1,0,0,0,0,0,1,8.87474787800005,53.10125540900003
915,11,2020,9,5,17,3,5,3,1,1,0,0,0,0,0,0,8.716612263000059,53.05651761100006
916,11,2020,10,2,16,3,5,2,1,1,0,0,0,0,0,0,8.78537387700004,53.102436709000074
917,11,2020,10,5,21,3,0,1,1,0,0,0,0,0,2,1,8.818272769000032,53.095521620000056
918,11,2020,9,3,17,3,5,3,1,0,0,0,0,1,0,0,8.82513254500003,53.08436527100008
919,11,2020,10,2,2,3,5,3,1,1,0,0,0,0,2,0,8.833541223000054,53.07062252900005
920,11,2020,9,6,10,2,4,2,1,1,0,0,0,0,0,0,8.878554999000073,53.078952988000026
921,11,2020,10,1,15,2,3,6,1,0,0,0,0,0,0,0,8.78769765900006,53.06575317000005
922,11,2020,10,6,18,3,4,6,1,1,0,0,0,0,1,0,8.85724422100003,53.137051245000066
923,11,2020,9,4,8,2,5,2,1,1,0,0,0,0,0,0,8.825131115000033,53.08448726600005
924,11,2020,9,2,18,3,0,7,1,0,0,0,0,0,0,0,8.819203404000064,53.04452101900006
925,12,2020,10,7,11,3,5,3,1,1,0,0,0,0,0,0,8.611135801000046,53.58844117000007
926,12,2020,11,4,8,2,3,6,1,1,0,0,0,0,0,0,8.57857399900007,53.56063496100006
927,12,2020,11,4,12,3,0,7,1,0,0,0,0,0,0,0,8.598449428000038,53.505839267000056
928,11,2020,12,7,16,3,2,6,1,0,0,0,0,0,1,0,8.785202913000035,53.102312985000026
929,11,2020,10,7,23,3,6,7,1,0,1,0,0,0,2,1,8.841174394000063,53.095746157000065
930,11,2020,11,4,15,3,5,2,1,1,0,0,0,0,0,0,8.95044979000005,53.057933939000065
931,11,2020,11,4,17,3,3,2,1,1,0,0,0,0,2,0,8.919938944000023,53.05958313700006
932,11,2020,10,7,11,3,6,4,1,0,1,0,0,0,0,0,8.883085669000025,53.07410637500004
933,11,2020,12,3,6,3,0,7,1,0,0,0,0,0,2,0,8.884348844000044,53.07188835100004
934,11,2020,11,4,8,3,4,6,1,1,0,0,0,1,0,0,8.893415566000044,53.11047370800003
935,11,2020,12,6,13,3,5,3,1,1,0,0,0,0,0,0,8.817668927000057,53.07848884500004
936,12,2020,11,3,14,1,5,2,1,0,0,0,1,0,0,0,8.602817174000052,53.48733432100005
937,11,2020,11,3,14,3,3,6,1,0,0,0,0,0,0,0,8.858190369000056,53.136275829000056
938,11,2020,11,3,16,3,5,2,1,0,0,0,0,1,0,0,8.801814427000068,53.067810517000055
939,11,2020,12,3,12,2,0,1,1,0,0,0,0,0,0,1,8.630328488000032,53.15650516000005
940,11,2020,11,3,14,3,2,6,1,0,0,0,0,0,0,0,8.88791264100007,53.10913232000007
941,11,2020,12,3,9,3,5,3,1,1,0,0,0,0,1,1,8.873649509000074,53.079012257000045
942,11,2020,12,5,9,3,5,3,1,0,0,1,0,0,0,1,8.856239215000073,53.08890613500006
943,11,2020,11,3,7,3,5,3,1,1,0,0,0,0,0,1,8.88923466500006,53.08635428000008
944,11,2020,12,3,20,3,5,3,1,1,0,0,0,0,2,1,8.817797988000052,53.083544560000064
945,11,2020,11,3,14,3,5,3,1,1,0,0,0,0,0,0,8.899281444000053,53.04281322800006
946,11,2020,12,6,13,3,5,2,1,1,0,0,0,0,0,0,8.914080055000056,53.06823841500005
947,11,2020,11,3,14,3,1,5,1,1,0,0,0,0,0,0,8.57237531800007,53.19756441700008
948,11,2020,12,2,21,2,5,3,1,1,0,0,0,0,2,0,8.887900240000022,53.06677208800005
949,12,2020,10,6,15,3,2,6,1,1,0,0,0,0,0,1,8.596964645000071,53.505234597000026
950,11,2020,11,6,15,3,5,3,1,1,0,0,0,0,0,0,8.853475455000023,53.09352771300007
951,11,2020,12,3,14,3,4,6,1,1,0,0,0,0,0,1,8.86257800900006,53.099323696000056
952,11,2020,12,2,17,3,5,2,1,1,0,0,0,0,2,1,8.81952274200006,53.08055385100005
953,12,2020,12,3,13,3,5,3,1,1,0,0,0,0,0,0,8.572450092000054,53.56043152600006
954,11,2020,10,6,14,3,5,3,1,1,0,0,0,0,0,1,8.79279976500004,53.06908985100006
955,11,2020,11,2,16,3,5,3,1,1,0,0,0,0,1,0,8.90261070200006,53.12673453300005
956,11,2020,12,2,7,3,5,2,1,1,0,0,0,0,0,0,8.872885929000063,53.09133656900008
957,11,2020,12,5,15,3,5,2,1,1,0,0,0,0,0,0,8.890125156000067,53.084254592000036
958,11,2020,11,2,9,2,0,7,1,0,0,0,0,0,0,0,8.783936168000025,53.07573234600005
959,11,2020,12,7,13,3,5,3,1,1,0,0,0,0,0,1,8.752174297000067,53.11278764800005
960,11,2020,11,6,13,3,5,3,1,1,0,0,0,0,0,0,8.736718794000069,53.133665964000045
961,11,2020,12,6,9,3,0,1,1,0,0,0,0,0,0,1,8.61802128200003,53.17457736400007
962,12,2020,11,1,16,3,0,7,1,0,0,0,0,0,1,0,8.551458385000046,53.579706703000056
963,11,2020,12,6,10,3,0,7,1,0,0,0,0,0,0,0,8.893156397000041,53.11447197800004
964,11,2020,12,5,10,2,0,7,1,0,0,0,0,0,0,1,8.823235856000053,53.07632763500004
965,11,2020,11,7,23,2,0,7,1,0,0,0,0,0,2,1,8.847903288000055,53.08673613700006
966,11,2020,11,7,12,2,0,7,1,0,0,0,0,0,0,1,8.809089309000058,53.08327192200005
967,11,2020,12,5,13,3,3,2,1,1,0,0,0,0,0,0,8.782186376000027,53.06680404400004
968,11,2020,12,4,17,3,5,3,1,1,0,0,0,0,2,1,8.81219225500007,53.08977068000007
969,11,2020,10,6,13,3,2,6,1,0,0,0,0,0,0,1,8.786211877000028,53.10306303600004
970,11,2020,11,6,14,3,5,2,1,1,0,0,0,0,0,1,8.93514366200003,53.05875462000006
971,11,2020,11,6,15,3,5,3,1,1,0,0,0,0,0,0,8.824888135000037,53.08464467400006
972,11,2020,11,6,9,3,5,3,1,1,0,0,0,0,0,0,8.769569889000024,53.11314014300007
973,11,2020,12,3,8,3,0,1,1,0,0,0,0,0,0,1,8.776314371000069,53.10461285300005
974,11,2020,10,6,14,3,4,7,1,1,0,0,0,0,0,1,8.755490063000025,53.12023677600007
975,11,2020,11,6,12,3,5,2,1,1,0,0,0,0,0,1,8.847899040000073,53.05054101500008
976,12,2020,11,5,6,3,6,7,1,0,1,0,0,0,2,1,8.623169486000052,53.59104271600006
977,11,2020,11,5,12,3,0,3,1,1,0,0,0,1,0,1,8.83792064100004,53.07186929300008
978,11,2020,12,2,14,2,0,7,1,1,0,0,0,0,0,0,8.60702370100006,53.17622703200004
979,11,2020,12,2,15,3,5,3,1,1,0,0,0,0,2,1,8.880669365000074,53.10167745400008
980,11,2020,12,5,10,3,5,3,1,1,0,0,0,0,0,0,8.79975644700005,53.07048181000005
981,11,2020,11,4,10,3,5,3,1,1,0,0,0,0,0,0,8.68840401600005,53.169673311000054
982,11,2020,12,7,18,3,4,2,1,1,0,0,0,0,2,1,8.796999142000061,53.076438722000034
983,11,2020,11,5,18,3,5,3,1,1,0,0,0,0,2,0,8.89322954100004,53.04714236700005
984,11,2020,11,4,15,3,3,2,1,1,0,0,0,0,0,0,8.843078930000047,53.055550700000026
985,11,2020,11,3,12,3,5,3,1,0,0,0,0,1,0,1,8.807564226000068,53.099700994000045
986,11,2020,11,3,5,3,6,6,1,0,1,0,0,0,2,1,8.887777923000044,53.07154244900005
987,11,2020,12,7,13,3,6,7,1,0,1,0,0,0,0,0,8.803113962000054,53.06975945600004
988,11,2020,11,5,7,3,8,1,1,0,0,0,0,0,1,0,8.910608646000071,53.09612776300003
989,11,2020,11,3,14,2,5,3,1,1,0,0,0,0,0,1,8.732396383000037,53.05828949600004
990,11,2020,12,3,13,3,0,7,1,1,0,0,0,0,0,1,8.821958782000024,53.07282332700004
991,11,2020,11,3,12,3,5,3,1,1,0,0,0,0,0,1,8.882065003000037,53.106725261000065
992,11,2020,12,4,16,3,5,2,1,0,0,0,1,0,1,0,8.78401337400004,53.07568006200006
993,11,2020,11,3,18,3,0,7,1,0,0,0,0,0,2,0,8.844713113000068,53.076640016000056
994,11,2020,11,3,14,3,5,3,1,1,0,0,0,0,0,1,8.827366961000052,53.07983425700007
995,11,2020,11,3,14,3,5,2,1,1,0,0,0,0,0,1,8.875258710000026,53.08230765500008
996,11,2020,12,3,10,3,1,5,1,1,0,0,0,0,0,1,8.830323804000045,53.07162267500007
997,11,2020,11,2,8,2,0,7,1,0,0,0,0,0,0,0,8.807333623000034,53.07416914000004
998,12,2020,12,6,11,3,5,2,1,0,0,0,1,0,0,0,8.608823739000059,53.59076824500005
999,11,2020,11,6,15,3,5,3,1,1,0,0,0,0,0,0,8.765218448000041,53.12728042400005
1000,11,2020,10,5,16,3,5,3,1,1,0,0,0,0,0,0,8.73606176800007,53.044686838000075
1001,11,2020,12,3,8,3,5,3,1,1,0,0,0,0,1,1,8.84031879500003,53.081501005000064
1002,11,2020,12,5,18,2,0,7,1,0,0,0,0,0,2,1,8.579124170000057,53.18331180100006
1003,11,2020,10,5,10,3,0,7,1,0,0,0,0,0,0,1,8.864134618000037,53.094353341000044
1004,11,2020,11,6,15,3,4,7,1,0,0,0,0,0,0,1,8.850197605000062,53.026153660000034
1005,11,2020,11,2,11,3,5,3,1,1,0,0,0,0,0,1,8.892092866000041,53.04797132700003
1006,11,2020,11,6,9,3,1,7,1,1,0,0,0,0,0,0,8.798019198000077,53.06382873700005
1007,11,2020,11,6,18,3,4,3,1,0,0,0,0,1,2,1,8.844197757000074,53.07549602100005
1008,11,2020,11,6,8,2,5,3,1,1,0,0,0,0,0,0,8.886633913000026,53.07918298000004
1009,11,2020,12,2,8,3,5,3,1,1,0,0,0,0,1,1,8.87010131900007,53.080677199000036
1010,11,2020,12,3,7,3,5,3,1,1,0,0,0,0,1,1,8.964151043000072,53.06231653200007
1011,11,2020,10,5,8,3,2,7,1,1,0,0,0,0,0,1,8.817053963000035,53.078797304000034
1012,11,2020,12,4,15,3,0,7,1,1,0,0,0,0,0,0,8.838819338000064,53.08046588500008
1013,11,2020,12,2,7,3,5,3,1,1,0,0,0,0,1,0,8.823669284000061,53.07797771700007
1014,11,2020,11,5,16,3,5,3,1,1,0,0,0,0,1,1,8.929521398000077,53.05907322300004
1015,11,2020,12,5,8,2,0,1,1,0,0,0,0,0,1,1,8.793346507000024,53.08870488600007
1016,11,2020,11,5,16,3,4,6,1,1,0,0,0,0,1,1,8.864457901000037,53.09942976600007
1017,11,2020,10,5,11,3,0,1,1,0,0,0,0,0,0,0,8.879817982000077,53.10160442800003
1018,11,2020,12,6,12,3,3,6,1,1,0,0,0,0,0,0,8.823034516000064,53.02712427500006
1019,12,2020,11,4,21,3,5,3,1,1,0,0,0,0,2,1,8.598889463000035,53.57332311700003
1020,11,2020,11,1,16,3,5,3,1,1,0,0,0,0,2,0,8.711028057000021,53.14316943100005
1021,11,2020,11,4,11,3,1,5,1,1,0,0,0,0,0,1,8.83792072700004,53.07675120500005
1022,11,2020,11,4,6,3,0,3,1,1,0,0,0,0,2,1,8.846923631000038,53.04830382000006
1023,11,2020,11,4,11,2,0,7,1,0,0,0,0,0,0,1,8.77403380800007,53.09971481400004
1024,11,2020,11,4,12,3,0,1,1,0,0,0,0,0,0,1,8.834780842000043,53.07039052700003
1025,11,2020,12,6,11,2,4,2,1,1,0,0,0,0,0,1,8.625126753000075,53.17965702300006
1026,12,2020,11,3,11,2,0,7,1,0,0,0,0,0,0,0,8.59351539000005,53.57330575300006
1027,11,2020,12,6,13,3,8,1,1,0,0,0,0,0,0,0,8.771570815000075,53.078177218000064
1028,11,2020,10,5,11,3,5,3,1,1,0,0,0,0,0,0,8.79748106900007,53.080592945000035
1029,11,2020,11,3,7,3,1,7,1,1,0,0,0,0,1,0,8.824708380000061,53.084124270000075
1030,11,2020,10,5,18,3,2,7,1,1,0,0,0,0,2,1,8.799588122000046,53.094621748000066
1031,11,2020,11,3,7,3,2,6,1,0,0,1,0,0,0,0,8.624434390000033,53.17716715200004
1032,11,2020,10,5,8,3,0,7,1,0,0,0,0,0,0,1,8.836208437000039,53.091051494000055
1033,11,2020,12,5,8,3,3,2,1,0,0,0,1,0,0,1,8.837396541000032,53.037840147000054
1034,11,2020,11,3,9,2,5,2,1,1,0,0,0,0,0,0,8.881506265000041,53.09698512700004
1035,11,2020,12,3,18,3,5,3,1,1,0,0,0,0,2,1,8.635994058000051,53.17127906600007
1036,11,2020,12,4,10,3,2,2,1,1,0,0,0,0,0,0,8.825126957000066,53.08435084800004
1037,11,2020,12,3,20,3,0,3,1,1,0,0,0,0,2,0,8.78843544800003,53.09395809400007
1038,11,2020,12,4,7,3,0,7,1,1,0,0,0,0,2,0,8.79236452300006,53.100760939000054
1039,11,2020,11,1,15,2,0,7,1,0,0,0,0,0,0,0,8.873389907000046,53.07783680300008
1040,11,2020,11,7,17,3,5,3,1,0,0,0,0,1,2,0,8.825220674000036,53.084411584000065
1041,11,2020,12,2,7,3,5,2,1,0,0,0,0,1,2,1,8.846761056000048,53.068350603000056
1042,11,2020,10,4,12,3,5,2,1,1,0,0,0,0,0,0,8.94612442700003,53.04871356800004
1043,11,2020,12,6,17,3,5,2,1,1,0,0,0,0,2,0,8.819083617000047,53.08026511300005
1044,11,2020,12,2,11,3,5,3,1,1,0,0,0,0,0,0,8.931810771000073,53.04111863500003
1045,11,2020,10,4,8,3,0,7,1,0,0,0,0,0,0,0,8.822478216000036,53.05411422700007
1046,11,2020,11,6,13,3,2,6,1,1,0,0,0,0,0,0,8.812536579000039,53.05910660200004
1047,11,2020,12,2,19,3,0,1,1,0,0,0,0,0,1,0,8.621188117000031,53.18400926800007
1048,11,2020,11,6,12,3,6,4,1,0,1,0,0,0,0,0,8.916011118000029,53.070875175000026
1049,12,2020,11,5,6,3,5,3,1,1,0,0,0,0,2,0,8.594481702000053,53.53147863000004
1050,11,2020,11,5,11,3,9,7,1,0,0,0,0,0,0,0,8.78971143900003,53.100787628000035
1051,11,2020,12,6,12,3,5,3,1,1,0,0,0,0,0,1,8.782158706000075,53.07563825200003
1052,12,2020,12,7,8,3,0,1,1,0,0,0,0,0,1,2,8.619219198000053,53.58884478200008
1053,11,2020,11,5,8,3,3,2,1,1,0,0,0,0,1,0,8.83841755900005,53.08216490800004
1054,11,2020,12,2,18,2,1,7,1,1,0,0,0,0,2,1,8.801091124000038,53.06830009400005
1055,12,2020,12,4,7,3,5,3,1,1,0,0,0,0,2,0,8.632243145000075,53.53073466300003
1056,11,2020,11,4,14,3,5,3,1,1,0,0,0,0,0,0,8.871639986000048,53.06228849300004
1057,11,2020,12,6,14,2,0,1,1,0,0,0,0,0,0,2,8.630639531000043,53.15689061100005
1058,11,2020,11,4,16,3,5,3,1,0,0,0,0,0,1,0,8.802610301000072,53.07037679900003
1059,11,2020,12,6,7,3,5,1,1,1,0,0,0,0,1,1,8.90967746900003,53.09653014400004
1060,11,2020,11,5,14,3,5,3,1,1,0,0,0,0,0,1,8.649191295000037,53.17244534400004
1061,11,2020,12,4,16,3,0,7,1,0,0,0,0,0,1,1,8.833342608000066,53.094522452000035
1062,11,2020,11,4,8,3,4,3,1,1,0,0,0,0,0,0,8.789296286000024,53.07101058500007
1063,11,2020,12,7,21,3,5,2,1,1,0,0,0,0,2,1,8.758855105000066,53.11599337100006
1064,11,2020,10,4,7,3,5,2,1,0,0,0,0,0,0,1,8.871780968000053,53.10185336600006
1065,11,2020,10,4,7,3,5,3,1,1,0,0,0,0,0,0,8.932739813000069,53.065142871000035
1066,11,2020,11,4,8,3,5,2,1,1,0,0,0,0,0,0,8.763564252000037,53.108984457000076
1067,11,2020,12,4,12,3,2,6,1,1,0,0,0,0,0,0,8.572733287000062,53.18624706400004
1068,12,2020,11,3,7,3,5,2,1,1,0,0,0,0,1,0,8.563729719000037,53.58865322300005
1069,11,2020,12,6,14,3,5,3,1,1,0,0,0,0,0,0,8.878867335000052,53.05719409100004
1070,12,2020,10,3,12,3,0,6,1,0,0,0,0,1,0,0,8.586201238000058,53.56226311000006
1071,11,2020,11,3,14,3,5,2,1,1,0,0,0,0,0,0,8.818183126000065,53.03881443900008
1072,11,2020,11,3,13,3,5,3,1,0,0,0,1,0,0,0,8.788931191000074,53.09770821300003
1073,11,2020,11,3,16,3,3,6,1,0,0,0,0,0,0,1,8.801448444000073,53.08083970100006
1074,11,2020,11,3,15,2,5,3,1,1,0,0,0,0,0,0,8.806379296000046,53.06508305800003
1075,11,2020,12,3,7,2,4,6,1,0,0,0,0,1,2,1,8.814054247000058,53.10041208400003
1076,11,2020,11,3,8,3,5,3,1,0,0,0,1,0,0,0,8.824541208000028,53.08418587800003
1077,11,2020,12,4,16,2,5,2,1,0,0,0,1,0,2,0,8.795764637000048,53.05615565200003
1078,11,2020,10,3,11,3,1,5,1,1,0,0,0,0,0,0,8.784861240000055,53.09738206900005
1079,11,2020,11,3,16,3,5,3,1,1,0,0,0,0,1,0,8.882065374000035,53.07909761900004
1080,11,2020,11,3,14,3,4,2,1,1,0,0,0,0,0,0,8.866623122000021,53.06223142200008
1081,11,2020,12,5,20,3,5,7,1,1,0,0,0,0,2,1,8.801594228000056,53.07090885100007
1082,11,2020,11,2,9,3,5,2,1,1,0,0,0,0,0,1,8.901885888000038,53.08848341300006
1083,11,2020,11,2,5,3,5,2,1,1,0,0,0,0,2,0,8.880685605000053,53.10168665100008
1084,11,2020,11,2,11,3,0,1,1,0,0,0,0,0,0,1,8.837337016000049,53.07682693800007
1085,11,2020,12,3,16,3,3,2,1,1,0,0,0,0,2,1,8.825141642000062,53.08449631800005
1086,11,2020,10,3,12,3,6,6,1,0,1,0,0,0,0,0,8.829222377000065,53.07290434200007
1087,11,2020,11,2,10,3,5,3,1,1,0,0,0,0,0,1,8.738672605000033,53.055608102000065
1088,11,2020,11,2,18,2,0,7,1,0,0,0,0,0,2,1,8.691195353000069,53.168599123000035
1089,11,2020,11,2,12,3,0,7,1,0,0,0,0,0,0,0,8.788608535000037,53.070651541000075
1090,11,2020,12,5,12,3,0,7,1,0,0,0,0,0,0,1,8.803433595000058,53.06684823900008
1091,11,2020,11,2,10,3,5,3,1,1,0,0,0,0,0,1,8.876509786000042,53.08103360400003
1092,11,2020,12,3,7,3,5,3,1,1,0,0,0,0,2,1,8.897602756000026,53.05881799500003
1093,11,2020,12,2,10,2,0,7,1,0,0,0,0,0,0,1,8.804850348000059,53.06599255900005
1094,11,2020,11,1,3,3,4,6,1,0,0,0,0,0,2,1,8.856973829000026,53.08535904200005
1095,11,2020,10,3,16,3,5,3,1,1,0,0,0,0,1,1,8.84992365000005,53.08506317800004
1096,12,2020,11,2,14,3,5,3,1,1,0,0,0,0,0,0,8.595402031000049,53.588071236000076
0,11,2021,6,6,11,2,0,7,1,0,0,0,0,0,0,0,8.81773195300002,53.04889244800006
1,11,2021,11,4,7,3,5,2,1,1,0,0,0,0,0,1,8.817518989000064,53.04895137200003
2,11,2021,11,6,17,3,5,3,1,1,0,0,0,0,2,1,8.808258144000035,53.05157471100006
3,12,2021,5,4,13,2,8,1,1,0,0,0,0,0,0,1,8.620820751000053,53.49575157100003
4,11,2021,1,3,14,3,0,7,1,0,0,0,0,0,0,0,8.757785605000038,53.12297625000008
5,11,2021,5,7,15,3,1,5,1,1,0,0,0,0,0,0,8.84128903800007,53.06949786700005
6,11,2021,7,3,19,3,5,2,1,1,0,0,0,0,0,0,8.794515576000038,53.07279659400007
7,11,2021,4,6,20,3,5,3,1,1,0,0,0,0,0,0,8.599086930000055,53.17993349300008
8,11,2021,6,4,8,3,5,3,1,1,0,0,0,0,0,0,8.81092926100007,53.09249339400003
9,11,2021,2,4,20,3,5,3,1,1,0,0,0,0,2,0,8.896314760000053,53.07925962100006
10,11,2021,7,3,16,3,5,2,1,1,0,0,0,0,0,0,8.822625856000059,53.08280883400005
11,11,2021,5,5,14,3,5,3,1,1,0,0,0,0,0,0,8.880370218000053,53.101571524000065
12,11,2021,4,2,19,3,4,6,1,1,0,0,0,0,0,0,8.791546809000067,53.064975625000045
13,11,2021,4,6,15,3,1,5,1,1,0,0,0,0,0,0,8.823117162000074,53.07330507700004
14,11,2021,6,5,19,3,5,3,1,1,0,0,0,0,0,0,8.787015860000054,53.082930919000034
15,11,2021,7,6,18,3,5,3,1,1,0,0,0,0,0,0,8.818083095000077,53.03884639800003
16,12,2021,4,5,17,3,5,3,1,1,0,0,0,0,0,0,8.618477849000044,53.58956760400008
17,11,2021,4,2,9,3,5,3,1,1,0,0,0,0,0,0,8.740809898000066,53.129310134000036
18,11,2021,1,6,2,3,0,7,1,0,0,0,0,0,2,1,8.885679123000045,53.05897797400007
19,11,2021,6,5,15,3,5,3,1,1,0,0,0,0,0,0,8.831995403000064,53.07749970700007
20,12,2021,5,7,15,3,8,1,1,0,0,0,0,0,0,0,8.585554770000044,53.56666982100006
21,11,2021,3,4,12,3,0,7,1,0,0,0,0,0,0,0,8.850649959000066,53.08532413000006
22,11,2021,6,2,11,3,5,3,1,1,0,0,0,0,0,0,8.818129502000033,53.07773043200007
23,11,2021,5,1,10,3,0,7,1,0,0,0,0,0,0,0,8.878952071000072,53.08576223600005
24,11,2021,7,4,15,2,8,1,1,0,0,0,0,0,0,0,8.759753360000047,53.08234754700004
25,11,2021,6,6,23,3,4,1,1,0,1,0,0,0,2,0,8.801503660000037,53.07692092900004
26,11,2021,2,7,11,3,5,3,1,0,0,0,0,0,0,0,8.891204715000072,53.13209022400008
27,11,2021,6,3,17,3,5,3,1,1,0,0,0,0,0,1,8.807286797000074,53.08215219900006
28,12,2021,4,4,16,3,5,3,1,1,0,0,0,0,0,0,8.590897616000063,53.50200225200007
29,11,2021,6,5,21,3,4,6,1,0,0,0,0,1,0,0,8.777861227000074,53.09950166600004
30,12,2021,2,3,16,2,0,1,1,0,0,0,0,0,0,2,8.58571616300003,53.53758366000005
31,12,2021,6,4,10,3,5,3,1,1,0,0,0,0,0,0,8.62150424400005,53.59040044400007
32,12,2021,5,3,18,3,5,3,1,1,0,0,0,0,0,0,8.597938352000028,53.533430407000026
33,11,2021,4,6,16,3,6,4,1,0,1,0,0,0,0,0,8.941380002000074,53.06738034800003
34,11,2021,6,7,16,3,0,3,1,0,0,0,0,0,0,0,8.898495644000036,53.077757133000034
35,11,2021,7,6,18,3,4,2,1,1,0,0,0,0,0,0,8.791800113000022,53.07499542200003
36,11,2021,4,3,16,3,4,2,1,1,0,0,0,0,0,0,8.951253866000059,53.06513020700004
37,11,2021,4,7,15,3,4,6,1,1,0,0,0,0,0,0,8.813644830000044,53.09151184600006
38,11,2021,1,6,8,2,5,3,1,1,0,0,0,0,0,1,8.791950943000074,53.08273145100003
39,12,2021,7,5,15,3,5,2,1,1,0,0,0,0,0,0,8.57277358600004,53.550084870000035
40,11,2021,3,2,18,3,1,5,1,1,0,0,0,0,0,0,8.853028144000064,53.089352215000076
41,11,2021,6,3,15,2,6,7,1,0,1,0,0,0,0,0,8.771939459000066,53.093903554000065
42,11,2021,2,1,13,3,4,6,1,1,0,0,0,0,0,0,8.901521365000065,53.11474866000003
43,11,2021,7,7,12,3,3,6,1,0,0,0,0,1,0,0,8.809754042000066,53.072001183000054
44,11,2021,1,3,12,3,5,2,1,1,0,0,0,0,0,1,8.868209414000034,53.06192609800007
45,12,2021,5,2,15,3,5,7,1,1,0,0,0,0,0,1,8.602447830000074,53.52850263700003
46,11,2021,3,5,16,3,3,6,1,1,0,0,0,0,0,0,8.784492406000027,53.09778030700005
47,12,2021,6,5,9,3,5,3,1,1,0,0,0,0,0,0,8.568555023000044,53.56504427900006
48,11,2021,6,5,19,3,0,7,1,1,0,0,0,0,0,1,8.907288024000025,53.078465607000055
49,11,2021,2,4,17,3,5,3,1,1,0,0,0,0,0,1,8.836683893000043,53.07528966600006
50,11,2021,3,2,11,3,5,3,1,1,0,0,0,0,0,0,8.785636503000035,53.070944258000054
51,11,2021,7,5,19,3,2,6,1,0,0,1,0,0,0,0,8.80200530600007,53.07660226100006
52,11,2021,3,2,19,3,1,7,1,1,0,0,0,0,2,0,8.896046341000044,53.111635214000046
53,12,2021,4,4,17,3,5,3,1,1,0,0,0,0,0,0,8.597746182000037,53.57895534600004
54,12,2021,7,1,16,3,5,3,1,1,0,0,0,0,0,0,8.587187063000044,53.53066120900007
55,11,2021,6,4,9,3,5,2,1,1,0,0,0,0,0,0,8.82792366800004,53.08504285600003
56,11,2021,1,5,7,2,5,3,1,0,0,0,0,0,1,1,8.801592952000021,53.07135009800004
57,11,2021,6,2,11,3,5,2,1,1,0,0,0,0,0,0,8.782910517000062,53.08706484100003
58,11,2021,4,4,17,3,5,3,1,1,0,0,0,0,0,0,8.79983462000007,53.07044659600007
59,11,2021,2,6,12,3,0,7,1,0,0,0,0,0,0,0,8.899992874000077,53.12255788300007
60,11,2021,7,4,19,3,0,7,1,1,0,0,0,0,0,0,8.824041929000032,53.084271407000074
61,11,2021,6,5,17,3,5,3,1,1,0,0,0,0,0,0,8.898558352000066,53.11993531300004
62,11,2021,5,2,10,3,5,3,1,1,0,0,0,0,0,0,8.685719552000023,53.17763620800008
63,11,2021,7,5,4,3,1,5,1,1,0,0,0,0,1,0,8.80166614600006,53.09458244500007
64,11,2021,3,3,9,3,5,3,1,1,0,0,0,0,0,0,8.772100096000031,53.09465805800005
65,12,2021,5,5,10,3,1,5,1,1,0,0,0,0,0,1,8.582867004000036,53.55662104800007
66,11,2021,7,2,17,3,1,3,1,0,0,0,0,0,0,0,8.807306418000053,53.08216795100003
67,11,2021,1,2,17,3,5,3,1,1,0,0,0,0,2,1,8.823591752000027,53.044157693000045
68,11,2021,3,4,9,3,5,2,1,1,0,0,0,0,0,0,8.618634372000031,53.17430888200005
69,11,2021,6,3,16,3,5,2,1,1,0,0,0,0,0,0,8.799316044000022,53.083884193000074
70,11,2021,5,2,13,3,5,3,1,0,0,0,0,0,0,0,8.809897911000064,53.07632441700008
71,11,2021,7,5,11,3,0,7,1,0,0,0,0,0,0,0,8.704399989000024,53.15597205200004
72,11,2021,4,7,12,3,0,7,1,0,0,0,0,0,0,0,8.803682951000042,53.07671699600007
73,11,2021,3,2,10,3,6,4,1,0,1,0,0,0,0,0,8.82256293000006,53.07520831100004
74,12,2021,6,1,17,3,8,1,1,0,0,0,0,0,0,0,8.549181583000063,53.58059553000004
75,11,2021,2,6,10,3,5,2,1,1,0,0,0,0,0,0,8.751923988000044,53.12211046200008
76,11,2021,7,6,20,3,5,3,1,0,0,0,0,0,0,0,8.871064571000034,53.06690678900003
77,11,2021,6,3,14,2,4,6,1,0,0,0,0,0,0,0,8.852917999000056,53.06502223000007
78,11,2021,5,2,8,3,5,3,1,1,0,0,0,0,0,1,8.690212142000064,53.17409933000005
79,11,2021,1,2,12,3,0,1,1,0,0,0,0,0,0,1,8.882325735000052,53.06372246500007
80,11,2021,6,7,10,3,8,1,1,0,0,0,0,0,0,0,8.698028288000046,53.08441212900004