,UKREIS,UJAHR,UMONAT,UWOCHENTAG,USTUNDE,UKATEGORIE,UART,UTYP1,IstRad,IstPKW,IstFuss,IstKrad,IstGkfz,IstSonstig,ULICHTVERH,STRZUSTAND,longitude,latitude
81,11,2021,6,5,17,3,1,7,1,1,0,0,0,0,0,1,8.846065278000026,53.05033325000005
82,12,2021,2,6,19,3,5,3,1,1,0,0,0,0,2,0,8.589723081000045,53.566864475000045
83,11,2021,3,6,16,3,5,3,1,1,0,0,0,0,0,1,8.88035488600002,53.082405136000034
84,11,2021,7,5,17,3,0,7,1,0,1,0,0,0,0,1,8.867736557000057,53.07257164100008
85,11,2021,7,2,10,3,0,1,1,0,0,0,0,0,0,0,8.796770869000056,53.06841858700005
86,11,2021,6,3,7,3,5,3,1,0,0,0,0,0,0,0,8.817401521000022,53.09834042600005
87,12,2021,6,1,2,3,8,1,1,0,0,0,0,0,2,0,8.581431193000071,53.567131697000036
88,12,2021,6,5,16,3,5,3,1,1,0,0,0,0,0,0,8.605961494000042,53.591029124000045
89,11,2021,5,2,16,3,1,3,1,1,0,0,0,0,0,0,8.96380197700006,53.05750180000007
90,11,2021,6,3,21,3,5,3,1,1,0,0,0,0,0,0,8.877635371000054,53.08028825300005
91,11,2021,7,5,22,3,4,6,1,1,0,0,0,0,2,0,8.729424893000044,53.03948782300006
92,11,2021,3,4,15,3,0,7,1,0,0,0,0,0,0,0,8.839645172000075,53.07227057000006
93,11,2021,6,2,14,3,0,7,1,0,0,0,0,0,0,0,8.852475821000041,53.07357876200007
94,11,2021,1,3,8,3,5,3,1,1,0,0,0,0,0,1,8.854290825000021,53.08248335500008
95,11,2021,4,6,9,3,5,7,1,1,0,0,0,0,0,0,8.757354682000027,53.117417344000046
96,11,2021,7,4,16,3,5,3,1,1,0,0,0,0,0,0,8.885370813000065,53.034570090000045
97,11,2021,6,4,8,3,5,3,1,0,0,0,0,0,0,0,8.856524685000068,53.08986433600006
98,12,2021,6,4,14,3,5,2,1,1,0,0,0,0,0,0,8.578572984000061,53.56062020500008
99,11,2021,4,4,13,3,5,3,1,1,0,0,0,0,0,1,8.861301094000055,53.02372721300003
100,11,2021,4,6,13,3,0,3,1,1,0,0,0,0,0,0,8.618746480000027,53.17725603700006
101,11,2021,6,7,14,3,5,2,1,1,0,0,0,0,0,0,8.758844230000022,53.11598556300004
102,11,2021,5,4,8,3,4,6,1,0,0,0,0,0,0,0,8.738056597000025,53.054903092000075
103,11,2021,2,1,16,3,0,7,1,0,0,0,0,0,0,0,8.801305669000044,53.07705510200003
104,11,2021,7,7,17,3,5,3,1,1,0,0,0,0,0,0,8.797177831000056,53.072461848000046
105,12,2021,4,3,11,3,0,7,1,0,0,0,0,0,0,0,8.590771914000072,53.57932569500008
106,11,2021,4,3,13,3,3,6,1,0,0,0,0,0,0,0,8.776779022000028,53.05340580200004
107,11,2021,1,5,15,3,5,3,1,1,0,0,0,0,0,0,8.598481658000026,53.175416314000074
108,12,2021,3,4,17,2,5,3,1,0,0,1,0,0,0,0,8.588743193000028,53.53455906600004
109,11,2021,2,5,15,3,5,2,1,1,0,0,0,0,0,0,8.872256833000051,53.07736444300008
110,11,2021,7,4,17,3,4,6,1,0,0,0,0,1,0,0,8.808659745000057,53.072275466000065
111,11,2021,6,7,19,3,5,3,1,0,0,0,0,0,0,0,8.806088958000032,53.07824866800007
112,11,2021,6,3,16,3,0,7,1,0,0,0,0,0,0,0,8.853353264000077,53.06430918400008
113,12,2021,1,4,7,3,0,7,1,0,0,0,0,0,0,1,8.611141501000077,53.59626468700003
114,11,2021,5,5,14,3,0,7,1,0,1,0,0,0,0,0,8.837210859000038,53.069977433000076
115,11,2021,6,2,17,3,0,5,1,0,0,0,0,0,0,0,8.852729120000049,53.08222281700006
116,11,2021,3,1,18,3,5,3,1,1,0,0,0,0,2,1,8.831069718000037,53.085826025000074
117,11,2021,7,5,13,3,5,3,1,1,0,0,0,0,0,0,8.858298313000034,53.07246151000004
118,11,2021,7,7,13,2,0,7,1,0,0,0,0,0,0,0,8.819723408000073,53.09621930600008
119,11,2021,4,4,17,3,3,2,1,1,0,0,0,0,0,0,8.701906731000065,53.16770983500004
120,11,2021,6,4,7,3,1,3,1,1,0,0,0,0,0,0,8.785446445000048,53.07110383100007
121,11,2021,6,5,22,3,0,7,1,0,0,0,0,0,2,0,8.722387067000057,53.056864430000076
122,12,2021,6,6,13,3,5,3,1,0,0,0,0,0,0,0,8.580166735000034,53.56953968900007
123,11,2021,6,4,18,3,1,6,1,0,0,0,0,1,0,0,8.691257520000022,53.17212108900003
124,11,2021,4,2,16,2,0,7,1,0,0,0,0,0,0,0,8.622548688000052,53.172924626000054
125,11,2021,3,6,15,3,1,5,1,1,0,0,0,0,0,0,8.899532195000063,53.105219573000056
126,11,2021,6,5,13,3,5,3,1,0,0,0,0,0,0,0,8.802683933000026,53.08468608800007
127,11,2021,2,4,15,3,3,6,1,1,0,0,0,0,0,0,8.782039975000032,53.08599007600003
128,11,2021,7,2,16,3,0,7,1,1,0,0,0,0,0,0,8.88080178100006,53.10155879300004
129,11,2021,1,3,20,3,5,3,1,1,0,0,0,0,2,1,8.824431612000069,53.084257480000076
130,11,2021,6,7,11,3,0,7,1,0,0,0,0,0,0,0,8.781542929000068,53.10102992000003
131,11,2021,7,2,4,3,4,2,1,1,0,0,0,0,1,0,8.852215699000055,53.07370123100003
132,11,2021,3,3,15,3,5,2,1,1,0,0,0,0,0,0,8.82504769600007,53.084519389000036
133,11,2021,6,7,21,3,0,7,1,0,0,0,0,1,1,0,8.730037602000039,53.138171131000036
134,12,2021,2,7,14,2,3,6,1,1,0,0,0,0,0,0,8.600158133000036,53.52895066100007
135,11,2021,6,3,16,3,5,3,1,1,0,0,0,0,0,0,8.837105344000065,53.06945514100005
136,12,2021,7,5,14,3,7,7,1,0,0,0,0,0,0,0,8.582312268000067,53.541450679000036
137,11,2021,7,4,15,2,0,7,1,0,0,0,0,0,0,0,8.711605236000025,53.14745663100007
138,11,2021,7,6,11,2,0,7,1,0,0,0,0,0,0,0,8.826984953000022,53.08617202800008
139,11,2021,6,7,17,3,1,1,1,1,0,0,0,0,0,1,8.866286614000046,53.06386271800005
140,11,2021,3,3,10,3,5,3,1,1,0,0,0,0,0,0,8.754165956000065,53.08882533600007
141,11,2021,4,5,17,3,5,3,1,1,0,0,0,0,0,1,8.818109201000027,53.07772651400006
142,11,2021,7,7,11,2,4,6,1,1,0,0,0,0,0,0,8.535816208000028,53.20400589400003
143,11,2021,5,1,18,3,5,3,1,1,0,0,0,0,0,0,8.955894135000051,53.07614346100007
144,11,2021,4,5,18,3,5,3,1,1,0,0,0,0,0,0,8.573061489000054,53.19864624600007
145,11,2021,4,7,12,3,0,7,1,0,0,0,0,0,0,0,8.900678069000037,53.127248060000056
146,11,2021,2,6,7,2,1,5,1,1,0,0,0,0,0,0,8.817855147000046,53.08305366400003
147,12,2021,6,2,8,3,5,2,1,1,0,0,0,0,0,0,8.596510137000053,53.57228079500004
148,11,2021,6,4,12,3,5,3,1,0,0,0,0,0,0,0,8.825151782000034,53.08450503700004
149,11,2021,7,4,21,3,3,7,1,1,0,0,0,0,1,1,8.734073803000058,53.05857985400007
150,11,2021,4,1,11,3,0,4,1,0,0,0,0,1,0,0,8.676366181000049,53.11875007000003
151,11,2021,7,7,20,3,5,3,1,0,0,0,0,1,0,0,8.792059746000064,53.07305788800005
152,11,2021,1,3,7,3,5,3,1,1,0,0,0,0,1,0,8.876043122000056,53.08162148000008
153,11,2021,6,7,21,3,5,2,1,1,0,0,0,0,0,0,8.824267863000046,53.07311867100003
154,11,2021,7,4,8,3,5,3,1,1,0,0,0,0,0,0,8.92382593800005,53.04043179900003
155,11,2021,3,3,16,2,8,1,1,0,0,0,0,0,0,0,8.716525742000044,53.18179672400004
156,11,2021,6,6,10,3,5,3,1,1,0,0,0,0,0,0,8.824560616000042,53.06891366900004
157,12,2021,6,6,12,3,5,3,1,1,0,0,0,0,0,0,8.58614338700005,53.56156785700006
158,12,2021,7,7,19,3,0,7,1,0,0,0,0,0,0,0,8.589079562000052,53.533629690000055
159,11,2021,4,4,19,3,5,3,1,0,0,0,0,0,1,0,8.80314947000005,53.06701762300003
160,11,2021,7,2,16,3,5,2,1,1,0,0,0,0,0,0,8.872446916000058,53.06313034400006
161,11,2021,6,4,12,3,3,6,1,0,0,1,0,0,0,0,8.832184002000076,53.08610413900004
162,11,2021,1,7,12,2,5,3,1,1,0,0,0,0,0,0,8.90096303100006,53.08951766000007
163,11,2021,6,6,15,3,5,3,1,1,0,0,0,0,0,0,8.896912784000051,53.05907193300004
164,11,2021,7,3,12,3,5,2,1,1,0,0,0,0,0,0,8.862525943000037,53.106783964000044
165,11,2021,7,2,13,3,3,2,1,1,0,0,0,0,0,0,8.79948141400007,53.07016460800003
166,11,2021,4,4,14,3,5,3,1,1,0,0,0,0,0,0,8.759916555000075,53.11398675400005
167,11,2021,6,4,9,3,5,3,1,1,0,0,0,0,0,0,8.809590834000062,53.092589144000044
168,11,2021,6,5,12,3,0,6,1,1,0,0,0,0,0,0,8.765102760000048,53.124245915000074
169,11,2021,4,6,23,2,1,7,1,1,0,0,0,0,2,0,8.764190506000034,53.087766275000035
170,11,2021,6,3,8,3,1,7,1,1,0,0,0,0,0,1,8.80630943600005,53.064305912000066
171,11,2021,7,3,9,3,5,3,1,1,0,0,0,0,0,0,8.846508691000054,53.092442419000065
172,11,2021,6,2,5,3,4,6,1,0,0,0,0,0,0,1,8.885840747000032,53.05666471400008
173,11,2021,2,3,17,3,3,6,1,0,0,0,0,0,2,2,8.779125201000056,53.07611155300003
174,11,2021,7,6,11,3,5,3,1,1,0,0,0,0,0,0,8.870247756000026,53.06485454400007
175,12,2021,1,4,17,2,5,2,1,1,0,0,0,0,2,1,8.579857841000035,53.54665690400003
176,11,2021,7,2,11,3,0,7,1,0,0,0,0,1,0,0,8.904778251000039,53.11910170800007
177,11,2021,3,5,16,3,1,7,1,1,0,0,0,0,0,0,8.828645806000054,53.06880200200004
178,11,2021,6,1,15,3,0,3,1,1,0,0,0,0,0,0,8.718589965000035,53.04588712300006
179,11,2021,7,2,7,3,1,7,1,1,0,0,0,0,0,0,8.815246062000028,53.07713919400004
180,11,2021,1,5,5,3,5,3,1,1,0,0,0,0,2,1,8.95132516800004,53.05787926700003
181,12,2021,5,5,15,3,0,7,1,0,0,0,0,0,0,0,8.585909007000055,53.555538984000066
182,11,2021,4,2,18,3,5,3,1,1,0,0,0,0,0,0,8.816896147000023,53.07858441800005
183,11,2021,4,7,15,3,5,3,1,0,0,0,0,0,0,0,8.801530248000063,53.071537515000045
184,11,2021,2,3,6,3,5,2,1,0,0,0,0,1,0,0,8.78143182100007,53.06767019900008
185,11,2021,5,2,6,3,5,2,1,1,0,0,0,0,0,0,8.70215537200005,53.16770641200003
186,12,2021,1,4,15,3,6,4,1,0,1,0,0,0,0,1,8.585893502000033,53.55930636200003
187,11,2021,6,2,5,3,5,3,1,1,0,0,0,0,0,1,8.882850619000067,53.07472067900005
188,11,2021,7,4,11,2,5,3,1,1,0,0,0,0,0,0,8.896447476000048,53.07925509200004
189,12,2021,3,2,7,3,5,3,1,1,0,0,0,0,1,0,8.568137610000065,53.55398790800007
190,11,2021,2,4,12,3,5,3,1,1,0,0,0,0,0,0,8.864971009000044,53.071567248000065
191,11,2021,3,2,17,3,1,7,1,1,0,0,0,0,0,1,8.790431327000022,53.097472064000044
192,11,2021,7,5,21,2,4,6,1,0,0,0,0,1,1,0,8.807210539000039,53.07282824100008
193,11,2021,4,4,18,3,3,6,1,0,0,0,0,0,0,0,8.82959683300004,53.08546306200003
194,11,2021,2,3,9,2,5,3,1,1,0,0,0,0,0,0,8.78052284100005,53.06812686400008
195,11,2021,7,4,8,3,5,3,1,1,0,0,0,0,0,0,8.86021015700004,53.082406467000055
196,11,2021,6,2,18,3,5,3,1,1,0,0,0,0,0,0,8.791446077000046,53.11086268300005
197,11,2021,7,4,16,3,5,3,1,1,0,0,0,0,0,0,8.825079384000048,53.084200734000035
198,11,2021,6,3,17,1,5,3,1,0,0,0,1,0,0,0,8.74026426100005,53.12475687500006
199,12,2021,2,4,18,3,7,1,1,0,0,0,0,0,1,2,8.609875113000044,53.52990537900007
200,11,2021,7,6,17,3,3,6,1,1,0,0,0,0,0,0,8.819735943000069,53.053704810000056
201,11,2021,5,5,13,3,2,7,1,0,0,0,0,1,0,0,8.808826907000025,53.072216215000026
202,11,2021,3,7,19,3,5,3,1,1,0,0,0,0,2,1,8.724075648000053,53.043320547000064
203,11,2021,6,6,7,3,5,3,1,0,0,0,0,0,0,0,8.88933193500003,53.058003221000035
204,11,2021,4,3,10,2,1,5,1,1,0,0,0,0,0,0,8.789806759000044,53.071506629000055
205,11,2021,5,5,17,3,6,4,1,0,1,0,0,0,0,0,8.80692943200006,53.06475751500005
206,11,2021,6,4,12,3,5,3,1,1,0,0,0,0,0,0,8.814842154000075,53.05481198900003
207,11,2021,2,4,7,2,5,3,1,1,0,0,0,0,0,0,8.87895547900007,53.08573362000004
208,12,2021,7,2,13,3,1,3,1,1,0,0,0,0,0,1,8.575202181000066,53.54764080000007
209,12,2021,7,4,12,3,0,7,1,0,0,0,0,0,0,1,8.60546781100004,53.53064975900003
210,11,2021,3,2,14,2,5,3,1,1,0,0,0,0,0,0,8.603792404000046,53.17694773800008
211,11,2021,6,5,8,3,0,1,1,0,0,0,0,0,0,0,8.827073118000044,53.07274551200004
212,11,2021,6,3,17,3,5,3,1,1,0,0,0,0,0,0,8.663387886000066,53.17535709100008
213,11,2021,7,7,12,3,3,6,1,1,0,0,0,0,0,0,8.928643995000073,53.06057567600004
214,11,2021,4,3,15,3,1,7,1,1,0,0,0,0,0,0,8.811985321000066,53.08967600500006
215,12,2021,7,5,8,3,5,3,1,1,0,0,0,0,0,0,8.57482613600007,53.56054931700004
216,11,2021,6,5,16,3,5,3,1,1,0,0,0,0,0,0,8.76478359500004,53.11291655400004
217,12,2021,3,3,16,2,5,3,1,1,0,0,0,0,0,0,8.572272128000066,53.56043702000005
218,11,2021,4,5,15,3,3,2,1,1,0,0,0,0,0,0,8.837285962000067,53.076886269000056
219,11,2021,4,5,7,3,5,3,1,1,0,0,0,0,0,0,8.873057445000029,53.08476207700005
220,11,2021,7,6,13,3,5,3,1,1,0,0,0,0,0,0,8.95183042900004,53.07263368200006
221,11,2021,1,4,10,3,5,3,1,0,0,0,0,0,0,0,8.813023495000039,53.07957961300008
222,12,2021,5,3,15,3,5,3,1,1,0,0,0,0,0,1,8.594920999000067,53.54483956300004
223,11,2021,4,7,18,3,3,6,1,1,0,0,0,1,0,0,8.822859220000055,53.07797863500008
224,11,2021,4,2,10,2,3,2,1,1,0,0,0,0,0,0,8.577788203000068,53.18703785200006
225,11,2021,6,1,14,3,0,7,1,0,0,0,0,0,0,0,8.866135685000074,53.06392703800003
226,11,2021,6,4,12,2,5,3,1,0,0,0,0,0,0,0,8.617439404000038,53.174853220000045
227,11,2021,1,6,13,3,5,2,1,1,0,0,0,0,0,0,8.715549132000035,53.053628315000026
228,11,2021,5,4,7,3,5,3,1,1,0,0,0,0,0,0,8.801980836000041,53.07144012300006
229,12,2021,3,4,13,3,0,7,1,1,0,0,0,0,0,0,8.579913950000048,53.55079257600005
230,12,2021,2,4,18,3,5,3,1,1,0,0,0,0,2,0,8.617774489000055,53.51979803800003
231,11,2021,1,7,0,2,0,7,1,0,0,0,0,0,2,1,8.758508388000052,53.11640030600006
232,12,2021,7,5,1,3,8,1,1,0,0,0,0,0,2,0,8.576620176000063,53.54559474900003
233,11,2021,3,7,11,3,0,1,1,0,0,0,0,0,0,0,8.818204631000071,53.09550889500008
234,11,2021,6,7,17,3,5,2,1,1,0,0,0,0,0,0,8.788046031000022,53.10422908100003
235,11,2021,6,5,15,3,1,5,1,1,0,0,0,0,0,0,8.79708818100005,53.103803894000066
236,11,2021,3,2,18,3,2,7,1,1,0,0,0,0,1,0,8.569118296000056,53.20101790500007
237,11,2021,7,3,13,3,0,7,1,0,0,0,0,0,0,0,8.828634229000045,53.08252753100004
238,12,2021,7,4,7,3,5,3,1,0,0,0,0,0,0,0,8.593682861000048,53.565416879000054
239,11,2021,6,2,15,3,1,5,1,1,0,0,0,0,0,0,8.80751551000003,53.09937378700005
240,11,2021,4,7,1,3,0,1,1,0,0,0,0,0,2,0,8.561284261000026,53.191609835000065
241,11,2021,6,5,7,3,5,3,1,1,0,0,0,0,0,0,8.56447804000004,53.193107858000076
242,11,2021,1,2,12,3,4,2,1,1,0,0,0,0,0,1,8.795245386000033,53.09087740700005
243,11,2021,5,2,11,3,3,6,1,1,0,0,0,0,0,0,8.902445028000045,53.12741898500008
244,11,2021,7,1,15,3,0,3,1,1,0,0,0,0,0,0,8.788948104000042,53.07314689300006
245,11,2021,7,4,20,3,5,3,1,1,0,0,0,0,1,0,8.853960130000075,53.082294381000054
246,11,2021,1,2,14,3,5,3,1,1,0,0,0,0,0,1,8.807284883000023,53.08237072700007
247,11,2021,6,5,9,3,6,7,1,0,1,0,0,0,0,0,8.860579948000066,53.10282389200006
248,12,2021,4,1,14,3,8,1,1,0,0,0,0,0,0,0,8.578827561000026,53.54635825200006
249,11,2021,3,3,21,3,1,5,1,1,0,0,0,0,2,0,8.84114461300004,53.092457919000026
250,11,2021,6,4,13,3,5,3,1,1,0,0,0,0,0,0,8.806581258000051,53.073555052000074
251,11,2021,5,2,9,3,5,3,1,1,0,0,0,0,0,0,8.83138645400004,53.08124258000004
252,11,2021,1,2,13,3,5,3,1,1,0,0,0,0,0,1,8.88371068400005,53.04841958700007
253,11,2021,6,6,7,3,3,6,1,0,0,0,0,0,0,0,8.939469945000042,53.076683040000034
254,11,2021,3,4,15,3,2,6,1,1,0,0,0,0,0,0,8.835334399000033,53.080293519000065
255,11,2021,6,4,13,3,5,2,1,1,0,0,0,0,0,0,8.772196209000072,53.07874601200007
256,11,2021,4,7,14,2,5,3,1,1,0,0,0,0,0,0,8.906883779000054,53.07144387100004
257,11,2021,4,5,10,3,5,3,1,1,0,0,0,0,0,0,8.812638614000036,53.080821220000075
258,11,2021,7,5,23,3,0,7,1,0,0,0,0,0,2,0,8.82512089200003,53.08433519400006
259,11,2021,6,6,10,2,0,3,1,1,0,0,0,0,0,0,8.823643532000062,53.044141066000066
260,11,2021,5,7,16,3,5,2,1,1,0,0,0,0,0,0,8.808637434000048,53.08289263000006
261,11,2021,1,4,7,2,5,3,1,1,0,0,0,0,2,1,8.831541020000031,53.08593448900007
262,11,2021,6,3,9,3,5,3,1,0,0,0,0,1,0,0,8.818926646000023,53.05181993900004
263,11,2021,5,3,9,3,5,3,1,1,0,0,0,0,0,1,8.807439249000026,53.082253466000054
264,11,2021,7,5,18,3,5,3,1,1,0,0,0,0,0,0,8.848653554000066,53.05050565700003
265,12,2021,6,3,13,3,6,4,1,0,1,0,0,0,0,0,8.59848557600003,53.56665563000007
266,11,2021,5,6,14,3,0,7,1,0,0,0,0,0,0,0,8.730370526000058,53.09152062900006
267,11,2021,7,2,17,3,5,3,1,1,0,0,0,0,0,1,8.786706684000023,53.07440659800005
268,11,2021,3,4,10,2,0,7,1,1,0,0,0,0,0,0,8.849732433000042,53.048705548000044
269,11,2021,6,6,18,2,0,7,1,0,0,0,0,1,0,0,8.890090952000037,53.08430885400003
270,11,2021,6,2,16,3,5,3,1,0,0,0,0,1,0,0,8.864196808000031,53.09444013500007
271,11,2021,7,7,15,3,5,3,1,1,0,0,0,0,0,0,8.963309008000067,53.057544893000056
272,11,2021,5,2,13,3,5,3,1,1,0,0,0,0,0,1,8.827323386000046,53.04261152400005
273,11,2021,4,6,7,3,3,7,1,1,0,0,0,0,0,0,8.710997976000044,53.15283783700005
274,11,2021,6,1,14,3,1,5,1,1,0,0,0,0,0,0,8.613305669000056,53.18219607900005
275,11,2021,6,6,11,3,5,3,1,1,0,0,0,0,0,0,8.811216312000056,53.08015658900007
276,11,2021,3,4,12,3,5,2,1,0,0,0,0,1,0,0,8.820728663000068,53.05061100200004
277,11,2021,3,2,10,3,3,2,1,1,0,0,0,0,0,2,8.830342403000031,53.085649207000074
278,12,2021,5,2,15,3,9,1,1,0,0,0,0,0,0,0,8.586555316000045,53.52228574500003
279,11,2021,7,3,16,3,5,3,1,1,0,0,0,0,0,0,8.874343657000054,53.078413596000075
280,11,2021,6,4,12,2,5,3,1,0,0,0,0,1,0,0,8.84241241500007,53.10603605800003
281,11,2021,1,6,20,3,8,6,1,0,0,0,0,1,2,0,8.856917180000039,53.04580169600007
282,11,2021,6,2,16,3,5,3,1,1,0,0,0,0,0,0,8.872444915000074,53.06312825700007
283,11,2021,7,7,11,3,5,7,1,1,0,0,0,0,0,1,8.952869718000045,53.05779388900004
284,11,2021,5,2,14,3,5,3,1,0,0,0,0,1,0,0,8.875715565000064,53.08247980900006
285,11,2021,1,5,8,3,1,7,1,1,0,0,0,0,0,2,8.93777026600003,53.07539822600006
286,11,2021,6,3,18,2,0,7,1,0,0,0,0,0,0,0,8.628002149000054,53.16914689300006
287,12,2021,5,2,16,3,4,6,1,1,0,0,0,0,0,0,8.605971544000056,53.51613501700007
288,11,2021,3,7,18,2,0,7,1,0,0,0,0,0,0,0,8.786920341000041,53.10021170400006
289,11,2021,6,2,14,2,5,3,1,1,0,0,0,0,0,0,8.887735820000046,53.10911139500007
290,11,2021,2,4,5,3,5,3,1,1,0,0,0,0,2,1,8.896104403000038,53.056874280000045
291,12,2021,7,1,12,3,0,7,1,0,0,0,0,0,0,1,8.595077709000066,53.543113789000074
292,12,2021,7,5,9,3,6,4,1,0,1,0,0,0,0,1,8.589106595000032,53.533550372000036
293,12,2021,4,6,18,3,5,2,1,1,0,0,0,0,0,1,8.602232163000053,53.571991267000044
294,11,2021,6,3,18,3,0,1,1,0,0,0,0,0,0,0,8.853740342000037,53.08726961200006
295,12,2021,6,6,23,3,8,1,1,0,0,0,0,0,2,0,8.59587616300007,53.51139623500006
296,11,2021,7,5,10,3,5,2,1,1,0,0,0,0,0,0,8.627129427000057,53.17032160100007
297,11,2021,7,6,14,3,0,7,1,0,0,0,0,0,0,0,8.870932605000064,53.10377888900007
298,11,2021,7,3,10,3,6,3,1,0,1,0,0,0,0,0,8.790199193000035,53.067374193000035
299,11,2021,4,3,7,3,5,3,1,1,0,0,0,0,0,0,8.833092899000064,53.03978668700006
300,11,2021,3,6,23,2,1,7,1,1,0,0,0,0,2,0,8.818359601000054,53.077444470000046
301,12,2021,6,6,11,3,5,3,1,1,0,0,0,0,0,0,8.597248914000033,53.59026445200004
302,11,2021,3,6,16,3,5,3,1,1,0,0,0,0,0,0,8.846299890000068,53.047492463000026
303,11,2021,6,4,19,3,0,7,1,0,0,0,0,0,0,0,8.804839705000063,53.09165148500006
304,11,2021,7,6,13,3,5,3,1,0,0,0,0,1,0,0,8.799432219000039,53.07006566000007
305,11,2021,7,4,10,3,5,3,1,1,0,0,0,0,0,1,8.614279896000028,53.17622750000004
306,11,2021,7,6,16,3,0,3,1,0,0,0,0,0,0,0,8.800400077000063,53.09146519300003
307,11,2021,4,5,10,2,1,5,1,1,0,0,0,0,0,0,8.822578814000053,53.07958272500008
308,11,2021,4,7,18,3,5,3,1,1,0,0,0,0,0,0,8.853530689000024,53.070755071000065
309,12,2021,2,3,12,3,8,1,1,0,0,0,0,0,0,0,8.586391023000033,53.59149655500005
310,11,2021,1,4,8,3,1,5,1,0,0,1,1,0,0,1,8.788039454000057,53.06597605800005
311,11,2021,6,3,12,3,5,2,1,1,0,0,0,0,0,0,8.831044227000064,53.07476022000003
312,11,2021,6,5,11,3,5,3,1,1,0,0,0,0,0,0,8.876533727000037,53.08104137200007
313,11,2021,2,6,9,3,5,1,1,0,0,0,0,0,0,0,8.803244359000075,53.069634618000066
314,11,2021,1,7,14,3,5,3,1,1,0,0,0,0,0,0,8.82593206100006,53.078736055000036
315,11,2021,4,3,19,3,1,5,1,1,0,0,0,0,0,0,8.829911550000077,53.08554163700006
316,11,2021,6,4,15,3,5,3,1,1,0,0,0,0,0,0,8.754753510000057,53.11974696900006
317,11,2021,5,2,7,3,5,3,1,1,0,0,0,0,0,0,8.566287983000052,53.187722637000036
318,11,2021,3,4,10,3,4,6,1,1,0,0,0,0,0,0,8.939332970000066,53.085725549000074
319,11,2021,7,7,8,2,5,3,1,1,0,0,0,0,0,0,8.913896565000073,53.083358254000075
320,11,2021,1,3,23,3,0,7,1,0,0,0,0,0,2,2,8.802584729000046,53.07169191700007
321,11,2021,7,2,10,2,5,3,1,1,0,0,0,0,0,0,8.739113603000021,53.13519797200007
322,11,2021,3,4,15,3,4,2,1,1,0,0,0,0,0,0,8.804449615000067,53.075508177000074
323,11,2021,6,6,17,3,5,3,1,1,0,0,0,0,0,0,8.813936357000046,53.10030084400006
324,12,2021,6,7,13,3,1,5,1,1,0,0,0,0,0,1,8.61077212400005,53.59129396900005
325,12,2021,2,7,15,3,6,4,1,0,1,0,0,0,0,0,8.610364743000048,53.51042298500005
326,11,2021,7,5,7,3,5,3,1,1,0,0,0,0,0,1,8.792994541000041,53.066746685000055
327,11,2021,7,3,13,3,5,2,1,1,0,0,0,0,0,0,8.932533826000054,53.085408286000074
328,11,2021,6,3,16,3,5,3,1,1,0,0,0,0,0,0,8.698909943000046,53.09275766800005
329,11,2021,6,5,13,3,5,2,1,1,0,0,0,0,0,0,8.64989205300003,53.17389559800006
330,11,2021,6,2,11,3,5,3,1,1,0,0,0,0,0,0,8.871866402000023,53.07714922500003
331,12,2021,5,1,18,3,5,3,1,1,0,0,0,0,0,1,8.598012881000045,53.56968657300007
332,11,2021,1,3,14,3,1,5,1,1,0,0,0,0,0,0,8.817199092000067,53.117441435000046
333,11,2021,6,5,11,3,0,7,1,0,0,0,0,0,0,0,8.852576234000026,53.08621819800004
334,11,2021,3,4,17,3,3,6,1,1,0,0,0,0,0,0,8.781397981000055,53.11170727500007
335,12,2021,6,6,16,3,5,2,1,0,0,0,0,1,0,0,8.593539623000026,53.554529079000076
336,11,2021,5,2,8,3,5,3,1,0,0,0,0,1,0,0,8.79726061200006,53.076424157000076
337,11,2021,4,3,7,3,5,7,1,0,0,0,0,1,0,1,8.792382522000025,53.07320874900006
338,11,2021,4,6,13,3,0,3,1,1,0,0,0,0,0,0,8.797061541000062,53.07360365000005
339,11,2021,7,3,12,3,5,2,1,1,0,0,0,0,0,0,8.786169932000064,53.10306381000004
340,11,2021,6,7,13,3,1,2,1,1,0,0,0,0,0,0,8.793949509000072,53.09966723000008
341,11,2021,6,4,17,3,7,7,1,0,0,0,0,1,0,0,8.837473244000023,53.069932737000045
342,11,2021,4,3,11,3,5,3,1,1,0,0,0,0,0,0,8.824425821000034,53.08449177400007
343,11,2021,6,3,17,3,5,2,1,1,0,0,0,0,0,0,8.875400170000034,53.06211829800003
344,11,2021,2,6,19,3,3,6,1,0,0,0,0,1,1,0,8.88930107300007,53.09024555600007
345,11,2021,7,5,23,2,0,1,1,0,0,0,0,0,2,0,8.822323631000074,53.06908141400004
346,11,2021,1,4,8,3,5,3,1,1,0,0,0,0,0,1,8.795913072000076,53.106297203000054
347,12,2021,3,4,9,3,0,3,1,0,0,0,0,1,0,0,8.600892361000035,53.50919759700008