,UKREIS,UJAHR,UMONAT,UWOCHENTAG,USTUNDE,UKATEGORIE,UART,UTYP1,IstRad,IstPKW,IstFuss,IstKrad,IstGkfz,IstSonstig,ULICHTVERH,STRZUSTAND,longitude,latitude
348,12,2021,6,6,13,3,5,3,1,1,0,0,0,0,0,0,8.604642125000055,53.507022283000026
349,11,2021,7,1,0,3,6,6,1,0,1,0,0,0,2,0,8.822094798000023,53.06911769300007
350,11,2021,5,6,16,3,0,7,1,0,0,0,0,0,0,0,8.951116414000069,53.034950974000026
351,11,2021,4,3,11,3,5,3,1,1,0,0,0,0,0,0,8.80855402900005,53.09353038900008
352,11,2021,1,3,17,3,4,6,1,1,0,0,0,0,2,1,8.920243527000025,53.09414159800008
353,11,2021,6,2,10,3,1,5,1,1,0,0,0,0,0,0,8.703022117000046,53.15561956700003
354,11,2021,4,5,12,3,5,3,1,0,0,0,0,1,0,0,8.804900453000073,53.079349267000055
355,11,2021,4,3,14,3,3,6,1,0,0,0,0,0,0,0,8.853462802000024,53.06490844100006
356,11,2021,2,4,8,3,0,7,1,1,0,0,0,0,0,0,8.817208204000053,53.03677082000007
357,11,2021,6,6,18,2,0,7,1,0,0,0,0,0,0,0,8.92792449600006,53.08982644900004
358,11,2021,5,2,10,3,3,2,1,1,0,0,0,0,0,0,8.871068354000045,53.098450021000076
359,11,2021,1,2,11,3,0,7,1,1,0,0,0,0,0,0,8.786068581000052,53.10034090700003
360,11,2021,6,2,17,3,2,6,1,1,0,0,0,0,0,1,8.809339926000064,53.06070756100007
361,12,2021,5,1,20,3,5,3,1,1,0,0,0,0,1,0,8.586075829000038,53.56088272300008
362,11,2021,6,2,13,3,5,2,1,0,0,0,0,1,0,0,8.86681390800004,53.08213269100003
363,11,2021,5,2,14,3,5,2,1,1,0,0,0,0,0,0,8.909298221000029,53.05954067500005
364,11,2021,4,5,7,3,5,3,1,1,0,0,0,0,0,0,8.843038153000066,53.08099454000006
365,12,2021,2,4,16,3,1,7,1,1,0,0,0,0,0,0,8.586089113000071,53.561030051000046
366,11,2021,5,1,10,3,3,6,1,0,0,0,0,0,0,0,8.781896243000062,53.153444258000036
367,11,2021,7,4,9,3,5,3,1,1,0,0,0,0,0,0,8.716143910000028,53.17821102800008
368,11,2021,3,2,14,3,3,6,1,1,0,0,0,0,0,0,8.829869779000035,53.08553120900007
369,11,2021,6,4,10,3,5,3,1,1,0,0,0,0,0,0,8.946559270000023,53.07662843700007
370,11,2021,7,7,17,3,3,6,1,0,0,0,0,0,0,0,8.630656291000037,53.15691138300008
371,12,2021,5,2,7,3,3,2,1,1,0,0,0,0,0,0,8.59800812100002,53.53379250800003
372,11,2021,5,2,15,2,5,3,1,1,0,0,0,0,0,1,8.84632166800003,53.03389237300007
373,11,2021,4,5,15,3,5,3,1,1,0,0,0,0,0,0,8.850000544000068,53.094735161000074
374,12,2021,6,5,6,3,5,2,1,1,0,0,0,0,0,0,8.59758740500007,53.585081596000066
375,11,2021,6,5,11,3,5,3,1,1,0,0,0,0,0,0,8.781252063000068,53.07575584700004
376,11,2021,2,6,11,3,4,6,1,1,0,0,0,0,0,1,8.824317792000045,53.07034351600004
377,11,2021,3,2,13,3,5,3,1,1,0,0,0,0,0,0,8.836636443000032,53.02912618400006
378,11,2021,7,2,12,3,5,3,1,1,0,0,0,0,0,0,8.851751148000062,53.03537012500004
379,12,2021,3,5,12,3,5,2,1,1,0,0,0,0,0,1,8.573942614000032,53.55269123200003
380,11,2021,4,3,15,3,5,3,1,1,0,0,0,0,0,0,8.567871469000067,53.18864378500007
381,12,2021,7,2,17,2,0,7,1,0,0,0,0,0,0,0,8.570994873000075,53.544882587000075
382,11,2021,6,1,15,3,5,3,1,0,0,0,0,0,0,0,8.832925225000054,53.10845073400003
383,12,2021,5,5,18,3,0,7,1,0,0,0,0,0,0,0,8.604921811000054,53.52332126500005
384,11,2021,7,7,11,3,2,6,1,1,0,0,0,0,0,0,8.80358590700007,53.06281612200007
385,11,2021,2,4,20,3,0,7,1,0,0,0,0,0,2,0,8.754591491000042,53.11594591200003
386,11,2021,7,5,19,3,4,6,1,0,0,0,0,0,0,1,8.786804330000052,53.09053015300003
387,11,2021,1,4,6,3,0,7,1,0,0,0,0,0,2,1,8.686049274000027,53.171109811000065
388,11,2021,5,4,9,3,3,2,1,1,0,0,0,0,0,0,8.690687550000064,53.16894539000003
389,11,2021,3,6,13,3,4,2,1,1,0,0,0,0,0,0,8.809391378000043,53.07918111500004
390,11,2021,6,2,17,3,0,3,1,1,0,0,0,0,0,0,8.849127329000055,53.068420536000076
391,11,2021,3,2,14,3,5,3,1,1,0,0,0,0,0,1,8.876467971000068,53.08102003500005
392,11,2021,7,6,16,3,4,6,1,0,0,0,0,0,0,0,8.807954348000067,53.07442406800004
393,12,2021,7,4,20,3,5,3,1,1,0,0,0,0,0,0,8.612211632000026,53.587567472000046
394,11,2021,6,5,5,3,5,3,1,1,0,0,0,0,0,0,8.774282889000062,53.07764471100006
395,11,2021,7,5,17,3,5,3,1,1,0,0,0,0,0,1,8.873023893000038,53.08476041200004
396,11,2021,5,2,18,3,5,3,1,1,0,0,0,0,0,1,8.75010626300002,53.12587695900004
397,11,2021,2,5,22,3,5,3,1,1,0,0,0,0,2,1,8.798482211000021,53.07102986800004
398,11,2021,5,5,12,3,5,2,1,1,0,0,0,0,0,0,8.948904327000037,53.06358428600004
399,11,2021,1,7,23,3,5,3,1,1,0,0,0,0,2,0,8.900838149000037,53.078676751000046
400,12,2021,1,6,9,3,5,3,1,1,0,0,0,0,0,1,8.621494532000042,53.59040894300006
401,11,2021,3,4,12,3,5,3,1,1,0,0,0,0,0,0,8.769760934000033,53.094993300000056
402,11,2021,7,5,8,3,5,3,1,1,0,0,0,0,0,1,8.740760082000065,53.053064204000066
403,11,2021,5,5,16,3,0,7,1,0,0,0,0,0,0,0,8.728180007000049,53.038384009000026
404,11,2021,4,2,15,2,0,7,1,0,0,0,0,0,0,0,8.839387846000022,53.15344189700005
405,12,2021,6,4,1,2,8,1,1,0,0,0,0,0,2,0,8.578694097000039,53.556135837000056
406,11,2021,1,5,13,3,3,2,1,0,0,0,1,0,0,1,8.914073313000074,53.062679125000045
407,11,2021,6,7,22,3,3,6,1,0,0,0,0,0,2,0,8.738729078000063,53.146262671000045
408,11,2021,4,5,7,3,5,2,1,1,0,0,0,0,0,0,8.758877731000041,53.11600961700003
409,11,2021,6,5,7,3,2,6,1,1,0,0,0,0,0,0,8.772692719000077,53.09635422900004
410,11,2021,1,4,15,3,4,6,1,0,0,0,0,0,0,0,8.898238875000061,53.04380089500006
411,11,2021,6,4,13,3,3,6,1,0,0,0,0,1,0,0,8.690724561000025,53.16891987400004
412,11,2021,5,2,11,3,0,7,1,0,0,0,0,0,0,1,8.887674894000043,53.05616378600007
413,11,2021,7,3,12,2,5,3,1,1,0,0,0,0,0,0,8.704594496000027,53.15510125700007
414,11,2021,3,4,14,3,2,7,1,0,0,0,0,0,0,0,8.88803854300005,53.10917219800007
415,11,2021,6,3,7,2,1,7,1,1,0,0,0,0,0,1,8.842307677000065,53.07144889600005
416,11,2021,7,7,0,3,4,6,1,0,0,0,0,0,2,0,8.811062520000064,53.07167994500003
417,12,2021,4,5,13,3,1,5,1,1,0,0,0,0,0,1,8.57271926900006,53.55040598200003
418,11,2021,7,6,16,3,5,3,1,1,0,0,0,0,0,0,8.942927636000036,53.08687419700004
419,11,2021,6,5,11,3,3,2,1,0,0,0,0,1,0,0,8.784994751000056,53.088704335000045
420,11,2021,3,3,16,3,3,6,1,1,0,0,0,0,0,0,8.838713260000077,53.08011368100006
421,11,2021,6,5,15,3,4,2,1,1,0,0,0,0,0,0,8.76313579500004,53.05999732500004
422,11,2021,7,2,16,3,6,4,1,0,1,0,0,0,0,0,8.849261755000043,53.08510321600005
423,11,2021,5,4,14,3,5,2,1,1,0,0,0,0,0,0,8.791032346000065,53.09162216200008
424,11,2021,6,2,13,3,3,6,1,1,0,0,0,0,0,0,8.844133747000058,53.05546252900007
425,11,2021,2,5,8,3,5,3,1,1,0,0,0,0,0,0,8.83968959300006,53.098654029000045
426,11,2021,5,7,23,2,0,1,1,0,0,0,0,0,2,0,8.812891713000056,53.05868272300006
427,11,2021,3,6,19,3,5,2,1,1,0,0,0,0,2,0,8.844868278000035,53.04579135900008
428,11,2021,6,6,11,3,5,2,1,1,0,0,0,0,0,0,8.950419520000025,53.05840216800004
429,11,2021,3,3,14,3,5,3,1,1,0,0,0,0,0,1,8.748807716000044,53.124853561000066
430,11,2021,4,3,6,3,3,6,1,0,0,0,0,0,1,0,8.705795803000058,53.15339524400008
431,11,2021,6,3,17,2,0,7,1,0,0,0,0,0,0,0,8.85368765000004,53.08720344000005
432,11,2021,6,5,18,2,4,6,1,1,0,0,0,0,0,0,8.783501834000049,53.10074014600008
433,11,2021,2,6,14,3,4,6,1,0,0,0,0,0,0,0,8.827083259000062,53.034270234000076
434,11,2021,6,2,18,3,5,2,1,1,0,0,0,0,0,0,8.831361806000075,53.08125396600008
435,11,2021,1,4,14,3,3,6,1,0,0,1,0,0,0,1,8.916591789000051,53.097618003000036
436,11,2021,3,6,12,3,1,5,1,1,0,0,0,0,0,0,8.84913122200004,53.068428235000056
437,11,2021,2,3,11,2,5,3,1,1,0,0,0,0,0,1,8.81213628100005,53.07528049300004
438,11,2021,7,7,23,3,3,6,1,1,0,0,0,0,2,0,8.824143573000072,53.063149346000046
439,11,2021,6,3,16,3,1,5,1,1,0,0,0,0,0,0,8.578207048000024,53.185035550000066
440,11,2021,1,3,12,3,4,2,1,1,0,0,0,0,0,1,8.85693535400003,53.07268604500007
441,11,2021,5,2,19,3,5,2,1,1,0,0,0,0,0,1,8.832102020000036,53.06868823000008
442,12,2021,7,7,14,3,5,3,1,1,0,0,0,0,0,0,8.576970175000042,53.55265455500006
443,11,2021,6,6,11,3,5,3,1,1,0,0,0,0,0,0,8.74079249700003,53.05306998000003
444,11,2021,3,4,10,3,5,3,1,1,0,0,0,0,0,1,8.880213602000026,53.07718418600007
445,12,2021,6,2,14,3,8,1,1,0,0,0,0,0,0,0,8.638639350000062,53.531008073000066
446,11,2021,7,7,20,3,0,7,1,0,0,0,0,0,1,0,8.822780282000053,53.07291608200006
447,11,2021,5,6,15,3,5,2,1,1,0,0,0,0,0,0,8.832366863000061,53.083947746000035
448,11,2021,1,3,19,3,5,3,1,1,0,0,0,0,2,1,8.826207150000073,53.03433234700003
449,11,2021,6,7,19,2,5,3,1,1,0,0,0,0,0,0,8.782236813000054,53.104512715000055
450,11,2021,5,4,13,3,5,3,1,1,0,0,0,0,0,1,8.878434088000063,53.079088701000046
451,11,2021,7,2,8,3,0,1,1,0,0,0,0,0,0,0,8.88220242400007,53.06376748800005
452,11,2021,3,6,7,3,0,1,1,0,0,0,0,0,0,0,8.881945347000055,53.06392657400005
453,11,2021,6,7,11,3,1,5,1,1,0,0,0,0,0,1,8.894195101000037,53.106913861000066
454,11,2021,5,2,14,3,2,6,1,0,0,0,0,1,0,0,8.804117504000033,53.07261619800005
455,11,2021,7,3,13,3,0,7,1,0,0,0,0,0,0,0,8.706766567000045,53.112179697000045
456,12,2021,3,5,12,3,9,1,1,0,0,0,0,1,0,0,8.597956056000044,53.58296126300007
457,12,2021,6,4,22,3,1,5,1,1,0,0,0,0,2,0,8.567150022000021,53.55824695200005
458,11,2021,2,3,14,3,4,6,1,1,0,0,0,0,0,2,8.835112429000048,53.06835606200008
459,12,2021,5,2,12,3,6,7,1,0,1,0,0,0,0,0,8.588293429000032,53.53991973300003
460,11,2021,2,4,15,3,5,2,1,1,0,0,0,0,0,0,8.877484545000073,53.03957274700008
461,11,2021,7,4,17,3,0,7,1,0,0,0,0,0,0,0,8.898930281000048,53.128360773000054
462,11,2021,6,5,15,3,5,2,1,1,0,0,0,0,0,0,8.891833569000028,53.04835989600008
463,11,2021,6,4,7,3,5,3,1,1,0,0,0,0,0,0,8.772069854000051,53.09467926700006
464,11,2021,1,3,18,3,1,5,1,1,0,0,0,0,2,1,8.876878758000032,53.061789805000046
465,11,2021,2,3,7,3,0,7,1,0,0,0,0,0,1,2,8.889437101000055,53.058112003000076
466,11,2021,5,6,12,2,0,7,1,0,0,0,0,0,0,0,8.79902641800004,53.10261363200004
467,12,2021,5,6,13,3,6,4,1,0,1,0,0,0,0,0,8.54671367700007,53.58085684900004
468,11,2021,2,5,6,3,5,3,1,1,0,0,0,0,2,1,8.788941476000048,53.073150748000046
469,11,2021,3,6,16,3,5,3,1,1,0,0,0,0,0,0,8.80084460300003,53.068505791000064
470,11,2021,3,5,6,3,5,3,1,0,0,0,0,1,2,1,8.825101908000022,53.084188220000044
471,11,2021,3,4,10,3,5,2,1,0,0,0,1,0,0,0,8.62791661600005,53.17188515000004
472,11,2021,6,3,13,3,3,7,1,0,0,0,0,0,0,0,8.793902181000021,53.07442847300007
473,11,2021,6,3,8,3,5,3,1,1,0,0,0,0,0,0,8.838982872000031,53.10220888400005
474,11,2021,6,6,17,3,3,6,1,1,0,0,0,0,0,0,8.853668700000071,53.08717964300007
475,11,2021,5,5,14,3,1,5,1,1,0,0,0,0,0,0,8.890183224000054,53.062433663000036
476,11,2021,4,2,9,3,5,3,1,1,0,0,0,0,0,0,8.738388291000035,53.047175407000054
477,11,2021,4,5,7,3,5,3,1,1,0,0,0,0,0,0,8.573048613000026,53.19862665200003
478,11,2021,4,2,20,3,5,3,1,1,0,0,0,0,0,0,8.54853698200003,53.19162533200006
479,11,2021,7,4,23,3,9,7,1,0,0,0,0,0,2,0,8.851996976000066,53.05600279500004
480,11,2021,6,2,17,3,1,7,1,1,0,0,0,0,0,0,8.90934239400002,53.12477550400007
481,11,2021,5,1,15,3,0,7,1,0,0,0,0,0,0,0,8.887829451000073,53.10920089600006
482,11,2021,7,4,17,3,5,3,1,1,0,0,0,0,0,0,8.80578917500003,53.07162245100005
483,12,2021,6,3,11,2,8,1,1,0,0,0,0,0,0,0,8.588895790000038,53.53656648600003
484,11,2021,5,7,13,3,8,3,1,1,0,0,0,0,0,0,8.766911428000071,53.07121710600006
485,11,2021,4,3,7,3,5,3,1,1,0,0,0,0,0,0,8.733480716000031,53.08739051200007
486,11,2021,4,3,14,3,6,4,1,1,1,0,0,0,0,1,8.83089951200003,53.07438648300007
487,11,2021,4,5,15,3,5,3,1,1,0,0,0,0,0,0,8.599042593000036,53.179931518000046
488,11,2021,7,3,22,3,0,7,1,0,0,0,0,0,2,0,8.792342672000075,53.08985312300007
489,11,2021,5,2,18,3,5,3,1,1,0,0,0,0,0,0,8.904809667000052,53.12275342200007
490,12,2021,6,4,15,3,5,3,1,1,0,0,0,0,0,0,8.594916149000028,53.54485952400006
491,11,2021,5,1,0,3,1,5,1,1,0,0,0,0,2,1,8.565980534000062,53.20332556300008
492,11,2021,6,3,17,3,5,3,1,1,0,0,0,0,0,0,8.74241257400007,53.13177527400006
493,11,2021,3,3,13,3,5,2,1,0,0,0,0,1,0,0,8.800998550000031,53.078853157000026
494,11,2021,3,4,7,3,0,7,1,1,0,0,0,0,0,0,8.846903801000053,53.06830623700006
495,12,2021,7,5,7,3,5,3,1,1,0,0,0,0,0,1,8.598417570000038,53.53288286000003
496,11,2021,5,5,11,3,5,3,1,1,0,0,0,0,0,0,8.843658528000049,53.08372700800004
497,11,2021,5,2,17,3,6,4,1,0,1,0,0,0,0,1,8.672476790000076,53.164978467000026
498,11,2021,4,7,16,3,5,3,1,1,0,0,0,0,0,0,8.709232619000034,53.15138895600006
499,11,2021,7,3,15,3,1,6,1,1,0,0,0,0,0,0,8.78989665000006,53.106905881000046
500,11,2021,1,4,14,3,0,1,1,0,1,0,0,0,0,0,8.823788542000045,53.077656028000035
501,11,2021,6,7,10,3,5,3,1,0,0,0,0,1,0,0,8.81682274600007,53.054246919000036
502,11,2021,6,4,7,3,4,6,1,0,0,0,0,0,0,0,8.841965855000069,53.04180023200007
503,11,2021,2,2,15,3,5,3,1,0,0,1,0,0,0,0,8.713964076000025,53.141416141000036
504,12,2021,7,2,12,3,5,3,1,1,0,0,0,0,0,1,8.59202368900003,53.57556578200007
505,11,2021,7,2,16,3,5,3,1,1,0,0,0,0,0,0,8.82515894200003,53.084511193000026
506,12,2021,6,7,16,3,5,3,1,1,0,0,0,0,0,0,8.597172085000068,53.55895409800007
507,11,2021,3,4,6,3,5,2,1,1,0,0,0,0,1,1,8.79932375200002,53.08387996300007
508,11,2021,7,3,14,2,5,3,1,1,0,0,0,0,0,0,8.915828641000076,53.070150977000026
509,11,2021,4,4,12,3,3,6,1,0,0,0,0,0,0,0,8.765554226000063,53.07099781000005
510,11,2021,12,6,21,3,5,2,1,1,0,0,0,0,2,0,8.81283417700007,53.08091853500008
511,11,2021,9,7,12,3,5,6,1,1,0,0,0,0,0,0,8.870042453000053,53.097304500000064
512,11,2021,8,4,17,3,5,3,1,1,0,0,0,0,0,0,8.799812619000022,53.070456507000074
513,11,2021,11,3,18,2,0,7,1,0,0,0,0,0,2,0,8.813104471000031,53.08008024600008
514,11,2021,11,3,12,3,5,2,1,1,0,0,0,0,0,0,8.781335914000067,53.09758001400007
515,11,2021,8,2,18,3,5,3,1,1,0,0,0,0,0,0,8.875739517000056,53.06221545600005
516,12,2021,9,3,15,3,3,6,1,0,0,0,0,0,0,0,8.596708467000042,53.538341209000066
517,11,2021,10,6,10,3,5,3,1,0,0,0,0,0,0,0,8.79397881400007,53.09966411700003
518,11,2021,12,3,9,3,5,2,1,1,0,0,0,0,0,0,8.891412616000025,53.09851998400006
519,12,2021,11,2,8,3,8,1,1,0,0,0,0,0,0,1,8.59651128300004,53.57227817300003
520,11,2021,10,7,16,3,4,6,1,0,0,0,0,0,0,0,8.882253107000054,53.103486427000064
521,11,2021,10,5,22,2,0,1,1,0,0,0,0,0,2,0,8.809315041000048,53.074645556000064
522,11,2021,8,5,14,2,4,6,1,0,0,0,0,0,0,0,8.77590434700005,53.098580223000056
523,11,2021,11,2,6,3,5,2,1,1,0,0,0,0,2,0,8.914030842000045,53.06823856300008
524,11,2021,8,5,17,2,8,1,1,0,0,0,0,0,0,0,8.850411809000036,53.030198831000064
525,11,2021,12,6,11,3,0,7,1,1,0,0,0,0,0,1,8.824958819000074,53.07303609200005
526,11,2021,9,6,10,3,5,7,1,0,0,0,0,0,0,0,8.826027219000025,53.07928899500007
527,11,2021,11,2,20,3,5,3,1,1,0,0,0,0,2,1,8.78156935800007,53.104777900000045
528,11,2021,10,1,17,3,3,2,1,0,0,1,0,0,1,0,8.824437249000027,53.08442931400003
529,11,2021,8,6,13,3,0,7,1,1,0,0,0,0,0,0,8.823028373000056,53.073548551000044
530,11,2021,9,3,19,3,5,3,1,1,0,0,0,0,1,0,8.785736009000061,53.072050757000056
531,11,2021,10,2,10,3,5,2,1,1,0,0,0,0,0,0,8.896723460000032,53.08052003300003
532,11,2021,10,5,18,2,0,1,1,0,0,0,0,0,2,0,8.896502612000063,53.098544952000054
533,11,2021,11,1,17,3,0,7,1,0,0,0,0,1,2,0,8.80018756800007,53.07776325400005
534,11,2021,11,5,14,3,5,3,1,1,0,0,0,0,0,0,8.799890079000022,53.079124550000074
535,11,2021,12,5,16,3,5,3,1,1,0,0,0,0,1,0,8.847517617000051,53.050199070000076
536,11,2021,10,1,13,3,5,2,1,1,0,0,0,0,0,0,8.890981300000021,53.08621433600007
537,11,2021,12,5,13,3,5,3,1,1,0,0,0,0,0,1,8.740889411000069,53.053098771000066
538,11,2021,9,5,15,3,0,7,1,1,0,0,0,0,0,0,8.80822542900006,53.063982632000034
539,11,2021,11,2,15,3,4,6,1,1,0,0,0,0,0,0,8.827221648000034,53.084867803000066
540,11,2021,10,5,17,3,5,3,1,1,0,0,0,0,0,1,8.761031689000049,53.05936328000007
541,12,2021,12,5,20,3,8,1,1,0,0,0,0,0,2,2,8.586087381000027,53.56582787500008
542,12,2021,11,2,5,3,5,3,1,1,0,0,0,0,2,1,8.59202631900007,53.57554334000008
543,11,2021,10,6,9,3,5,2,1,1,0,0,0,0,0,0,8.70447897300005,53.15564212500004
544,12,2021,11,3,10,3,5,2,1,1,0,0,0,0,0,0,8.591976587000033,53.579320540000026
545,12,2021,9,1,10,3,5,3,1,1,0,0,0,0,0,0,8.595247336000057,53.51108861200004
546,12,2021,8,2,16,2,5,3,1,1,0,0,0,0,0,0,8.586601035000058,53.53667666900003
547,11,2021,10,1,17,2,9,1,1,0,0,0,0,0,2,0,8.601592573000062,53.177430523000055
548,11,2021,8,2,10,3,5,3,1,1,0,0,0,0,0,0,8.880665601000032,53.08111807200004
549,12,2021,9,5,8,3,3,6,1,1,0,0,0,0,0,1,8.572605776000046,53.560464402000036
550,11,2021,8,5,10,3,0,2,1,1,0,0,0,0,0,0,8.740035017000025,53.05139739300006
551,11,2021,11,7,16,3,1,5,1,1,0,0,0,0,1,1,8.823265602000049,53.07518956900003
552,11,2021,10,2,13,3,5,2,1,0,0,0,0,1,0,0,8.850609186000042,53.08513965000003
553,11,2021,9,3,16,3,5,2,1,1,0,0,0,0,0,0,8.795155872000066,53.057684823000045
554,11,2021,9,6,15,3,5,7,1,1,0,0,0,0,0,0,8.83514789800006,53.04943148600006
555,11,2021,11,7,10,3,5,2,1,1,0,0,0,0,0,1,8.801786697000068,53.06785990600008
556,11,2021,11,4,12,2,5,3,1,0,0,0,0,0,0,0,8.822867409000025,53.08282986300003
557,11,2021,9,3,12,3,0,1,1,1,0,0,0,0,0,0,8.80731591500006,53.095324263000066
558,11,2021,8,7,20,3,0,7,1,0,0,0,0,0,2,0,8.794595600000036,53.074837726000055
559,11,2021,12,2,8,3,1,5,1,1,0,0,0,0,0,1,8.802906548000067,53.09645820600008
560,11,2021,10,4,16,3,0,7,1,0,0,0,0,0,0,0,8.785323068000025,53.10204908900005
561,11,2021,10,4,12,3,5,3,1,1,0,0,0,0,0,1,8.859548655000026,53.08269519900006
562,11,2021,9,2,12,3,3,6,1,1,0,0,0,0,0,0,8.782678748000023,53.08712843600006
563,11,2021,8,5,17,3,4,6,1,0,0,0,0,1,0,0,8.793697515000076,53.07379157400004
564,11,2021,9,5,13,2,5,3,1,1,0,0,0,0,0,0,8.850171425000042,53.06550364200007
565,11,2021,12,4,20,3,1,3,1,1,0,0,0,0,2,0,8.819033237000042,53.082440037000026
566,11,2021,10,5,16,3,5,3,1,1,0,0,0,0,0,0,8.838052810000022,53.067886126000076
567,11,2021,11,2,9,3,5,2,1,1,0,0,0,0,0,1,8.775306028000045,53.11609858200006
568,12,2021,9,1,13,3,8,1,1,0,0,0,0,0,0,0,8.548518310000077,53.58085259100005
569,11,2021,8,2,18,3,0,3,1,1,0,0,0,0,0,0,8.871909895000044,53.07713226100003
570,12,2021,10,3,16,3,5,3,1,1,0,0,0,0,0,1,8.603955049000035,53.58623116600006
571,11,2021,12,3,14,3,0,7,1,0,0,0,0,0,0,1,8.876975143000038,53.091148082000075
572,11,2021,10,6,13,3,5,3,1,1,0,0,0,0,0,0,8.890594762000035,53.10889470800004
573,11,2021,10,3,19,3,0,7,1,1,0,0,0,0,1,0,8.850272429000029,53.085288449000075
574,11,2021,9,1,11,3,0,7,1,0,0,0,0,0,0,0,8.822020619000057,53.08563845500004
575,11,2021,11,3,7,3,0,7,1,0,0,0,0,0,1,1,8.89007945000003,53.08223948400007
576,11,2021,11,4,18,3,4,6,1,0,0,0,0,0,1,1,8.704272486000036,53.156057272000055
577,11,2021,11,3,10,3,4,6,1,0,0,0,0,0,0,0,8.89237051200007,53.07937103900008
578,12,2021,11,6,7,3,5,3,1,1,0,0,0,0,0,1,8.604336025000066,53.58283810700004
579,11,2021,9,4,7,3,3,6,1,1,0,0,0,0,0,0,8.893481020000024,53.046973165000054
580,11,2021,10,6,18,3,0,7,1,0,0,0,0,0,1,0,8.828259640000056,53.072375538000074
581,11,2021,12,2,13,3,5,3,1,0,0,0,0,1,0,0,8.852767766000056,53.104504775000066
582,11,2021,10,5,7,3,5,3,1,1,0,0,0,0,0,0,8.704450424000072,53.15576444200008
583,11,2021,9,2,18,3,0,7,1,0,0,0,0,0,0,0,8.884191162000036,53.10550613100003
584,11,2021,8,6,15,3,5,2,1,0,0,0,0,1,0,0,8.815728629000034,53.079482373000076
585,11,2021,9,5,7,3,5,2,1,1,0,0,0,0,0,0,8.78716545800006,53.09993269700004
586,11,2021,9,4,9,2,5,3,1,0,0,0,0,1,0,1,8.818095656000025,53.07772390100007
587,11,2021,9,6,10,3,5,2,1,1,0,0,0,0,0,0,8.878353158000039,53.07908136900005
588,11,2021,10,7,22,3,0,7,1,0,0,0,0,0,2,0,8.797196435000046,53.06438700800004
589,12,2021,12,5,16,3,8,1,1,0,0,0,0,0,2,2,8.618847587000062,53.52856785700004
590,11,2021,10,6,12,3,0,7,1,1,0,0,0,0,0,1,8.789034960000038,53.09418806600007
591,11,2021,9,3,11,2,4,6,1,0,0,0,0,0,0,0,8.75167131400002,53.16396275400007
592,11,2021,8,2,9,3,5,3,1,1,0,0,0,0,0,0,8.80792585100005,53.07446923500004
593,11,2021,11,4,15,3,5,3,1,0,0,0,0,0,0,0,8.91114322900006,53.09333844000008
594,11,2021,10,4,17,3,5,3,1,1,0,0,0,0,1,0,8.906884435000052,53.071458860000064
595,12,2021,12,4,12,3,8,1,1,0,0,0,0,0,0,1,8.585056218000034,53.53383919200007
596,11,2021,11,3,16,3,5,2,1,1,0,0,0,0,2,1,8.887607849000062,53.09916603500005
597,11,2021,11,2,19,3,6,7,1,0,1,0,0,0,2,0,8.812836141000048,53.080719395000074
598,11,2021,11,4,17,3,5,2,1,0,0,0,0,1,1,1,8.832790918000057,53.04006010400008
599,11,2021,10,5,20,3,5,3,1,1,0,0,0,0,2,0,8.777361683000038,53.10990360200003
600,11,2021,11,2,11,3,5,3,1,1,0,0,0,0,0,0,8.776432855000053,53.09796309800004
601,12,2021,9,5,14,3,5,3,1,1,0,0,0,0,0,0,8.603668085000038,53.586232789000064
602,11,2021,8,1,19,3,6,7,1,0,1,0,0,0,0,0,8.836633431000052,53.06807711400006
603,11,2021,8,2,11,3,5,3,1,1,0,0,0,0,0,0,8.843744732000062,53.083754327000065
604,11,2021,10,5,14,3,4,7,1,0,0,0,0,0,0,0,8.898600801000043,53.09289080500008
605,12,2021,11,4,17,3,5,3,1,1,0,0,0,0,2,1,8.599728452000022,53.49197819200003
606,11,2021,12,6,15,3,5,3,1,1,0,0,0,0,0,1,8.802975142000037,53.07979617800004
607,11,2021,8,5,19,3,0,7,1,0,0,0,0,0,0,0,8.571786159000055,53.19051006600006
608,11,2021,9,1,13,3,5,3,1,1,0,0,0,0,0,0,8.851264539000056,53.083976876000065
609,11,2021,11,3,15,3,4,2,1,1,0,0,0,0,0,1,8.927866919000053,53.07260717300005
610,11,2021,11,2,15,3,5,3,1,1,0,0,0,0,0,0,8.777704551000056,53.063971597000034
611,11,2021,10,3,17,3,4,6,1,1,0,0,0,0,1,1,8.556496658000071,53.186956175000034
612,11,2021,12,5,18,3,5,3,1,1,0,0,0,0,2,1,8.815174197000033,53.07710755000005