,UKREIS,UJAHR,UMONAT,UWOCHENTAG,USTUNDE,UKATEGORIE,UART,UTYP1,IstRad,IstPKW,IstFuss,IstKrad,IstGkfz,IstSonstig,ULICHTVERH,STRZUSTAND,longitude,latitude
238,11,2022,4,6,8,3,5,3,1,1,0,0,0,0,0,0,8.78882805900002,53.1042289650001
239,11,2022,5,2,12,2,5,3,1,0,0,0,0,1,0,0,8.87068100700003,53.0670175910001
240,11,2022,2,5,7,3,0,7,1,0,0,0,0,0,2,1,8.83240993000004,53.086163748
241,11,2022,4,3,18,3,5,2,1,1,0,0,0,0,0,1,8.86527528100004,53.08214673
242,12,2022,5,4,18,3,0,7,1,0,0,0,0,0,0,0,8.59794717200003,53.580907767
243,12,2022,3,6,13,3,0,3,1,1,0,0,0,0,0,0,8.59496990700006,53.587872637
244,11,2022,7,2,18,3,5,3,1,0,0,0,0,0,0,0,8.82020715600004,53.0841161070001
245,12,2022,5,7,15,2,6,6,1,0,1,0,0,0,0,0,8.59098448400005,53.539692308
246,11,2022,1,4,16,3,5,2,1,1,0,0,0,0,2,1,8.61878251900004,53.1776102750001
247,12,2022,3,3,6,3,5,3,1,1,0,0,0,0,2,0,8.59314461900004,53.556633135
248,11,2022,5,5,8,3,3,6,1,0,0,0,0,0,0,0,8.82131326800004,53.0817684880001
249,11,2022,3,5,9,3,2,5,1,1,0,0,0,0,0,1,8.85784961400003,53.0493210170001
250,12,2022,5,3,12,3,1,1,1,1,0,0,0,0,0,0,8.61040765200005,53.5191233020001
251,11,2022,3,6,17,2,5,3,1,1,0,0,0,0,1,0,8.88413388200007,53.100271467
252,11,2022,7,7,17,3,4,6,1,0,0,0,0,0,0,0,8.94439711400003,53.078136176
253,11,2022,2,4,17,2,7,7,1,0,0,0,0,1,0,0,8.82442107300005,53.097224081
254,11,2022,6,4,18,3,5,3,1,1,0,0,0,0,0,0,8.78677342400005,53.0744996020001
255,11,2022,3,4,16,3,5,3,1,1,0,0,0,0,0,0,8.63252136400007,53.181336593
256,11,2022,3,3,9,2,5,3,1,1,0,0,0,0,0,0,8.61863764800006,53.176351475
257,11,2022,5,1,2,3,0,7,1,0,0,0,0,0,2,1,8.80489127200008,53.1006538930001
258,11,2022,6,3,12,3,5,3,1,0,0,0,0,1,0,0,8.82443197000003,53.0844893300001
259,11,2022,3,4,13,3,5,3,1,1,0,0,0,0,0,1,8.78651111800002,53.0838040960001
260,11,2022,5,4,12,3,5,3,1,1,0,0,0,0,0,0,8.85954978600006,53.082686703
261,11,2022,2,4,15,3,0,7,1,1,0,0,0,0,0,1,8.82607905000003,53.0688666870001
262,11,2022,7,6,10,3,5,3,1,0,0,1,0,0,0,1,8.76455340200005,53.0830481560001
263,11,2022,2,6,13,3,1,7,1,0,0,0,0,0,0,1,8.79904378300006,53.0697473810001
264,11,2022,5,3,13,3,5,3,1,0,0,0,0,1,0,0,8.79661783900002,53.0892415960001
265,11,2022,5,2,11,3,5,3,1,1,0,0,0,0,0,0,8.86924697500007,53.0747815180001
266,11,2022,1,5,16,3,0,2,1,1,0,0,0,0,0,1,8.70368760400004,53.1724454000001
267,11,2022,3,3,6,3,1,7,1,1,0,0,0,0,1,0,8.81202820100003,53.090667001
268,12,2022,5,6,13,3,5,3,1,1,0,0,0,0,0,0,8.59342344400005,53.546665649
269,11,2022,3,1,17,3,3,6,1,0,0,0,0,0,0,0,8.75434128600006,53.120048454
270,11,2022,2,5,16,3,5,3,1,1,0,0,0,0,0,0,8.81166795800004,53.0308541260001
271,11,2022,3,4,11,3,1,1,1,0,0,0,0,1,0,0,8.84317877400002,53.072229457
272,11,2022,7,3,15,3,3,6,1,0,0,0,0,0,0,0,8.81437537800002,53.10093556
273,11,2022,7,5,15,3,5,3,1,1,0,0,0,0,0,0,8.90015308400007,53.124129619
274,11,2022,5,4,17,3,4,6,1,1,0,0,0,0,0,0,8.79214487300004,53.0661670110001
275,11,2022,2,5,13,3,0,7,1,1,0,0,0,0,0,0,8.88518737400005,53.0542530880001
276,11,2022,5,3,11,2,0,1,1,0,0,0,0,0,0,0,8.82095257800006,53.063538699
277,11,2022,6,2,11,3,5,3,1,1,0,0,0,0,0,0,8.83642687900004,53.107554242
278,11,2022,5,1,19,2,0,7,1,0,0,0,0,0,0,0,8.78201355200002,53.1100575610001
279,11,2022,5,6,11,3,0,3,1,1,0,0,0,0,0,0,8.82764036700007,53.072566915
280,11,2022,3,4,7,3,4,6,1,0,0,0,0,0,0,0,8.85230975400003,53.057194302
281,12,2022,7,7,16,3,3,6,1,1,0,0,0,0,0,0,8.60016006000006,53.512272877
282,11,2022,5,3,12,3,1,7,1,1,0,0,0,0,0,0,8.87265742800002,53.097097675
283,11,2022,4,6,10,3,5,2,1,1,0,0,0,0,0,1,8.62452686300003,53.169978246
284,11,2022,6,1,19,3,5,3,1,1,0,0,0,0,0,0,8.85398535600007,53.0660914740001
285,11,2022,6,5,16,3,5,2,1,1,0,0,0,0,0,1,8.83237566000003,53.0335513150001
286,11,2022,5,2,18,2,0,7,1,0,0,0,0,0,0,0,8.80702271900003,53.07529315
287,11,2022,4,2,22,3,5,3,1,1,0,0,0,0,2,0,8.80130533700003,53.0714647510001
288,12,2022,5,7,18,3,5,3,1,1,0,0,0,0,0,0,8.59430516000003,53.5635481320001
289,12,2022,1,3,12,3,6,7,1,0,1,0,0,0,0,0,8.59601463300004,53.588259308
290,11,2022,3,5,13,3,3,6,1,1,0,0,0,0,0,0,8.80809238700004,53.0594963280001
291,11,2022,3,5,6,3,4,2,1,1,0,0,0,0,0,1,8.75610102400003,53.079385997
292,11,2022,5,4,9,3,5,3,1,1,0,0,0,0,0,0,8.78856100200005,53.0729053360001
293,11,2022,6,5,10,2,5,3,1,1,0,0,0,0,0,0,8.89864180900003,53.0607169840001
294,11,2022,3,1,0,3,5,2,1,1,0,0,0,0,2,0,8.81276122700007,53.0733003550001
295,12,2022,7,3,12,3,5,3,1,1,0,0,0,0,0,0,8.60878041900003,53.590759442
296,11,2022,6,4,5,2,0,7,1,0,0,0,0,0,1,0,8.80583764100004,53.07328053
297,11,2022,6,6,18,3,5,2,1,1,0,0,0,0,0,0,8.71860094700003,53.045898519
298,11,2022,5,3,17,3,0,1,1,0,0,0,0,0,0,1,8.76837420700002,53.103127198
299,12,2022,3,6,14,3,5,3,1,1,0,0,0,0,0,0,8.58588825100003,53.5592729310001
300,11,2022,5,2,15,3,5,3,1,1,0,0,0,0,0,0,8.87311196200005,53.084733966
301,11,2022,7,1,13,3,5,3,1,1,0,0,0,0,0,0,8.68681693200006,53.1681066940001
302,11,2022,1,5,14,3,4,6,1,0,0,0,0,0,0,0,8.91451114300003,53.0595983790001
303,11,2022,2,6,8,3,6,7,1,0,1,0,0,0,0,0,8.80907917600007,53.0740809050001
304,11,2022,5,5,5,3,5,3,1,1,0,0,0,0,1,0,8.91406412900005,53.0626789190001
305,11,2022,3,1,0,3,6,4,1,0,1,0,0,0,2,0,8.85313597200008,53.062507764
306,11,2022,1,3,8,3,5,2,1,1,0,0,0,0,0,1,8.85344052200003,53.064913093
307,12,2022,4,3,14,3,3,6,1,1,0,0,0,0,0,0,8.60085606000007,53.5162756890001
308,11,2022,5,3,13,3,5,2,1,1,0,0,0,0,0,0,8.74014295000006,53.051410666
309,11,2022,3,7,7,3,0,7,1,0,0,0,0,0,0,0,8.82314796100007,53.073159687
310,11,2022,6,4,15,2,5,2,1,1,0,0,0,0,0,0,8.85367012500006,53.064865458
311,12,2022,6,4,7,3,5,3,1,1,0,0,0,0,0,0,8.59184093400006,53.558976591
312,11,2022,5,7,12,3,1,5,1,1,0,0,0,0,0,0,8.85570150500007,53.084406449
313,11,2022,1,2,12,3,5,2,1,1,0,0,0,0,0,0,8.88600725600003,53.1096432370001
314,11,2022,5,1,16,3,4,6,1,1,0,0,0,0,0,0,8.88193077500006,53.071676058
315,11,2022,3,3,10,3,1,5,1,1,0,0,0,0,0,0,8.92642514100004,53.069682443
316,12,2022,7,3,16,3,5,3,1,1,0,0,0,0,0,0,8.58948770300003,53.5297816140001
317,12,2022,2,4,6,3,5,3,1,1,0,0,0,0,0,0,8.59779648800003,53.5071166960001
318,11,2022,6,7,19,3,0,7,1,0,0,0,0,0,0,0,8.95075734100004,53.061497516
319,11,2022,5,5,8,3,5,3,1,1,0,0,0,0,0,0,8.78644124200002,53.057027976
320,11,2022,6,5,19,3,1,5,1,1,0,0,0,0,0,0,8.85254061700005,53.080298956
321,11,2022,2,6,13,3,4,6,1,1,0,0,0,0,0,0,8.85802264400007,53.0836912670001
322,11,2022,3,4,11,2,5,2,1,1,0,0,0,0,0,1,8.80135342900007,53.071600689
323,11,2022,6,2,20,2,4,2,1,1,0,0,0,0,1,0,8.86643925700002,53.1036633480001
324,11,2022,2,2,14,3,4,6,1,0,0,0,0,0,0,1,8.83959793900004,53.0829129360001
325,11,2022,7,3,16,3,8,3,1,1,0,0,0,0,0,0,8.88253809700007,53.06364104
326,11,2022,6,6,15,3,0,2,1,1,0,0,0,0,0,0,8.76544779900007,53.1074264740001
327,11,2022,4,1,22,2,0,7,1,0,0,0,0,0,2,0,8.85263590600005,53.073716372
328,11,2022,6,7,18,3,0,1,1,0,0,0,0,0,0,0,8.77155623300007,53.108611743
329,12,2022,5,3,21,3,8,1,1,0,0,0,0,0,2,1,8.60348692500003,53.52347954
330,11,2022,1,3,16,3,6,4,1,0,1,0,0,0,1,0,8.81392506700007,53.0811600910001
331,11,2022,5,7,13,3,5,3,1,1,0,0,0,0,0,0,8.81812756600004,53.077730058
332,11,2022,2,3,7,3,4,6,1,0,0,0,0,1,0,0,8.88056722700003,53.0646277230001
333,11,2022,2,5,8,3,5,3,1,1,0,0,0,0,0,1,8.84779089500006,53.0505704930001
334,11,2022,5,1,19,3,4,6,1,0,0,0,0,0,0,0,8.80295353200006,53.096438984
335,11,2022,5,2,16,3,6,4,1,0,1,0,0,0,0,0,8.78646519200004,53.090832429
336,11,2022,4,5,16,2,5,3,1,1,0,0,0,0,0,1,8.57901933300008,53.1836208710001
337,11,2022,3,4,7,3,5,3,1,1,0,0,0,0,0,0,8.59752516100002,53.184836535
338,12,2022,6,5,17,3,5,2,1,1,0,0,0,0,0,0,8.57497002000002,53.54477359
339,11,2022,4,1,15,2,3,6,1,0,0,0,0,0,0,0,8.85797217300006,53.1364695830001
340,11,2022,6,4,10,3,5,3,1,1,0,0,0,0,0,0,8.78882785700006,53.0665565640001
341,12,2022,5,6,11,3,5,2,1,1,0,0,0,0,0,0,8.62646465500006,53.5295348230001
342,11,2022,1,2,15,3,5,3,1,1,0,0,0,0,0,0,8.88773832200008,53.0683946230001
343,12,2022,3,4,14,3,4,2,1,1,0,0,0,0,0,0,8.58095294100002,53.5513739840001
344,11,2022,6,1,8,3,5,3,1,1,0,0,0,0,0,0,8.87656287300007,53.0814244150001
345,11,2022,5,3,8,3,0,1,1,0,0,0,0,0,0,0,8.90054175200004,53.080389552
346,11,2022,3,4,15,3,3,2,1,1,0,0,0,0,0,0,8.82313769300004,53.073189455
347,12,2022,6,6,11,3,5,2,1,1,0,0,0,0,0,0,8.59334321800003,53.5340358720001
348,11,2022,3,3,7,3,5,3,1,1,0,0,0,0,0,0,8.88799176200007,53.0667408890001
349,11,2022,7,3,13,3,5,3,1,1,0,0,0,0,0,0,8.78983353000007,53.092713158
350,11,2022,5,5,9,3,2,6,1,1,0,0,0,0,0,0,8.80131039800006,53.0690056560001
351,11,2022,3,6,12,3,5,3,1,1,0,0,0,0,0,0,8.76858220200006,53.0939446960001
352,11,2022,2,4,22,3,7,2,1,0,0,0,0,0,2,1,8.81186589100002,53.0769527370001
353,12,2022,3,4,11,3,6,4,1,0,1,0,0,0,0,0,8.60486751800005,53.523333914
354,11,2022,6,4,16,3,5,3,1,0,0,0,0,1,0,0,8.83138038900006,53.0812453820001
355,12,2022,1,5,13,3,8,1,1,1,0,0,0,0,0,1,8.58407460800004,53.5171664220001
356,11,2022,2,6,12,3,6,4,1,0,1,0,0,0,0,0,8.80157221100006,53.0679929190001
357,11,2022,7,6,15,3,5,3,1,1,0,0,0,0,0,1,8.96986373400006,53.0466864540001
358,11,2022,1,5,10,3,5,2,1,1,0,0,0,0,0,1,8.72854549000004,53.038919456
359,12,2022,6,3,13,3,5,2,1,1,0,0,0,0,0,0,8.54276111200005,53.5875153980001
360,12,2022,3,3,15,3,1,5,1,0,0,0,1,0,0,0,8.58426564900003,53.5632919290001
361,11,2022,6,5,15,3,1,5,1,1,0,0,0,0,0,0,8.86612206000007,53.0639328450001
362,11,2022,2,2,14,3,5,3,1,1,0,0,0,0,0,0,8.80812176500007,53.059511548
363,11,2022,6,4,8,3,0,7,1,0,0,0,0,0,0,0,8.80464782500007,53.0807269840001
364,11,2022,3,7,19,3,0,7,1,0,0,0,0,0,2,0,8.81911748800007,53.069619689
365,11,2022,6,4,7,3,6,4,1,0,1,0,0,0,0,0,8.93756475400005,53.0753527430001
366,11,2022,6,1,20,3,0,7,1,0,0,0,0,0,0,0,8.73682163600006,53.0455699840001
367,11,2022,1,6,9,3,5,3,1,1,0,0,0,0,0,0,8.82408103300003,53.079228931
368,11,2022,2,4,18,3,2,2,1,1,0,0,0,0,2,0,8.81698450400006,53.078830123
369,11,2022,5,5,20,3,0,7,1,0,0,0,0,0,0,1,8.82559232300002,53.078922563
370,11,2022,6,6,19,3,5,3,1,1,0,0,0,0,0,0,8.64782434700004,53.1714886
371,11,2022,2,4,15,3,3,6,1,1,0,0,0,0,0,0,8.85573571400005,53.074038332
372,11,2022,1,6,10,3,5,3,1,1,0,0,0,0,0,1,8.73945041800005,53.1363914930001
373,12,2022,3,3,16,3,1,5,1,1,0,0,0,0,0,0,8.60481270100007,53.523651891
374,11,2022,5,6,19,3,5,3,1,1,0,0,0,0,0,0,8.71633667300006,53.056499011
375,11,2022,6,7,13,3,5,2,1,1,0,0,0,0,0,0,8.70397516800006,53.158134826
376,11,2022,7,2,18,3,5,2,1,1,0,0,0,0,0,0,8.94058394000007,53.0776143940001
377,11,2022,7,4,23,3,1,5,1,0,0,0,0,1,2,0,8.83903939500004,53.0676996
378,11,2022,1,7,10,3,0,1,1,0,0,0,0,0,0,1,8.82283731600006,53.0729229510001
379,11,2022,2,6,18,3,1,5,1,1,0,0,0,0,2,0,8.80891634500006,53.0635673410001
380,11,2022,6,1,17,3,5,2,1,1,0,0,0,0,0,1,8.87101149500006,53.087422556
381,11,2022,6,4,12,3,0,7,1,0,0,0,0,0,0,1,8.80299433300007,53.0926574310001
382,11,2022,2,6,7,3,5,3,1,1,0,0,0,0,0,0,8.86057058900008,53.0719816440001
383,11,2022,5,2,8,3,5,3,1,1,0,0,0,0,0,0,8.76909364600004,53.082687236
384,11,2022,5,2,16,3,5,3,1,1,0,0,0,0,0,0,8.68608457100004,53.173313335
385,11,2022,5,4,8,3,5,3,1,1,0,0,0,0,0,0,8.61639167800007,53.1831943340001
386,12,2022,3,6,7,3,2,6,1,1,0,0,0,0,0,1,8.61819936500007,53.570741395
387,11,2022,4,6,11,2,5,3,1,1,0,0,0,0,0,0,8.57102680900005,53.1812661860001
388,11,2022,6,7,12,3,5,3,1,0,0,0,0,1,0,0,8.82525881200007,53.0790901340001
389,12,2022,5,3,17,3,0,7,1,0,0,0,0,0,0,1,8.58103977600007,53.5439064620001
390,11,2022,5,1,9,3,5,3,1,0,0,0,0,0,0,0,8.81682249400006,53.104685542
391,11,2022,6,4,17,3,5,3,1,1,0,0,0,0,0,0,8.69649434500008,53.1756279640001
392,11,2022,3,6,7,3,5,2,1,1,0,0,0,0,0,0,8.92554378500006,53.0730958830001
393,11,2022,7,2,15,3,5,2,1,1,0,0,0,0,0,1,8.78398617600004,53.08805977
394,12,2022,6,5,16,3,5,3,1,1,0,0,0,0,0,0,8.59839602200003,53.5328824950001
395,11,2022,5,3,11,3,0,7,1,0,0,0,0,0,0,1,8.80523588800003,53.0771910540001
396,11,2022,6,6,12,3,5,2,1,1,0,0,0,0,0,0,8.78646138100004,53.0954359840001
397,11,2022,3,6,15,3,0,1,1,1,0,0,0,0,0,0,8.83677073600006,53.0825516210001
398,11,2022,7,1,13,3,5,2,1,0,0,0,0,0,0,0,8.85119771400002,53.116636128
399,11,2022,7,1,11,3,3,6,1,1,0,0,0,0,0,0,8.77715163800002,53.063636252
400,11,2022,1,5,22,3,4,6,1,0,0,0,0,0,2,1,8.83497365700003,53.0965477240001
401,11,2022,3,3,15,3,5,3,1,1,0,0,0,0,0,0,8.78535942200006,53.0709131740001
402,11,2022,7,7,17,3,0,5,1,1,0,0,0,0,0,0,8.95445333100002,53.0627930200001
403,12,2022,7,4,17,3,5,3,1,1,0,0,0,0,0,0,8.60552086200005,53.516411566
404,11,2022,5,3,10,3,5,3,1,0,0,0,0,0,0,0,8.81624965400005,53.07916312
405,11,2022,1,6,16,3,1,1,1,1,0,0,0,0,0,1,8.82414167000007,53.0730358370001
406,12,2022,6,7,9,3,5,3,1,1,0,0,0,0,0,0,8.59422274800005,53.5392692840001
407,12,2022,4,6,18,3,5,2,1,1,0,0,0,0,0,0,8.60073449300006,53.536332853
408,12,2022,3,3,16,3,0,7,1,0,0,0,0,0,0,0,8.62759130200004,53.5280333210001
409,11,2022,6,3,10,3,5,3,1,1,0,0,0,0,0,0,8.82411762400005,53.079221321
410,11,2022,4,5,7,3,5,3,1,1,0,0,0,0,0,0,8.72921282300007,53.0856983470001
411,11,2022,6,5,17,3,1,5,1,1,0,0,0,0,0,0,8.82780253500005,53.0725170580001
412,11,2022,5,2,8,3,3,6,1,0,0,0,0,0,0,0,8.80193038800007,53.086566802
413,11,2022,1,2,7,2,5,2,1,0,0,0,0,0,2,1,8.87327823000004,53.067205599
414,11,2022,4,1,18,3,1,5,1,1,0,0,0,0,0,0,8.84411778600003,53.0751773540001
415,11,2022,2,2,19,3,5,3,1,1,0,0,0,0,2,1,8.82694046000006,53.034271947
416,11,2022,3,2,10,2,5,3,1,1,0,0,0,0,0,1,8.68841585100006,53.1696807700001
417,11,2022,7,3,16,3,5,7,1,1,0,0,0,0,0,0,8.75898592300007,53.1192862710001
418,11,2022,6,3,7,3,5,2,1,1,0,0,0,0,0,0,8.78406994100004,53.075572374
419,11,2022,6,2,6,3,6,3,1,0,1,0,0,0,0,0,8.57829547200004,53.206808326
420,12,2022,5,1,17,3,5,3,1,1,0,0,0,0,0,0,8.58519789300004,53.5574436050001
421,11,2022,3,3,10,3,5,3,1,1,0,0,0,0,0,0,8.58458647800006,53.181472813
422,11,2022,7,3,10,3,5,3,1,1,0,0,0,0,0,0,8.78410923400003,53.0895056150001
423,11,2022,1,4,20,3,5,2,1,1,0,0,0,0,2,0,8.79121784200004,53.091579671
424,11,2022,2,4,10,3,4,6,1,1,0,0,0,0,0,1,8.95039952000008,53.0579363680001
425,11,2022,5,1,0,3,0,1,1,0,0,0,0,0,2,0,8.80902694500003,53.0747507560001
426,11,2022,7,4,17,3,4,6,1,0,0,1,0,0,0,0,8.85315158000003,53.0625563560001
427,11,2022,7,6,19,3,5,3,1,1,0,0,0,0,0,0,8.78156563100003,53.077730876
428,11,2022,5,5,17,3,5,2,1,1,0,0,0,0,0,1,8.94760269500006,53.064294433
429,11,2022,2,4,15,3,5,2,1,1,0,0,0,0,0,1,8.87608502500007,53.082136414
430,11,2022,2,4,17,3,4,6,1,0,0,0,0,0,2,1,8.67737503700005,53.1733107310001
431,12,2022,7,4,11,2,0,7,1,0,0,0,0,0,0,0,8.58834355000005,53.530676413
432,12,2022,5,3,23,2,0,7,1,0,0,0,0,0,2,0,8.57845878700005,53.559564591
433,11,2022,1,5,22,3,0,7,1,0,0,0,0,0,2,2,8.82503444100007,53.0845848650001
434,11,2022,4,2,15,3,0,7,1,1,0,0,0,0,0,0,8.86478388500007,53.0954736690001
435,11,2022,5,3,14,3,5,3,1,1,0,0,0,0,0,0,8.90205124000005,53.072702916
436,11,2022,6,3,6,3,5,2,1,1,0,0,0,0,0,0,8.62451376300004,53.177214539
437,11,2022,4,4,13,3,5,3,1,1,0,0,0,0,0,0,8.79097819500004,53.067876104
438,11,2022,7,6,8,3,5,2,1,1,0,0,0,0,0,0,8.82447085700005,53.0842560790001
439,12,2022,5,5,17,3,5,3,1,1,0,0,0,0,0,1,8.54456026100007,53.59566096
440,11,2022,3,6,17,3,5,2,1,1,0,0,0,0,0,0,8.62445161300008,53.17669884
441,11,2022,7,3,19,3,5,3,1,1,0,0,0,0,0,0,8.75008748600004,53.1258526940001
442,11,2022,2,3,13,3,2,6,1,1,0,0,0,0,0,1,8.82424985900008,53.0751621220001
443,11,2022,4,3,4,3,0,7,1,0,0,0,0,0,2,0,8.64016802200007,53.1731722850001
444,11,2022,6,6,17,3,6,4,1,0,1,0,0,0,0,0,8.85157703900006,53.0650290450001
445,12,2022,5,2,18,3,5,3,1,1,0,0,0,0,0,0,8.59466250700007,53.527462814
446,12,2022,5,7,0,3,8,1,1,0,0,0,0,0,2,1,8.59002181200003,53.556802454
447,11,2022,3,4,7,3,5,2,1,1,0,0,0,0,0,0,8.87550034600002,53.082081341
448,11,2022,7,2,16,3,5,2,1,1,0,0,0,0,0,0,8.87060615700005,53.0913633380001
449,11,2022,1,7,0,3,5,3,1,1,0,0,0,0,2,1,8.62793540100006,53.1718564920001
450,11,2022,2,3,18,3,5,3,1,0,0,0,0,1,2,0,8.80929993400002,53.074652778
451,12,2022,5,4,12,3,1,5,1,1,0,0,0,0,0,0,8.59496156000006,53.5388429500001
452,11,2022,3,2,8,3,3,6,1,0,0,0,0,1,0,0,8.88041785800004,53.0604945850001
453,11,2022,5,2,12,3,5,3,1,1,0,0,0,0,0,0,8.76354347000006,53.108971927
454,11,2022,4,4,6,3,5,3,1,1,0,0,0,0,1,0,8.75805644400003,53.0582040130001
455,11,2022,1,6,15,3,5,3,1,1,0,0,0,0,0,0,8.87653298700008,53.0810411320001
456,11,2022,4,1,16,3,6,4,1,0,1,0,0,0,0,0,8.87118571600007,53.061765558
457,11,2022,6,6,8,2,3,6,1,0,0,0,0,0,0,0,8.73616795200007,53.0475190240001
458,11,2022,7,6,16,3,4,6,1,0,0,0,0,0,0,0,8.84121744300006,53.035413383
459,11,2022,2,6,11,3,5,2,1,0,0,0,0,1,0,1,8.79002357400003,53.096786444
460,11,2022,3,6,11,3,5,3,1,0,0,0,1,0,0,0,8.72915434400005,53.0857136380001
461,11,2022,6,6,6,2,3,6,1,0,0,0,0,1,0,0,8.77549707900005,53.0909305750001
462,11,2022,5,6,13,3,5,3,1,1,0,0,0,0,0,0,8.78589924000005,53.1028731160001
463,11,2022,1,3,9,3,0,7,1,0,0,0,0,0,0,2,8.56914358800003,53.181205778
464,11,2022,2,6,20,3,5,3,1,1,0,0,0,0,2,1,8.76235802400004,53.1157461550001
465,11,2022,5,4,8,2,5,3,1,1,0,0,0,0,0,0,8.84994848400004,53.0850314350001
466,11,2022,2,3,14,3,0,7,1,0,0,0,0,0,0,1,8.89432120700008,53.050858949
467,11,2022,7,1,6,3,5,3,1,1,0,0,0,0,1,0,8.78882789000005,53.1042284210001
468,11,2022,6,3,12,3,5,3,1,0,0,0,0,0,0,0,8.81910282600006,53.080364633
469,11,2022,1,6,6,3,0,7,1,0,0,0,0,0,2,1,8.92217322300007,53.0914753850001
470,11,2022,5,2,15,3,5,3,1,1,0,0,0,0,0,0,8.76365977700004,53.12308692
471,11,2022,2,7,19,3,0,7,1,1,0,0,0,0,2,0,8.95474449800003,53.0750521210001
472,11,2022,6,4,20,3,4,2,1,1,0,0,0,0,0,0,8.93445306000007,53.069465644
473,11,2022,5,5,17,3,5,3,1,1,0,0,0,0,0,0,8.84072200100007,53.104900641
474,11,2022,4,2,7,2,0,7,1,0,0,0,0,0,0,1,8.83157907600003,53.0859445300001
475,11,2022,4,7,19,3,8,2,1,1,0,0,0,0,0,0,8.78491515900004,53.0886712270001
476,11,2022,4,7,10,2,2,7,1,0,0,0,0,0,0,0,8.84165701700005,53.029120248
477,11,2022,6,7,9,3,5,3,1,1,0,0,0,0,0,0,8.64779601000004,53.171486664
478,11,2022,5,3,9,3,5,3,1,0,0,0,0,1,0,0,8.83819534000003,53.078876742
479,11,2022,1,2,11,3,5,3,1,1,0,0,0,0,0,1,8.60577854800005,53.1816874630001
480,11,2022,6,7,12,3,5,3,1,1,0,0,0,0,0,0,8.87260817000003,53.102681046
481,11,2022,1,4,18,3,0,6,1,1,0,0,0,0,2,0,8.80023890200005,53.0650468580001
482,11,2022,5,6,16,3,4,6,1,0,0,0,0,0,0,0,8.81200728500005,53.0796640410001
483,11,2022,5,3,16,3,5,3,1,1,0,0,0,0,0,0,8.93051044800006,53.0590156120001
484,11,2022,6,7,17,3,2,6,1,1,0,0,0,0,0,0,8.74343485500003,53.1374309540001
485,11,2022,3,3,7,3,5,3,1,0,0,0,0,0,0,0,8.85261075200003,53.073619605
486,11,2022,2,4,14,3,5,3,1,1,0,0,0,0,0,1,8.89183382400006,53.0483543110001
487,12,2022,3,3,7,3,5,3,1,1,0,0,0,0,0,0,8.61018598400005,53.529910596
488,11,2022,6,4,20,3,5,3,1,1,0,0,0,0,1,0,8.87521329900005,53.1013131240001
489,11,2022,5,2,16,3,5,2,1,1,0,0,0,0,0,0,8.80321461700004,53.080138893
490,11,2022,6,2,18,3,5,3,1,1,0,0,0,0,0,1,8.80407683100003,53.0723687020001
491,11,2022,3,5,16,2,0,1,1,0,0,0,0,0,0,0,8.84973784700003,53.065672369
492,11,2022,7,3,7,3,3,6,1,0,0,0,0,1,0,0,8.64121214900007,53.1731599670001
493,11,2022,7,4,18,3,5,3,1,1,0,0,0,0,0,0,8.77739687400003,53.1101347810001
494,11,2022,5,5,14,2,5,3,1,0,0,0,0,1,0,0,8.81863217800003,53.0767632930001
495,11,2022,6,2,15,3,5,3,1,1,0,0,0,0,0,0,8.52500126600006,53.2041488230001
496,11,2022,2,7,23,3,0,1,1,0,0,0,0,0,2,0,8.84317719900002,53.0809181450001
497,11,2022,3,5,16,3,0,7,1,0,0,0,0,0,0,0,8.80379832900007,53.072430486
498,11,2022,6,1,13,3,6,7,1,0,1,0,0,0,0,0,8.81525209200004,53.0812145730001
499,11,2022,4,7,14,3,0,1,1,0,0,0,0,0,0,0,8.85629013600004,53.0892069830001
500,11,2022,7,6,8,3,5,3,1,1,0,0,0,0,0,1,8.83377731500008,53.0818627250001
501,11,2022,1,6,12,3,5,2,1,0,0,0,0,0,0,0,8.95126366000005,53.057882206
502,11,2022,5,3,12,3,5,3,1,1,0,0,0,0,0,0,8.81873489000003,53.0778023390001
503,11,2022,3,6,7,3,5,2,1,1,0,0,0,0,0,0,8.82466966400006,53.084185985
504,11,2022,6,3,18,3,1,5,1,1,0,0,0,0,0,0,8.80407913800008,53.062364632
505,12,2022,6,3,9,3,5,3,1,0,0,0,0,0,0,0,8.58928344900005,53.5689342650001
506,11,2022,5,2,10,2,1,7,1,1,0,0,0,0,0,0,8.81920365400003,53.050633239
507,11,2022,6,5,9,3,5,3,1,1,0,0,0,0,0,0,8.79389703400005,53.0966325680001
508,11,2022,3,6,12,3,5,3,1,1,0,0,0,0,0,0,8.87313042100004,53.084714756
509,11,2022,7,5,14,3,3,2,1,1,0,0,0,0,0,0,8.82649637600002,53.072911242
510,11,2022,1,4,17,3,5,3,1,1,0,0,0,0,2,0,8.62604120300006,53.1722867720001
511,11,2022,5,5,18,3,5,3,1,1,0,0,0,0,0,0,8.85473544900003,53.0764472540001
512,11,2022,3,4,14,3,5,3,1,1,0,0,0,0,0,0,8.87659847800006,53.0813866290001
513,12,2022,7,4,14,3,5,2,1,0,0,0,1,0,0,0,8.59894404800002,53.5052591800001
514,11,2022,5,5,11,3,5,3,1,1,0,0,0,0,0,0,8.81837442800003,53.0774223340001
515,11,2022,2,2,11,3,5,2,1,1,0,0,0,0,0,0,8.80137883800006,53.079051533
516,11,2022,5,3,11,3,5,3,1,1,0,0,0,0,0,0,8.87186524700007,53.077207136
517,11,2022,5,1,15,3,0,7,1,0,0,0,0,0,0,0,8.86815847600008,53.073129011
518,11,2022,4,3,6,3,0,7,1,0,0,0,0,0,0,0,8.60973334000005,53.1733041370001
519,11,2022,5,5,18,3,5,2,1,1,0,0,0,0,0,1,8.87176509600005,53.0914361470001