,UKREIS,UJAHR,UMONAT,UWOCHENTAG,USTUNDE,UKATEGORIE,UART,UTYP1,IstRad,IstPKW,IstFuss,IstKrad,IstGkfz,IstSonstig,ULICHTVERH,STRZUSTAND,longitude,latitude
520,11,2022,6,2,16,2,5,3,1,0,0,0,0,1,0,0,8.87334659200008,53.0913046000001
521,11,2022,6,3,17,3,0,7,1,0,0,0,0,0,0,0,8.94900891600003,53.063526521
522,11,2022,4,4,11,3,1,5,1,1,0,0,0,0,0,0,8.80065771400007,53.0647667370001
523,11,2022,6,7,8,3,3,6,1,1,0,0,0,0,0,0,8.80001284700006,53.0970696050001
524,11,2022,4,1,18,3,0,7,1,0,0,0,0,0,0,1,8.77066390400006,53.1000164280001
525,11,2022,5,5,5,3,0,7,1,0,0,0,0,0,0,0,8.85611263100003,53.0888471010001
526,11,2022,1,2,6,3,5,2,1,1,0,0,0,0,2,1,8.91402581400007,53.0682385740001
527,11,2022,3,5,15,3,5,3,1,1,0,0,0,0,0,0,8.79407681300006,53.1031819990001
528,11,2022,5,5,15,3,3,6,1,1,0,0,0,0,0,0,8.94346757200003,53.062682431
529,11,2022,6,1,19,3,0,7,1,0,0,0,0,0,0,0,8.80535986100006,53.100412078
530,11,2022,4,6,15,2,5,3,1,0,0,0,0,1,0,0,8.76056400700003,53.08788301
531,11,2022,6,2,10,3,5,2,1,0,0,0,0,1,0,0,8.70465721100004,53.154822095
532,11,2022,5,2,9,3,5,3,1,0,1,0,0,0,0,0,8.84524621300005,53.0779097020001
533,11,2022,2,1,18,3,5,3,1,1,0,0,0,0,2,0,8.85119616500003,53.033695289
534,11,2022,2,6,7,2,5,3,1,0,0,0,1,0,0,0,8.79039714400005,53.0862973580001
535,12,2022,5,5,15,3,0,7,1,0,0,0,0,0,0,0,8.60127610600006,53.5913657240001
536,11,2022,3,2,11,2,2,6,1,1,0,0,0,0,0,0,8.64789342700004,53.1702224260001
537,11,2022,5,3,8,2,3,2,1,1,0,0,0,0,0,0,8.82778934600003,53.0830400090001
538,11,2022,6,4,8,3,3,2,1,0,0,0,1,0,0,0,8.92338680700004,53.0593632470001
539,11,2022,3,4,14,3,5,3,1,1,0,0,0,0,0,0,8.88308914500004,53.074751409
540,11,2022,4,5,16,3,5,3,1,1,0,0,0,0,0,0,8.57189906700006,53.1886235490001
541,11,2022,2,6,7,3,3,6,1,0,0,0,0,0,2,0,8.93302212000003,53.093314171
542,11,2022,4,6,16,2,3,6,1,0,0,0,0,1,0,0,8.57183965100006,53.196786692
543,12,2022,7,3,14,2,0,7,1,0,0,0,0,0,0,0,8.56912660600005,53.5876044400001
544,11,2022,2,5,18,2,0,7,1,0,0,0,0,0,0,1,8.83194571900003,53.0710698080001
545,11,2022,5,3,8,3,5,3,1,1,0,0,0,0,0,0,8.86119025500005,53.108528397
546,11,2022,1,7,10,3,0,7,1,0,0,0,0,0,0,2,8.82476463200004,53.0845782660001
547,11,2022,3,2,18,3,5,3,1,1,0,0,0,0,0,0,8.80971328000004,53.0826882740001
548,11,2022,5,2,18,3,4,6,1,0,0,0,0,0,0,0,8.88749400200004,53.090468951
549,11,2022,6,5,7,3,5,3,1,1,0,0,0,0,0,0,8.78476865200003,53.0714456380001
550,11,2022,3,3,0,3,0,7,1,0,0,0,0,0,2,0,8.87163954200003,53.06228803
551,11,2022,7,6,14,3,1,5,1,1,0,0,0,0,0,0,8.57283872300007,53.1983072260001
552,11,2022,2,1,22,3,5,3,1,1,0,0,0,0,2,0,8.88020821900005,53.0605906760001
553,11,2022,5,1,12,2,2,6,1,1,0,0,0,0,0,0,8.85395382800004,53.0660184110001
554,11,2022,3,6,16,3,4,6,1,0,0,0,0,0,0,0,8.81062348700004,53.081871091
555,11,2022,3,1,16,3,5,3,1,1,0,0,0,0,0,0,8.73909873400004,53.135187387
556,11,2022,5,1,14,3,6,4,1,0,1,0,0,0,0,0,8.80426340700006,53.0622405490001
557,11,2022,3,2,11,3,5,3,1,1,0,0,0,0,0,0,8.78042080700004,53.092902607
558,11,2022,7,3,8,3,1,5,1,1,0,0,0,0,0,0,8.89228397600004,53.1103778090001
559,11,2022,2,3,6,3,5,3,1,1,0,0,0,0,1,1,8.78755116900004,53.069853854
560,11,2022,6,4,14,3,5,3,1,0,0,0,0,1,0,0,8.91463993700006,53.0595925600001
561,11,2022,5,6,9,3,5,3,1,1,0,0,0,0,0,0,8.79273772700003,53.103062537
562,11,2022,7,7,9,3,1,5,1,0,0,0,0,1,0,0,8.82299947100006,53.0735901800001
563,11,2022,5,3,18,3,3,6,1,0,0,0,0,1,0,0,8.93833450400007,53.0370850040001
564,11,2022,6,4,19,3,3,6,1,1,0,0,0,0,0,1,8.68586993000002,53.1738488220001
565,11,2022,5,4,13,3,0,3,1,1,0,0,0,0,0,0,8.83561614100006,53.0737660120001
566,12,2022,3,3,7,3,5,2,1,1,0,0,0,0,0,1,8.59254293100003,53.567034316
567,11,2022,7,6,23,3,0,7,1,0,0,0,0,0,2,0,8.82700477200007,53.072767522
568,11,2022,5,5,17,3,5,2,1,0,0,1,0,0,0,0,8.78715030700005,53.0831011060001
569,11,2022,2,5,12,3,5,2,1,1,0,0,0,0,0,0,8.85634632600005,53.0737770200001
570,11,2022,6,1,19,3,6,4,1,0,1,0,0,0,0,0,8.92921579500006,53.119650989
571,11,2022,2,6,9,3,5,3,1,1,0,0,0,0,0,1,8.94367229600005,53.0663950840001
572,12,2022,6,3,17,3,2,6,1,0,0,0,0,1,0,0,8.59245280200003,53.5669603160001
573,11,2022,7,4,13,2,5,3,1,0,0,0,1,0,0,0,8.73474558000004,53.0817389150001
574,12,2022,7,6,10,2,5,3,1,1,0,0,0,0,0,0,8.59649973300003,53.5384941190001
575,11,2022,5,3,8,2,5,2,1,1,0,0,0,0,0,0,8.68587619200002,53.173837625
576,11,2022,4,7,17,3,5,2,1,1,0,0,0,0,0,0,8.54532982600006,53.1942758710001
577,11,2022,3,2,13,2,0,7,1,0,1,0,0,0,0,0,8.84964042700005,53.085251445
578,12,2022,6,5,15,3,5,3,1,0,0,0,0,1,0,0,8.59264134600005,53.581881035
579,11,2022,5,6,12,3,5,2,1,1,0,0,0,0,0,0,8.89447051700006,53.054457278
580,11,2022,1,4,15,3,3,6,1,1,0,0,0,0,0,1,8.83860002500006,53.0968477960001
581,11,2022,5,2,18,3,5,2,1,1,0,0,0,0,0,0,8.76417161200004,53.085917362
582,11,2022,3,4,16,3,5,2,1,1,0,0,0,0,0,0,8.81888896700002,53.1117120420001
583,11,2022,6,5,17,3,5,3,1,1,0,0,0,0,0,0,8.56953020700007,53.1821860480001
584,11,2022,6,2,14,3,5,3,1,1,0,0,0,0,0,0,8.70370092500002,53.172465034
585,11,2022,5,2,8,3,3,6,1,0,0,0,0,0,0,0,8.78240968800003,53.1043295530001
586,11,2022,4,3,14,3,5,3,1,1,0,0,0,0,0,1,8.79271048900006,53.0893992760001
587,12,2022,7,7,14,3,5,2,1,1,0,0,0,0,0,0,8.59655933800008,53.5723063980001
588,11,2022,11,7,0,3,0,7,1,0,0,0,0,0,2,0,8.81278047500007,53.073312668
589,11,2022,8,2,7,3,5,2,1,0,0,0,0,1,0,1,8.90011140200005,53.052700719
590,11,2022,10,5,11,3,5,2,1,1,0,0,0,0,0,0,8.74054532100007,53.0542450090001
591,11,2022,12,2,8,2,0,1,1,0,0,0,0,0,0,2,8.85639196200003,53.089511369
592,12,2022,10,1,0,2,0,1,1,0,0,0,0,0,2,1,8.58214258200007,53.550364856
593,11,2022,11,5,9,3,5,3,1,1,0,0,0,0,0,0,8.85555524700004,53.0886211590001
594,11,2022,8,7,15,3,5,3,1,0,0,0,0,0,0,0,8.81442877500007,53.0551028240001
595,11,2022,10,6,19,3,5,2,1,1,0,0,0,0,2,0,8.79125791400003,53.091601989
596,11,2022,12,6,17,3,4,6,1,0,0,0,0,0,2,0,8.79803685600007,53.0835266380001
597,11,2022,9,4,15,3,6,7,1,0,1,0,0,0,0,0,8.79982107200004,53.071769745
598,12,2022,10,2,14,3,5,3,1,1,0,0,0,0,0,0,8.59121759500005,53.56613235
599,11,2022,11,3,15,3,3,2,1,0,0,0,0,0,0,0,8.80639254300007,53.0940009220001
600,11,2022,9,5,16,3,5,3,1,1,0,0,0,0,0,0,8.85433212600003,53.082576181
601,11,2022,10,4,21,3,5,3,1,1,0,0,0,0,2,0,8.85100748400004,53.027438036
602,11,2022,11,3,8,3,5,3,1,1,0,0,0,0,0,0,8.82501987100005,53.0845806290001
603,12,2022,10,4,8,3,5,3,1,1,0,0,0,0,0,0,8.57870191400002,53.5828212820001
604,11,2022,7,7,21,3,9,7,1,0,0,0,0,0,1,0,8.76243455100007,53.070142467
605,11,2022,10,6,19,3,4,6,1,0,0,0,0,1,1,1,8.87301924100007,53.0848334280001
606,11,2022,8,5,16,3,5,2,1,1,0,0,0,0,0,0,8.80348121200007,53.0627609060001
607,11,2022,9,2,23,2,0,7,1,0,0,0,0,0,2,1,8.83043398700005,53.08168256
608,11,2022,7,5,18,3,6,4,1,0,1,0,0,0,0,1,8.79810280700002,53.0801673970001
609,12,2022,9,2,17,3,0,1,1,1,0,0,0,0,0,0,8.59070438000003,53.540783747
610,11,2022,11,2,5,3,0,7,1,1,0,0,0,0,2,1,8.63500354600006,53.167026956
611,11,2022,8,7,13,3,5,3,1,0,1,0,0,0,0,0,8.71536809300005,53.0525559960001
612,11,2022,9,6,22,3,0,3,1,1,0,0,0,0,2,1,8.80643154700005,53.073661981
613,12,2022,8,2,16,3,5,3,1,0,0,0,0,1,0,0,8.62176265400007,53.5945464700001
614,11,2022,9,3,14,3,3,6,1,0,0,0,0,1,0,0,8.88757700200006,53.0904689490001
615,11,2022,12,5,19,3,6,4,1,0,1,0,0,0,2,2,8.81044222500003,53.0961407570001
616,11,2022,8,7,14,3,4,6,1,1,0,0,0,0,0,0,8.77234083300004,53.0716291630001
617,12,2022,9,5,16,3,5,3,1,0,0,0,0,0,0,1,8.58923665500004,53.521896435
618,12,2022,12,5,5,3,5,3,1,1,0,0,0,0,2,1,8.61864630500003,53.528434261
619,11,2022,10,2,7,2,6,4,1,0,1,0,0,0,1,0,8.88119128200003,53.1021658020001
620,11,2022,8,3,13,3,5,3,1,1,0,0,0,0,0,0,8.62818762900002,53.1865748450001
621,11,2022,10,1,17,3,4,6,1,0,0,0,0,0,0,0,8.89180880300006,53.1320133250001
622,11,2022,9,1,16,3,1,5,1,1,0,0,0,0,0,0,8.83783981000005,53.07808141
623,11,2022,9,5,14,3,5,3,1,1,0,0,0,0,0,0,8.93513358000007,53.0383688960001
624,11,2022,10,5,9,3,5,3,1,1,0,0,0,0,0,0,8.82736897400002,53.0830939260001
625,11,2022,12,2,14,3,0,1,1,0,0,0,0,0,0,1,8.78873428900005,53.098209415
626,11,2022,10,5,9,3,4,2,1,1,0,0,0,0,0,0,8.61943899100004,53.1841167600001
627,11,2022,12,4,21,3,5,2,1,1,0,0,0,0,2,1,8.94172930000008,53.067240306
628,11,2022,8,3,13,3,0,7,1,0,0,0,0,1,0,0,8.72843901200002,53.138656052
629,12,2022,10,4,14,3,5,3,1,1,0,0,0,0,0,0,8.59973446200007,53.5549253250001
630,11,2022,7,1,16,3,5,3,1,1,0,0,0,0,0,0,8.79663087900008,53.0824970200001
631,12,2022,10,6,16,3,5,3,1,0,0,0,0,1,0,1,8.60542783900007,53.591139909
632,11,2022,8,6,15,3,5,3,1,0,0,0,1,0,0,1,8.80571826700003,53.107586874
633,11,2022,10,6,14,3,5,2,1,1,0,0,0,0,0,0,8.80844236400003,53.0880566220001
634,11,2022,12,5,12,3,5,2,1,1,0,0,0,0,0,0,8.56185228100003,53.1833654390001
635,11,2022,7,4,16,3,5,3,1,1,0,0,0,0,0,0,8.80849793300007,53.088081431
636,11,2022,9,7,0,3,5,3,1,1,0,0,0,0,2,0,8.77945936900005,53.0687784040001
637,11,2022,11,6,10,3,5,3,1,1,0,0,0,0,0,0,8.80795357400007,53.0744245860001
638,12,2022,10,5,12,3,3,6,1,0,0,0,0,0,0,0,8.59563602300005,53.535758861
639,11,2022,10,3,7,3,5,3,1,0,0,0,0,1,0,0,8.82756923000005,53.079736487
640,11,2022,7,5,16,3,5,3,1,1,0,0,0,0,0,0,8.88954305000004,53.082770053
641,11,2022,9,5,10,3,5,3,1,1,0,0,0,0,0,0,8.82517921100003,53.084481935
642,11,2022,12,5,17,3,5,3,1,1,0,0,0,0,2,1,8.62608152300004,53.1832600160001
643,11,2022,8,5,13,3,5,3,1,1,0,0,0,0,0,0,8.91440661300004,53.062678761
644,11,2022,10,1,16,3,3,2,1,1,0,0,0,0,0,0,8.69393236200006,53.1686606870001
645,11,2022,8,4,9,2,5,2,1,1,0,0,0,0,0,0,8.89257209300007,53.061486992
646,11,2022,12,2,9,3,6,4,1,0,1,0,0,0,0,1,8.56186677300008,53.1963280520001
647,11,2022,10,3,6,3,5,3,1,1,0,0,0,0,2,1,8.73664902600007,53.045303222
648,11,2022,10,7,0,2,0,7,1,0,0,0,0,0,2,0,8.85961718200002,53.063658886
649,11,2022,11,6,14,3,6,4,1,0,1,0,0,0,0,0,8.82776532900004,53.085007051
650,11,2022,12,5,15,3,5,3,1,1,0,0,0,0,0,0,8.79117217400005,53.091474168
651,11,2022,9,2,15,3,5,3,1,1,0,0,0,0,0,0,8.64958073200006,53.1738663290001
652,11,2022,9,4,19,3,0,7,1,0,0,0,0,0,0,0,8.85326046800003,53.0629808
653,11,2022,8,6,8,3,5,3,1,1,0,0,0,0,0,1,8.68840281800004,53.1696712450001
654,11,2022,9,6,14,3,5,3,1,0,0,0,0,1,0,0,8.77167035300005,53.061472608
655,11,2022,10,4,12,3,0,2,1,1,0,0,0,0,0,0,8.88766477800004,53.109047423
656,11,2022,11,3,14,3,4,6,1,1,0,0,0,0,0,0,8.93734413200002,53.075520242
657,11,2022,9,2,7,3,0,7,1,0,0,0,0,0,0,0,8.81930531100005,53.0463915500001
658,11,2022,8,1,21,3,5,3,1,1,0,0,0,0,2,0,8.79488767300006,53.0939413940001
659,12,2022,8,5,16,3,5,7,1,1,0,0,0,0,0,0,8.58209763800005,53.5530369240001
660,12,2022,9,6,9,3,5,2,1,1,0,0,0,0,0,0,8.59094635500003,53.5820706740001
661,11,2022,11,5,10,3,1,5,1,1,0,0,0,0,0,0,8.82379761200002,53.073010804
662,12,2022,8,4,8,3,5,2,1,1,0,0,0,0,0,0,8.59197331300004,53.5793205680001
663,12,2022,8,2,18,3,5,3,1,1,0,0,0,0,0,0,8.57212029100003,53.548385754
664,12,2022,12,2,14,3,6,7,1,0,1,0,0,0,0,1,8.57531697600007,53.547518634
665,11,2022,11,3,8,3,3,6,1,0,0,0,0,0,0,1,8.86268474000008,53.0988612620001
666,11,2022,10,4,14,3,6,7,1,0,1,0,0,0,0,0,8.62547374300004,53.1705803930001
667,11,2022,9,2,12,3,3,5,1,1,0,0,0,0,0,0,8.80662815700003,53.081633525
668,11,2022,9,4,16,3,0,7,1,0,0,0,0,1,0,1,8.61420850100006,53.176220748
669,11,2022,9,5,15,3,4,2,1,1,0,0,0,0,0,0,8.80744439200004,53.0952154460001
670,12,2022,9,4,11,2,5,3,1,1,0,0,0,0,0,0,8.59343479700004,53.5466780830001
671,11,2022,10,7,18,3,1,5,1,1,0,0,0,0,1,1,8.80959362200002,53.081948486
672,11,2022,9,2,17,3,5,3,1,1,0,0,0,0,0,0,8.85280118000003,53.104378706
673,11,2022,11,6,23,3,5,2,1,1,0,0,0,0,2,0,8.82469803300006,53.0689093660001
674,11,2022,10,5,7,3,5,2,1,1,0,0,0,0,0,0,8.89886953100006,53.0592775870001
675,11,2022,7,1,23,3,1,7,1,1,0,0,0,0,2,1,8.82061474400007,53.0726905590001
676,11,2022,10,7,11,2,1,6,1,0,0,0,0,0,0,0,8.80408591200006,53.0923853050001
677,11,2022,9,6,7,2,5,3,1,0,0,0,0,0,0,0,8.62996928000007,53.165630127
678,12,2022,10,4,7,3,5,3,1,1,0,0,0,0,0,0,8.59711356600008,53.574522227
679,12,2022,11,3,14,3,1,5,1,1,0,0,0,0,0,0,8.58309909700006,53.564706475
680,11,2022,8,3,19,3,5,2,1,1,0,0,0,0,0,0,8.80417669600007,53.0723781510001
681,11,2022,12,2,16,3,3,6,1,1,0,0,0,0,1,1,8.71248454100004,53.1694699650001
682,11,2022,10,6,11,3,5,3,1,1,0,0,0,0,0,0,8.89960363900008,53.1210712720001
683,11,2022,12,5,18,3,0,7,1,0,0,0,0,0,2,1,8.80445118400007,53.0755053720001
684,11,2022,8,7,15,3,4,6,1,0,0,0,0,1,0,0,8.78128851100007,53.0878062780001
685,11,2022,10,1,9,3,5,2,1,1,0,0,0,0,0,1,8.83738566800002,53.0378454930001
686,11,2022,7,5,20,3,5,3,1,1,0,0,0,0,0,1,8.78033768500006,53.0840084160001
687,12,2022,8,5,10,3,1,5,1,1,0,0,0,0,0,0,8.58584517700007,53.558952273
688,11,2022,10,6,14,3,5,2,1,1,0,0,0,0,0,0,8.82739253500006,53.0798449230001
689,11,2022,9,4,17,3,5,2,1,1,0,0,0,0,0,0,8.85656168100007,53.0713702850001
690,11,2022,10,6,14,3,5,3,1,1,0,0,0,0,0,0,8.80478652400006,53.0838153870001
691,11,2022,11,3,15,2,5,3,1,1,0,0,0,0,0,0,8.94708506600006,53.064584365
692,11,2022,11,3,16,3,5,3,1,1,0,0,0,0,0,0,8.89855044000007,53.119927138
693,11,2022,9,4,9,3,5,2,1,1,0,0,0,0,0,0,8.95938981500007,53.04719621
694,11,2022,12,2,6,3,5,2,1,1,0,0,0,0,2,1,8.72910573400003,53.1286358830001
695,11,2022,10,5,12,3,0,7,1,0,0,0,0,0,0,1,8.56119382700007,53.1835754460001
696,11,2022,8,3,7,3,5,3,1,0,0,0,0,0,0,0,8.74090553800005,53.1329170120001
697,12,2022,10,4,14,3,5,3,1,0,0,0,0,1,0,0,8.57280149600007,53.5605352420001
698,11,2022,7,1,5,3,6,4,1,0,1,0,0,0,0,0,8.81681053500006,53.0723723610001
699,11,2022,8,6,18,3,5,2,1,0,0,0,0,0,0,0,8.80414831600007,53.072393321
700,12,2022,9,3,8,3,5,3,1,1,0,0,0,0,0,1,8.58847096600005,53.5766669060001
701,11,2022,10,4,12,3,5,3,1,0,0,0,0,0,0,0,8.83190958300003,53.0926069450001
702,12,2022,8,5,8,3,0,7,1,1,0,0,0,0,0,0,8.57533868300004,53.5474965070001
703,11,2022,10,5,14,3,3,6,1,0,0,0,0,0,0,0,8.84530549800007,53.0665660070001
704,11,2022,7,3,18,2,5,3,1,1,0,0,0,0,0,0,8.80599675900004,53.0924486690001
705,12,2022,9,6,4,3,2,6,1,0,0,0,0,1,2,1,8.58078127400006,53.5220434020001
706,11,2022,11,3,9,3,5,2,1,1,0,0,0,0,0,0,8.88770596900002,53.1090845150001
707,11,2022,8,4,7,3,5,2,1,1,0,0,0,0,0,0,8.84498232300007,53.045730038
708,11,2022,9,4,7,3,5,3,1,1,0,0,0,0,0,1,8.85004104700005,53.0947102210001
709,11,2022,7,4,5,3,5,3,1,0,0,0,0,1,1,0,8.81156317100005,53.081634052
710,11,2022,9,6,14,3,0,7,1,1,0,0,0,0,0,0,8.61157157100007,53.184390987
711,11,2022,8,7,9,3,0,7,1,0,0,0,0,0,0,0,8.77761462900003,53.0640558000001
712,12,2022,11,6,11,3,6,4,1,0,1,0,0,0,0,1,8.59281042800006,53.539354846
713,11,2022,10,6,9,3,1,7,1,1,0,0,0,0,0,0,8.80278334800005,53.0950560000001
714,11,2022,10,6,13,3,5,3,1,1,0,0,0,0,0,0,8.87179659100008,53.0771183960001
715,11,2022,9,4,11,3,5,3,1,1,0,0,0,0,0,0,8.80990556200004,53.093315133
716,12,2022,11,3,7,3,5,3,1,1,0,0,0,0,0,0,8.59093043500008,53.5414200180001
717,11,2022,10,3,17,3,5,2,1,1,0,0,0,0,0,0,8.70437370000008,53.155673232
718,11,2022,8,2,7,3,5,3,1,1,0,0,0,0,0,1,8.69761147500003,53.1830339620001
719,11,2022,9,5,17,3,3,2,1,1,0,0,0,0,1,0,8.82025889200003,53.084035622
720,11,2022,9,5,13,2,5,3,1,1,0,0,0,0,0,0,8.79540235700006,53.0802872570001
721,11,2022,10,5,11,3,5,3,1,1,0,0,0,0,0,0,8.78639175700005,53.0746241160001
722,11,2022,10,5,17,3,5,2,1,1,0,0,0,0,0,0,8.86250237800004,53.1067754740001
723,11,2022,8,5,10,3,2,6,1,1,0,0,0,0,0,0,8.87210710500005,53.098346135
724,11,2022,9,5,17,3,5,7,1,1,0,0,0,0,0,1,8.86390963900004,53.064850839
725,12,2022,8,6,9,3,5,3,1,0,0,0,0,1,0,0,8.57546814400007,53.5526995880001
726,11,2022,10,2,16,3,5,3,1,0,1,0,0,0,0,0,8.91626538400004,53.0712645150001
727,11,2022,9,5,14,3,3,6,1,0,0,0,0,0,0,0,8.79741095100007,53.068891104
728,11,2022,9,2,18,3,6,4,1,0,1,0,0,0,0,0,8.61756491700004,53.1730830750001
729,11,2022,11,6,15,3,3,6,1,0,0,0,0,0,0,0,8.77733997600006,53.079228932
730,12,2022,11,3,7,3,5,3,1,1,0,0,0,0,1,1,8.57261135800007,53.5604318690001
731,11,2022,10,2,8,3,5,2,1,1,0,0,0,0,0,0,8.85003343000005,53.112042435
732,11,2022,8,4,18,3,3,2,1,1,0,0,0,0,0,0,8.82444064800006,53.1098800410001
733,11,2022,9,3,16,3,3,6,1,0,0,0,0,1,0,0,8.87176509600005,53.0914361470001
734,11,2022,11,4,12,3,5,3,1,1,0,0,0,0,0,0,8.69918527100003,53.1681940830001
735,11,2022,11,5,13,3,5,3,1,1,0,0,0,0,0,0,8.88664485500004,53.0791834500001
736,11,2022,10,5,17,3,5,7,1,0,0,0,0,0,1,1,8.78889762700004,53.0632592850001
737,11,2022,8,1,11,3,5,3,1,1,0,0,0,0,0,0,8.79644619600003,53.064887282
738,11,2022,10,6,13,2,5,3,1,0,0,0,0,1,0,0,8.83276178600005,53.0709443710001
739,12,2022,8,3,22,3,1,5,1,1,0,0,0,0,2,0,8.61010482400008,53.525907863
740,12,2022,9,2,15,3,5,2,1,1,0,0,0,0,0,0,8.60408493800003,53.504089337
741,11,2022,9,6,15,3,5,2,1,1,0,0,0,0,0,0,8.82509056900005,53.0841945190001
742,11,2022,8,7,15,3,6,4,1,0,1,0,0,0,0,0,8.80154005100007,53.0809142040001
743,11,2022,10,5,13,3,5,2,1,1,0,0,0,0,0,0,8.69982636500004,53.1680987410001
744,12,2022,11,5,7,2,5,3,1,1,0,0,0,0,0,1,8.59521823100005,53.539016363
745,11,2022,8,6,22,3,6,7,1,0,1,0,0,0,2,0,8.79965657600007,53.0780027590001
746,11,2022,11,6,15,2,5,3,1,1,0,0,0,0,0,0,8.61562481300007,53.194397517
747,11,2022,12,4,14,3,5,2,1,1,0,0,0,0,0,0,8.84718379100002,53.0870036590001
748,11,2022,8,2,23,3,0,7,1,0,0,1,0,0,2,0,8.84487176200003,53.075237599
749,12,2022,9,2,14,3,0,1,1,0,0,0,0,0,0,0,8.58365442100006,53.555282264
750,11,2022,8,6,12,3,5,3,1,0,0,0,0,0,0,0,8.81061074800004,53.0718094220001
751,11,2022,11,3,9,3,0,7,1,0,0,0,0,0,0,2,8.88242324600003,53.1036634070001
752,11,2022,10,4,12,3,5,3,1,0,0,0,0,0,0,0,8.81346045500004,53.090343638
753,11,2022,9,2,18,3,4,2,1,1,0,0,0,0,0,0,8.80967506700006,53.0910585130001
754,11,2022,9,6,9,3,5,3,1,1,0,0,0,0,0,0,8.91774162400003,53.071277921
755,12,2022,10,2,11,3,4,6,1,1,0,0,0,0,0,0,8.59383963000005,53.5604029510001
756,11,2022,11,4,7,3,1,5,1,1,0,0,0,0,0,0,8.77259855100004,53.081475562
757,12,2022,8,4,14,3,5,3,1,1,0,0,0,0,0,0,8.57748523400005,53.548432743
758,11,2022,7,2,18,3,4,6,1,0,0,0,0,1,0,0,8.80695686100006,53.0818873200001
759,11,2022,11,2,14,3,5,3,1,1,0,0,0,0,0,0,8.89668136100005,53.130473883
760,11,2022,10,4,21,2,0,7,1,0,0,0,0,0,2,1,8.83722002600007,53.082380829
761,12,2022,10,1,2,3,0,1,1,0,0,0,0,0,2,1,8.63901159100004,53.5352381500001
762,11,2022,9,4,7,3,5,3,1,1,0,0,0,0,1,0,8.94055106100006,53.0775826010001
763,11,2022,11,4,13,3,5,2,1,1,0,0,0,0,0,1,8.76610846300002,53.0739197730001
764,11,2022,8,4,10,3,5,3,1,1,0,0,0,0,0,0,8.88423818000007,53.073147868
765,12,2022,10,6,13,3,5,3,1,1,0,0,0,0,0,0,8.59972065500006,53.5052239
766,11,2022,9,4,18,3,5,2,1,1,0,0,0,0,0,0,8.72817250200006,53.038377661
767,11,2022,8,5,9,3,5,3,1,1,0,0,0,0,0,0,8.81900044800005,53.031613228
768,12,2022,10,2,17,3,5,3,1,1,0,0,0,0,0,0,8.59117240800003,53.566120013
769,11,2022,9,2,20,3,0,1,1,0,0,0,0,0,0,0,8.80650115200007,53.0654832550001
770,11,2022,11,7,14,3,5,3,1,1,0,0,0,0,0,0,8.89445148900006,53.0543856310001
771,11,2022,10,4,7,3,5,3,1,1,0,0,0,0,2,0,8.80199714200006,53.0865417100001
772,11,2022,8,4,18,3,5,2,1,1,0,0,0,0,0,0,8.86255265000005,53.067613296
773,12,2022,9,7,19,3,0,1,1,0,0,0,0,0,0,0,8.59572834500005,53.535773566
774,11,2022,9,5,23,3,0,1,1,0,0,0,0,0,2,0,8.89001094800005,53.0822742010001
775,11,2022,10,1,12,3,1,5,1,1,0,0,0,0,0,0,8.81311940700004,53.0795588780001
776,11,2022,8,6,14,3,0,3,1,1,0,0,0,0,0,0,8.80087755100004,53.0684378870001
777,11,2022,9,5,8,3,5,3,1,1,0,0,0,0,0,0,8.82675003500003,53.0428761380001
778,11,2022,12,3,8,3,5,3,1,1,0,0,0,0,0,1,8.81054478100003,53.076697154
779,11,2022,8,7,14,3,5,2,1,1,0,0,0,0,0,0,8.77783319400004,53.0994264280001
780,12,2022,11,6,13,3,5,3,1,0,0,0,0,1,0,0,8.57525203500006,53.5475848340001
781,12,2022,12,2,8,3,5,2,1,1,0,0,0,0,1,2,8.62638284600007,53.529643632
782,12,2022,9,5,11,3,5,3,1,0,0,0,1,0,0,1,8.57992026000005,53.5492275650001
783,11,2022,12,6,17,3,5,3,1,0,0,1,0,0,0,0,8.80413439600005,53.0726078260001
784,11,2022,10,2,8,3,5,3,1,1,0,0,0,0,0,0,8.67582958700007,53.173496076
785,11,2022,11,3,9,3,5,3,1,1,0,0,0,0,0,0,8.87026012100006,53.0639663100001
786,11,2022,7,4,23,3,4,3,1,1,0,0,0,0,2,0,8.80415390900004,53.0723903310001
787,12,2022,9,3,20,3,1,5,1,1,0,0,0,0,2,0,8.60073284000003,53.594131766
788,12,2022,11,7,10,3,3,6,1,1,0,0,0,0,0,1,8.58614926700005,53.5618256180001
789,11,2022,10,6,10,3,5,3,1,1,0,0,0,0,0,0,8.82685380500004,53.0342746520001
790,12,2022,8,7,15,3,6,4,1,0,1,0,0,0,0,0,8.59365848000004,53.5376578820001
791,12,2022,11,3,7,3,0,1,1,0,0,0,0,0,1,1,8.58683851800004,53.565872846
792,11,2022,10,3,15,3,5,3,1,0,0,0,0,1,0,0,8.79178756900006,53.087763915
793,11,2022,7,7,9,3,3,6,1,1,0,0,0,0,0,0,8.91819358700008,53.071428057
794,11,2022,9,3,9,3,1,5,1,1,0,0,0,0,0,0,8.82419086000004,53.0792060900001
795,11,2022,9,6,5,3,5,3,1,1,0,0,0,0,1,0,8.88694261700005,53.0346455580001
796,12,2022,10,5,6,3,5,3,1,1,0,0,0,0,2,0,8.59521731200005,53.5390138760001
797,11,2022,8,1,15,3,3,6,1,0,0,0,0,1,0,0,8.85044446200004,53.071188659
798,11,2022,10,7,14,3,6,4,1,0,1,0,0,0,0,0,8.80007113100004,53.070589698