,UKREIS,UJAHR,UMONAT,UWOCHENTAG,USTUNDE,UKATEGORIE,UART,UTYP1,IstRad,IstPKW,IstFuss,IstKrad,IstGkfz,IstSonstig,ULICHTVERH,STRZUSTAND,longitude,latitude
799,11,2022,11,2,12,3,5,3,1,1,0,0,0,0,0,0,8.85234581900005,53.0736745120001
800,11,2022,10,2,13,3,5,3,1,1,0,0,0,0,0,1,8.78766489900005,53.087453866
801,11,2022,8,2,9,3,1,5,1,1,0,0,0,0,0,0,8.80868698400008,53.120955645
802,11,2022,9,6,15,3,5,3,1,1,0,0,0,0,1,1,8.78771284900006,53.087181952
803,11,2022,10,7,10,3,5,2,1,1,0,0,0,0,0,0,8.72880366500004,53.0389350790001
804,11,2022,11,3,12,3,0,7,1,0,0,0,0,0,0,0,8.82775810400005,53.0688504230001
805,11,2022,12,5,10,3,5,3,1,0,0,0,0,0,0,1,8.80326345400005,53.0846358490001
806,11,2022,8,3,8,3,5,2,1,0,0,0,0,1,0,0,8.83598416600006,53.0837978700001
807,11,2022,9,7,11,3,0,1,1,0,0,0,0,0,0,1,8.57339348300007,53.1917200010001
808,11,2022,9,5,7,3,6,4,1,0,1,0,0,0,0,0,8.77495935700006,53.080153969
809,11,2022,8,7,15,3,6,7,1,0,1,0,0,0,0,0,8.80393326500007,53.077885511
810,11,2022,10,5,16,3,0,7,1,1,0,0,0,0,0,0,8.90934530600003,53.058798918
811,11,2022,10,3,16,3,5,2,1,1,0,0,0,0,0,0,8.87512589800002,53.0824267580001
812,11,2022,10,5,10,3,1,7,1,1,0,0,0,0,0,0,8.87006322900004,53.097426285
813,11,2022,7,2,17,3,2,1,1,1,0,0,0,0,0,1,8.80383820300005,53.076320433
814,11,2022,11,3,16,3,5,3,1,1,0,0,0,0,0,0,8.88208116600003,53.0790975290001
815,11,2022,10,3,14,3,1,5,1,1,0,0,0,0,0,0,8.85226084700003,53.081832885
816,11,2022,8,6,11,3,2,2,1,1,0,0,0,0,0,1,8.87366933900006,53.1013263300001
817,11,2022,9,5,15,3,5,3,1,1,0,0,0,0,0,0,8.79671170300003,53.0892169460001
818,11,2022,9,5,8,3,5,3,1,1,0,0,0,0,0,0,8.82112967200004,53.052280367
819,11,2022,12,2,7,3,6,4,1,0,1,0,0,0,2,1,8.83918667500006,53.0508141440001
820,11,2022,10,5,19,3,5,3,1,1,0,0,0,0,2,1,8.76938203600002,53.110584864
821,11,2022,8,4,15,3,4,6,1,0,0,0,0,1,0,1,8.90025379400004,53.046673174
822,11,2022,7,5,17,2,5,3,1,0,0,0,1,0,0,0,8.73094583600005,53.091642656
823,11,2022,11,4,11,3,0,3,1,0,0,0,0,1,0,0,8.86732871200007,53.09881892
824,11,2022,8,5,14,3,5,3,1,1,0,0,0,0,0,0,8.71267150700004,53.1443905150001
825,11,2022,9,2,8,2,5,3,1,0,0,0,1,0,0,0,8.82345775200002,53.0479328760001
826,11,2022,11,5,12,3,5,3,1,1,0,0,0,0,0,0,8.87245403500003,53.0631377710001
827,11,2022,10,5,9,3,5,3,1,0,0,0,0,1,0,0,8.85055961700004,53.111886392
828,11,2022,8,7,22,3,6,7,1,0,1,0,0,0,2,0,8.78580228100003,53.1034165560001
829,11,2022,9,5,19,3,6,4,1,0,1,0,0,0,0,0,8.84356743100005,53.089617097
830,11,2022,12,1,12,3,5,2,1,1,0,0,0,0,0,0,8.88799432000008,53.066734683
831,11,2022,10,3,7,3,6,4,1,0,1,0,0,0,2,0,8.82927022800004,53.0745914890001
832,11,2022,11,3,7,3,5,2,1,1,0,0,0,0,1,0,8.79634286800007,53.082528214
833,11,2022,8,1,17,3,0,7,1,0,0,0,0,0,0,0,8.81074267500003,53.068761178
834,11,2022,9,1,15,3,4,6,1,0,0,0,0,0,0,0,8.79317767200007,53.0927386330001
835,11,2022,9,6,20,3,0,7,1,0,0,0,0,0,2,1,8.89584515900003,53.0969542780001
836,12,2022,7,6,12,3,5,3,1,1,0,0,0,0,0,0,8.59799973600008,53.579864743
837,11,2022,9,4,17,3,5,2,1,1,0,0,0,0,0,0,8.95370354400006,53.0341223410001
838,11,2022,8,4,18,3,3,6,1,1,0,0,0,0,0,0,8.82311169400003,53.0732648310001
839,11,2022,8,1,14,3,5,3,1,0,0,1,0,0,0,0,8.81537268400007,53.0557705030001
840,11,2022,11,3,7,3,0,3,1,0,0,0,0,1,2,1,8.86877440600006,53.0742535680001
841,11,2022,10,4,16,3,8,7,1,0,0,0,0,0,0,0,8.76289933500004,53.0769050920001
842,11,2022,8,7,3,2,6,4,1,0,1,0,0,0,2,0,8.81955856200005,53.0695426990001
843,11,2022,10,6,19,3,2,6,1,1,0,0,0,0,1,0,8.80154168000007,53.068011853
844,11,2022,8,1,18,2,0,7,1,1,0,0,0,0,0,0,8.63435945200007,53.163429244
845,12,2022,9,6,14,3,0,1,1,0,0,0,0,0,0,0,8.59983773400006,53.525487555
846,11,2022,9,6,10,2,6,4,1,0,1,0,0,0,0,0,8.82712766700007,53.0784656110001
847,11,2022,12,5,8,3,0,7,1,0,0,0,0,0,0,1,8.80786768400003,53.064201702
848,11,2022,10,6,18,3,5,2,1,1,0,0,0,0,1,0,8.82773936200005,53.074782053
849,11,2022,12,6,7,2,5,3,1,1,0,0,0,0,2,1,8.69224563400007,53.168206911
850,11,2022,8,5,17,3,5,3,1,0,0,0,0,1,0,0,8.75231718900005,53.113185152
851,11,2022,9,3,18,3,5,3,1,1,0,0,0,0,0,0,8.80620339400002,53.073300165
852,11,2022,11,4,7,3,5,3,1,1,0,0,0,0,1,1,8.87052372800002,53.091275705
853,12,2022,10,6,13,3,5,2,1,1,0,0,0,0,0,0,8.59657666600003,53.5722713740001
854,11,2022,8,4,15,3,1,7,1,1,0,0,0,0,0,0,8.77132585500004,53.0819364770001
855,12,2022,10,6,7,3,6,3,1,0,1,0,0,0,1,0,8.59166026000003,53.5320848200001
856,11,2022,12,1,10,2,5,3,1,1,0,0,0,0,0,2,8.88046696000004,53.071654209
857,11,2022,10,3,16,3,0,7,1,0,0,0,0,0,0,0,8.93767565900004,53.0906990280001
858,11,2022,8,3,7,3,3,6,1,0,0,0,0,0,0,0,8.88227861900003,53.103512965
859,11,2022,9,7,11,3,5,2,1,1,0,0,0,0,0,1,8.86252352100007,53.0675932010001
860,12,2022,11,3,16,3,5,2,1,1,0,0,0,0,1,1,8.60050655600003,53.5050225470001
861,11,2022,12,6,13,3,5,2,1,0,0,0,0,1,0,0,8.87053632200002,53.091275383
862,11,2022,10,4,15,3,5,3,1,0,0,0,0,1,0,0,8.83077514100006,53.0409657650001
863,11,2022,8,4,15,3,3,2,1,1,0,0,0,0,0,0,8.70401641000007,53.1578994050001
864,11,2022,7,5,12,3,5,2,1,1,0,0,0,0,0,0,8.70438909700005,53.156016886
865,12,2022,9,4,11,3,7,7,1,0,0,0,0,1,0,0,8.59065658100008,53.5151729300001
866,11,2022,11,4,8,3,3,2,1,1,0,0,0,0,1,0,8.79430488700007,53.099709213
867,11,2022,9,5,18,3,1,6,1,0,0,0,0,1,0,0,8.87075585100007,53.0984772190001
868,11,2022,8,4,10,3,1,7,1,1,0,0,0,0,0,0,8.80200965900002,53.0922056530001
869,11,2022,9,5,21,3,4,2,1,1,0,0,0,0,2,0,8.83196537400005,53.0926798900001
870,11,2022,12,7,21,3,5,2,1,1,0,0,0,0,2,0,8.87792915600005,53.1014259310001
871,11,2022,9,6,14,3,3,6,1,0,0,0,0,1,0,0,8.80371579800004,53.05888702
872,11,2022,10,7,14,3,2,6,1,1,0,0,0,0,0,0,8.80653244300004,53.087292437
873,11,2022,11,3,9,3,5,2,1,1,0,0,0,0,0,0,8.81310532400005,53.1019488050001
874,12,2022,9,6,8,3,1,5,1,1,0,0,0,0,0,0,8.61209033600005,53.52744462
875,11,2022,8,1,18,3,5,2,1,1,0,0,0,0,0,0,8.94101847400003,53.0583995010001
876,11,2022,11,4,22,3,5,2,1,1,0,0,0,0,2,0,8.82513892600002,53.084493982
877,11,2022,12,5,13,3,5,3,1,1,0,0,0,0,0,1,8.82617181900002,53.0343561860001
878,11,2022,8,7,18,3,5,3,1,1,0,0,0,0,0,0,8.95202453800005,53.0527885490001
879,11,2022,11,4,9,3,5,2,1,1,0,0,0,0,0,0,8.87724094600003,53.06155405
880,11,2022,10,5,10,3,5,2,1,0,0,0,0,0,0,0,8.83209162200006,53.0686577990001
881,11,2022,12,6,14,3,5,3,1,1,0,0,0,0,0,0,8.78214149900003,53.0668429020001
882,11,2022,8,7,19,3,4,2,1,1,0,0,0,0,0,0,8.83312863200007,53.0398319340001
883,11,2022,10,1,11,3,5,3,1,1,0,0,0,0,0,0,8.89265808100004,53.1292545140001
884,12,2022,11,5,11,2,5,3,1,1,0,0,0,0,0,0,8.58522258000005,53.5575961270001
885,11,2022,8,7,16,3,5,2,1,1,0,0,0,0,0,0,8.83211029000006,53.0687124350001
886,11,2022,11,3,18,3,5,2,1,1,0,0,0,0,2,1,8.84229308300007,53.105722379
887,11,2022,9,7,19,3,1,5,1,1,0,0,0,0,1,0,8.80856248000003,53.0879781180001
888,11,2022,9,6,12,3,5,3,1,0,0,0,0,1,0,0,8.80846698000005,53.083011953
889,11,2022,10,5,11,3,5,3,1,1,0,0,0,0,0,0,8.82692655000005,53.0765683500001
890,11,2022,8,2,20,3,5,2,1,1,0,0,0,0,1,1,8.82471282400007,53.0689088840001
891,11,2022,10,3,15,3,3,6,1,1,0,0,0,0,0,0,8.85019909700003,53.065576627
892,12,2022,10,7,21,3,5,3,1,1,0,0,0,0,2,1,8.58792446500007,53.5561898990001
893,11,2022,8,6,9,3,5,2,1,1,0,0,0,0,0,0,8.58342487400006,53.2143288390001
894,11,2022,11,6,11,3,5,3,1,1,0,0,0,0,0,0,8.82774803200004,53.0830316
895,11,2022,10,2,23,3,5,3,1,0,0,0,0,1,2,1,8.80278582500006,53.078438481
896,11,2022,12,4,13,3,0,7,1,0,0,0,0,0,0,1,8.57247840000002,53.1840090750001
897,11,2022,10,7,16,2,5,2,1,1,0,0,0,0,0,1,8.80850234300004,53.088083506
898,11,2022,7,4,12,3,5,3,1,1,0,0,0,0,0,0,8.87657890500003,53.081407401
899,11,2022,9,1,2,2,4,6,1,0,0,0,0,0,2,0,8.84886898300005,53.065856857
900,11,2022,8,3,13,3,5,3,1,0,0,0,0,1,0,0,8.54578088300002,53.1913989540001
901,11,2022,11,5,19,3,1,5,1,1,0,0,0,0,2,1,8.80804313300007,53.0640942640001
902,12,2022,9,4,15,3,4,6,1,0,0,0,0,0,0,0,8.58820605100004,53.5358710130001
903,12,2022,9,3,7,3,5,3,1,1,0,0,0,0,2,1,8.60605746600004,53.55097362
904,11,2022,12,5,12,2,0,7,1,0,0,0,0,0,0,0,8.86074897100002,53.0792091640001
905,11,2022,10,6,8,3,5,3,1,1,0,0,0,0,1,1,8.87072985400005,53.0958979810001
906,11,2022,10,5,18,2,0,7,1,0,0,0,0,0,1,0,8.93376039200007,53.038807735
907,12,2022,12,3,13,3,0,1,1,0,0,0,0,0,0,1,8.60088613100004,53.5037736840001
908,11,2022,11,3,10,3,5,3,1,1,0,0,0,0,0,1,8.80532616000005,53.100376286
909,11,2022,8,3,14,3,5,2,1,1,0,0,0,0,0,0,8.81057865300005,53.0800731840001
910,11,2022,11,4,7,3,5,3,1,1,0,0,0,0,0,1,8.86384969100004,53.0712376500001
911,11,2022,8,2,17,3,5,3,1,1,0,0,0,0,0,0,8.78535632700004,53.0887681550001
912,11,2022,10,3,9,3,1,5,1,0,1,0,0,0,0,1,8.83338260000005,53.0890877040001
913,11,2022,9,7,11,3,5,3,1,0,0,0,0,1,0,0,8.80841349400004,53.07518915
914,11,2022,12,5,11,3,5,3,1,0,0,0,0,1,0,0,8.80358485800002,53.080254063
915,11,2022,10,4,5,3,5,3,1,0,0,0,0,0,2,0,8.85541498800006,53.084183382
916,11,2022,10,3,7,3,5,3,1,0,0,0,0,1,0,0,8.84146365200007,53.083051057
917,11,2022,9,4,5,3,5,2,1,1,0,0,0,0,2,0,8.87659670700003,53.081388508
918,11,2022,11,3,13,3,5,3,1,1,0,0,0,0,0,0,8.69016462900004,53.1737154960001
919,11,2022,11,3,6,3,5,2,1,1,0,0,0,0,2,1,8.78525624300005,53.1023452740001
920,12,2022,10,2,6,3,5,3,1,1,0,0,0,0,2,1,8.60882455200004,53.58691143
921,11,2022,8,2,8,3,5,3,1,1,0,0,0,0,0,0,8.91059382600002,53.0825540970001
922,11,2022,9,6,6,3,5,3,1,1,0,0,0,0,1,0,8.78944041700004,53.0827628010001
923,11,2022,9,2,11,3,5,3,1,1,0,0,0,0,0,0,8.60798145900003,53.176014696
924,11,2022,9,6,7,3,1,7,1,0,0,0,0,1,0,0,8.75235046200004,53.0822250520001
925,11,2022,9,3,11,3,2,6,1,1,0,0,0,0,0,1,8.81109310900007,53.073859913
926,12,2022,10,6,10,3,5,3,1,1,0,0,0,0,0,0,8.59344255200006,53.5268945220001
927,11,2022,10,3,10,3,5,2,1,1,0,0,0,0,0,0,8.57280620800003,53.1982577420001
928,11,2022,10,2,13,3,5,2,1,1,0,0,0,0,0,0,8.79673085500002,53.0683895650001
929,11,2022,7,3,8,2,5,2,1,1,0,0,0,0,0,1,8.80136403600005,53.071592857
930,11,2022,9,4,5,3,5,2,1,1,0,0,0,0,0,0,8.92953743900006,53.0590724960001
931,11,2022,12,5,13,3,3,2,1,0,0,0,0,1,0,0,8.82479024100007,53.084652395
932,11,2022,10,7,0,3,4,6,1,0,0,0,0,1,2,0,8.80166310800007,53.071372614
933,12,2022,12,1,19,3,6,4,1,0,1,0,0,0,2,0,8.59024436600004,53.5394245800001
934,12,2022,10,6,9,3,1,7,1,0,0,0,0,1,0,0,8.62707253700006,53.5296993210001
935,11,2022,10,3,14,3,5,2,1,1,0,0,0,0,0,0,8.85155042700006,53.0650665470001
936,11,2022,9,5,11,3,5,2,1,0,0,0,0,1,0,1,8.79148133000007,53.065012268
937,11,2022,11,4,14,3,3,2,1,1,0,0,0,0,0,0,8.63182899200007,53.191483512
938,12,2022,10,6,13,3,3,3,1,1,0,0,0,0,0,1,8.59096654700005,53.5821280660001
939,11,2022,8,3,11,3,5,2,1,1,0,0,0,0,0,0,8.85034203200007,53.081612325
940,11,2022,9,4,12,3,1,7,1,1,0,0,0,0,0,0,8.82259174900003,53.074843501
941,11,2022,9,4,15,3,1,7,1,1,0,0,0,0,0,0,8.87181287200002,53.1055262730001
942,11,2022,11,4,12,3,6,4,1,0,1,0,0,0,0,0,8.88884296200007,53.0568188400001
943,11,2022,8,3,7,3,6,4,1,0,1,0,0,0,0,0,8.85535370500003,53.0841402930001
944,12,2022,11,4,9,3,2,6,1,0,0,0,0,0,0,1,8.59410994700005,53.5326736540001
945,11,2022,8,2,23,3,0,7,1,0,0,0,0,0,2,0,8.93400950200004,53.0588163780001
946,12,2022,9,4,11,3,6,4,1,0,1,0,0,0,0,0,8.61068376500003,53.5889098910001
947,11,2022,9,6,5,3,5,3,1,0,0,1,0,0,1,0,8.83206873800003,53.0686459440001
948,11,2022,11,4,12,3,3,2,1,1,0,0,0,0,0,0,8.82510438900005,53.08418684
949,11,2022,12,3,12,3,5,3,1,0,0,0,0,0,0,0,8.70763850000003,53.1762102970001
950,11,2022,8,4,19,2,0,7,1,1,0,0,0,0,0,0,8.78366485500004,53.0987037300001
951,12,2022,9,4,11,3,5,3,1,1,0,0,0,0,0,0,8.59092674300007,53.5414088650001
952,11,2022,11,2,13,3,5,2,1,1,0,0,0,0,0,1,8.62699619100005,53.1697270510001
953,11,2022,8,7,14,3,5,3,1,1,0,0,0,0,0,0,8.69863904100004,53.1682754300001
954,12,2022,12,2,14,3,0,1,1,0,0,0,0,0,0,0,8.59217901200003,53.5684898690001
955,11,2022,8,2,20,3,0,7,1,0,1,0,0,0,0,0,8.79217264300007,53.08658639
956,11,2022,8,4,17,3,3,6,1,0,0,0,0,0,0,0,8.74602219900004,53.1272624860001
957,12,2022,7,6,14,3,2,6,1,0,0,0,0,0,0,0,8.57620200700006,53.5551144410001
958,11,2022,11,5,14,3,3,7,1,0,0,0,0,1,0,0,8.80366202200003,53.086275524
959,11,2022,8,5,7,3,3,6,1,1,0,0,0,0,0,0,8.81872609300007,53.0801021390001
960,11,2022,11,2,18,3,5,3,1,1,0,0,0,0,2,1,8.83381842200004,53.0818522180001
961,11,2022,8,3,17,3,4,2,1,0,0,0,0,1,0,0,8.81969517300007,53.075764544
962,11,2022,9,6,11,3,5,2,1,1,0,0,0,0,0,0,8.81067777700002,53.071789967
963,11,2022,11,7,21,3,5,3,1,1,0,0,0,0,2,0,8.81811241500003,53.077727135
964,12,2022,10,4,20,3,0,1,1,0,0,0,0,0,2,0,8.61382657900003,53.5948522310001
965,11,2022,8,6,11,3,5,2,1,0,0,0,0,1,0,1,8.82499150800004,53.0842093410001
966,12,2022,9,3,15,3,5,3,1,1,0,0,0,0,0,0,8.59092610700003,53.5414069440001
967,11,2022,11,5,15,3,5,3,1,1,0,0,0,0,0,0,8.66789947900003,53.1750564170001
968,11,2022,10,7,18,3,0,1,1,0,0,0,0,0,1,1,8.60531732000004,53.176605442
969,12,2022,12,7,13,3,5,2,1,1,0,0,0,0,0,0,8.60559825100006,53.5306266680001
970,12,2022,9,5,15,3,5,7,1,1,0,0,0,0,0,0,8.57892250500004,53.544948221
971,11,2022,10,2,8,3,5,3,1,1,0,0,0,0,0,0,8.85691962500005,53.072707908
972,11,2022,11,3,15,3,5,3,1,1,0,0,0,0,0,0,8.78029666800006,53.0671305760001
973,11,2022,11,3,22,3,5,2,1,1,0,0,0,0,2,0,8.91574295700002,53.0598575270001
974,11,2022,12,4,18,3,5,2,1,1,0,0,0,0,2,1,8.78708535400006,53.0831096890001
975,11,2022,8,3,17,3,5,2,1,1,0,0,0,0,0,0,8.79543253600002,53.0751426370001
976,11,2022,10,1,4,3,1,7,1,1,0,0,0,0,2,1,8.84348012700002,53.073674915
977,11,2022,10,6,22,3,6,7,1,0,1,0,0,0,2,0,8.81073472500003,53.0891630930001
978,11,2022,12,5,6,3,5,2,1,1,0,0,0,0,2,0,8.78643940300003,53.061877645
979,11,2022,8,2,22,3,5,2,1,1,0,0,0,0,2,0,8.80604622700002,53.073314538
980,11,2022,9,6,11,3,0,7,1,0,0,0,0,0,0,0,8.81199905100004,53.0830479620001
981,11,2022,12,6,17,3,5,3,1,1,0,0,0,0,2,0,8.82510438900005,53.08418684
982,11,2022,10,2,12,3,5,3,1,1,0,0,0,0,0,0,8.86791240300005,53.072788131
983,11,2022,10,7,11,3,1,7,1,0,0,0,0,1,0,0,8.83575166600002,53.07148334
984,12,2022,8,3,15,3,1,5,1,1,0,0,0,0,0,0,8.61911269500007,53.5924656970001
985,11,2022,10,3,14,2,0,7,1,0,0,0,0,0,0,0,8.95514642300003,53.0575688710001
986,11,2022,9,3,19,3,0,7,1,0,0,0,0,0,0,0,8.81587882800005,53.1032121860001
987,11,2022,11,5,8,2,5,3,1,1,0,0,0,0,0,1,8.87416869000003,53.0784396700001
988,11,2022,10,5,20,3,5,3,1,0,0,0,0,0,2,0,8.87824661400003,53.0643702680001
989,11,2022,12,5,18,3,5,3,1,1,0,0,0,0,2,1,8.79699608600004,53.0892851950001
990,11,2022,10,4,14,3,5,3,1,1,0,0,0,0,0,0,8.73852890900002,53.0473099450001
991,11,2022,11,4,9,3,3,3,1,1,0,0,0,0,0,0,8.77982560700002,53.098457769
992,11,2022,8,4,6,3,4,6,1,0,0,0,0,1,0,0,8.90961452400006,53.0351172800001
993,11,2022,11,2,9,2,5,3,1,1,0,0,0,0,0,0,8.79681941300004,53.086671214
994,11,2022,9,6,18,3,5,3,1,1,0,0,0,0,0,0,8.79419684300007,53.0744182600001
995,11,2022,10,2,1,2,0,7,1,0,0,0,0,0,2,0,8.82719077600007,53.0727076220001
996,11,2022,12,5,15,3,5,3,1,1,0,0,0,0,0,0,8.78672038800005,53.1004393000001
997,11,2022,8,5,19,3,5,3,1,0,0,0,0,1,0,0,8.79289518100006,53.073562845
998,11,2022,10,4,9,3,5,3,1,1,0,0,0,0,0,0,8.86290902800005,53.071395684
999,11,2022,7,7,7,3,0,7,1,0,0,0,0,0,0,0,8.82637644100004,53.0729857810001
1000,11,2022,9,5,15,3,5,2,1,1,0,0,0,0,0,1,8.94392226400004,53.0379861380001
1001,12,2022,12,2,9,3,5,3,1,1,0,0,0,0,0,1,8.59521495100006,53.539007482
1002,12,2022,9,7,16,3,5,3,1,1,0,0,0,0,1,1,8.58875764800007,53.5345235240001
1003,11,2022,10,7,12,3,3,6,1,1,0,0,0,0,0,1,8.81812123200007,53.0724027890001
1004,11,2022,9,2,16,3,6,4,1,0,1,0,0,0,0,0,8.80946219400005,53.063213734
1005,12,2022,8,6,19,3,8,1,1,0,0,0,0,0,0,0,8.59248525400005,53.5506161930001
1006,11,2022,10,5,22,3,3,6,1,1,0,0,0,0,2,1,8.77492678000004,53.062390586
1007,11,2022,12,3,12,3,0,1,1,0,0,0,0,0,0,2,8.88539771700005,53.05802255
1008,11,2022,8,3,17,3,6,7,1,0,1,0,0,0,0,0,8.87019476600005,53.0971343240001
1009,11,2022,9,5,13,3,5,3,1,1,0,0,0,0,0,0,8.79128373100002,53.091616367
1010,11,2022,8,3,16,3,5,3,1,1,0,0,0,0,0,0,8.82361113800005,53.0781695310001
1011,11,2022,9,7,9,3,5,3,1,1,0,0,0,0,0,0,8.73379880700003,53.0584612010001
1012,11,2022,9,5,14,3,3,6,1,0,0,0,0,0,0,0,8.83333163100002,53.0706707260001
1013,11,2022,11,7,13,3,5,3,1,1,0,0,0,0,0,0,8.83799508500005,53.067897153
1014,11,2022,8,2,18,3,0,7,1,0,0,0,0,0,0,0,8.83121049100004,53.0713101010001
1015,11,2022,10,5,8,3,3,6,1,1,0,0,0,0,0,1,8.62451397700005,53.1772154340001
1016,11,2022,12,5,12,3,0,6,1,0,0,0,0,1,0,0,8.81185520400004,53.073593251
1017,11,2022,12,3,21,3,3,2,1,1,0,0,0,0,2,0,8.88286779700007,53.0745761090001
1018,11,2022,8,3,18,3,5,3,1,1,0,0,0,0,0,0,8.75535419900007,53.1191705430001
1019,11,2022,8,4,9,3,7,1,1,0,0,0,0,0,0,0,8.87537450600007,53.0663528160001
1020,11,2022,9,5,5,3,2,6,1,1,0,0,0,0,2,0,8.92362202400005,53.0606734690001
1021,11,2022,9,3,7,3,5,2,1,1,0,0,0,0,0,0,8.89348023900004,53.0715107330001
1022,11,2022,11,7,13,3,5,2,1,1,0,0,0,0,0,0,8.89443063500005,53.054415342
1023,11,2022,11,5,15,2,6,4,1,0,1,0,0,0,0,0,8.79629268500003,53.0826344870001
1024,11,2022,8,4,16,3,5,3,1,0,0,0,0,1,0,0,8.85942865200008,53.1004846230001
1025,11,2022,11,3,17,3,5,3,1,1,0,0,0,0,1,1,8.76420900600004,53.0858945320001
1026,11,2022,9,2,17,2,3,2,1,0,0,0,1,0,0,0,8.74140364400006,53.137970045
1027,11,2022,9,6,18,3,0,7,1,0,0,0,0,0,0,0,8.80163472800007,53.086681868
1028,11,2022,7,5,14,3,5,3,1,0,0,0,0,1,0,1,8.79697871900004,53.076399709
1029,11,2022,9,2,7,3,6,4,1,0,1,0,0,0,0,0,8.70466907400004,53.154769286
1030,12,2022,8,1,18,3,0,1,1,1,0,0,0,0,0,0,8.58185653900006,53.5651119090001
1031,11,2022,10,6,15,3,1,5,1,1,0,0,0,0,0,0,8.87237942000007,53.1048439790001
1032,11,2022,10,4,19,3,5,3,1,1,0,0,0,0,2,0,8.87703447400003,53.0809239220001
1033,12,2022,8,3,14,2,0,7,1,0,0,0,0,0,0,0,8.58007238600004,53.545656379
1034,11,2022,12,1,16,3,5,3,1,1,0,0,0,0,2,0,8.87651454800005,53.0810351490001
1035,11,2022,10,4,18,2,6,4,1,0,1,0,0,0,2,0,8.81506123700007,53.0820797820001
1036,12,2022,10,4,7,3,5,2,1,1,0,0,0,0,1,0,8.60359586300007,53.586230071
1037,12,2022,8,5,17,3,0,7,1,0,0,0,0,0,0,0,8.58133590600005,53.551932197
1038,11,2022,10,3,14,3,5,3,1,1,0,0,0,0,0,0,8.87298118000007,53.0847582910001
1039,11,2022,9,5,7,2,6,4,1,0,1,0,0,0,0,0,8.77998677600004,53.0884755590001
1040,11,2022,9,1,17,2,0,1,1,0,0,0,0,0,0,0,8.79772582800007,53.0822215800001
1041,11,2022,11,5,9,3,5,2,1,1,0,0,0,0,0,0,8.86803605700004,53.0912045580001
1042,11,2022,8,3,12,3,6,4,1,0,1,0,0,0,0,0,8.62881419800004,53.168783778
1043,11,2022,10,4,15,3,5,3,1,1,0,0,0,0,0,0,8.54964777400005,53.193559808
1044,12,2022,9,1,16,3,5,3,1,1,0,0,0,0,0,0,8.59114250300007,53.5661426500001
1045,11,2022,10,4,13,3,5,3,1,1,0,0,0,0,0,0,8.74004305900007,53.0514013580001
1046,11,2022,11,3,12,3,5,2,1,1,0,0,0,0,0,0,8.86973895700004,53.0985629620001
1047,12,2022,8,2,15,3,1,5,1,1,0,0,0,0,0,1,8.61029459800005,53.503609064
1048,11,2022,11,1,16,3,5,3,1,0,0,0,0,0,2,1,8.84243525000005,53.0887663880001
1049,12,2022,10,1,12,3,3,7,1,1,0,0,0,0,0,0,8.58842156400004,53.52384606
1050,12,2022,8,5,17,3,3,6,1,0,0,0,0,0,0,0,8.59926349000006,53.5905632700001
1051,11,2022,9,5,14,3,1,7,1,1,0,0,0,0,0,0,8.73103060500006,53.0408931750001
1052,11,2022,9,2,16,3,5,3,1,1,0,0,0,0,0,1,8.81791098600007,53.0527449090001
1053,11,2022,11,3,7,3,0,7,1,0,0,0,0,0,0,1,8.86876656100003,53.074230357
1054,11,2022,9,5,7,3,1,7,1,0,0,0,0,1,1,0,8.91521132000003,53.135679634
1055,11,2022,11,4,9,3,1,7,1,1,0,0,0,0,0,1,8.77630914600007,53.1046024360001
1056,11,2022,8,1,19,3,0,1,1,0,0,0,0,0,0,0,8.81261537500006,53.098242815
1057,11,2022,8,4,13,2,5,1,1,0,0,0,0,1,0,0,8.90656741600003,53.059522836
1058,11,2022,7,6,15,3,0,7,1,0,0,0,0,0,0,0,8.82714451000004,53.0727225210001
1059,11,2022,9,6,9,3,5,2,1,1,0,0,0,0,0,0,8.72026952800007,53.043877196
1060,11,2022,11,6,15,3,5,3,1,1,0,0,0,0,0,0,8.85021305300006,53.0655738560001
1061,11,2022,11,7,18,3,5,2,1,1,0,0,0,0,2,1,8.89237618000004,53.0793352000001
1062,11,2022,10,6,11,3,3,2,1,1,0,0,0,0,0,0,8.79148792900003,53.0649883290001
1063,11,2022,8,3,18,3,2,6,1,1,0,0,0,0,0,0,8.70194568800002,53.1677092990001
1064,11,2022,9,6,7,3,1,5,1,1,0,0,0,0,0,0,8.84961366500005,53.0713286550001
1065,11,2022,11,4,11,2,2,6,1,1,0,0,0,0,0,1,8.82359150700006,53.0717988040001
1066,11,2022,8,2,7,3,5,3,1,1,0,0,0,0,0,1,8.80803632000004,53.0594672780001
1067,11,2022,9,3,12,3,4,6,1,0,0,0,0,0,0,0,8.77659908400005,53.0966993440001
1068,11,2022,11,1,12,2,0,7,1,0,0,0,0,0,0,0,8.63326321500006,53.179434158
1069,11,2022,10,4,10,3,5,3,1,1,0,0,0,0,0,0,8.86569872100006,53.0717536670001
1070,12,2022,10,3,14,3,4,6,1,0,0,0,0,0,0,0,8.56042809900003,53.572460209
1071,11,2022,12,6,20,3,5,3,1,1,0,0,0,0,2,1,8.79290461700003,53.0735691310001
1072,11,2022,8,5,13,3,4,6,1,1,0,0,0,0,0,0,8.84289751900008,53.0920692500001
1073,11,2022,7,2,13,3,0,7,1,1,0,0,0,0,0,0,8.77862815700007,53.1083461650001
1074,12,2022,9,6,15,2,2,2,1,1,0,0,0,0,0,0,8.60081133900007,53.5164705720001
1075,11,2022,11,3,11,3,5,2,1,0,0,0,1,0,0,0,8.91439633400006,53.059806456
1076,11,2022,9,5,17,3,0,1,1,0,0,0,0,0,0,1,8.57211164700004,53.187744432