,UKREIS,UJAHR,UMONAT,UWOCHENTAG,USTUNDE,UKATEGORIE,UART,UTYP1,IstRad,IstPKW,IstFuss,IstKrad,IstGkfz,IstSonstig,ULICHTVERH,STRZUSTAND,longitude,latitude
1077,11,2022,9,6,8,3,0,6,1,0,0,0,0,1,0,0,8.89137178600004,53.096909811
0,11,2023,10,5,12,3,5,3,1,1,0,0,0,0,0,1,8.793310444000042,53.09318266000008
1,12,2023,8,5,16,3,2,1,1,1,0,0,0,0,0,0,8.573726234000048,53.54717319000008
2,11,2023,6,6,12,3,5,3,1,0,0,0,0,1,0,0,8.618817971000055,53.18053635900003
3,11,2023,6,3,7,3,7,1,1,0,0,0,0,0,0,0,8.810520004000068,53.03388095300005
4,11,2023,4,4,9,3,5,3,1,1,0,0,0,0,0,0,8.686175001000038,53.17331868100007
5,11,2023,6,3,17,2,4,6,1,0,0,0,0,0,0,0,8.81882650800003,53.048159799000075
6,11,2023,2,3,12,3,5,3,1,0,0,0,1,0,0,0,8.798123080000039,53.055928151000046
7,11,2023,8,2,19,3,4,6,1,0,0,0,0,1,0,0,8.809916118000046,53.033033422000074
8,11,2023,5,5,8,3,5,2,1,1,0,0,0,0,0,0,8.58461202500007,53.18137908600005
9,11,2023,5,5,10,3,0,1,1,0,0,0,0,0,0,0,8.870891953000068,53.09128434200005
10,11,2023,5,5,17,3,1,5,1,1,0,0,0,0,0,0,8.903766886000028,53.12461892200008
11,11,2023,5,4,8,3,5,3,1,1,0,0,0,0,0,0,8.809437501000048,53.08360149100008
12,11,2023,5,4,16,3,3,6,1,1,0,0,0,0,0,0,8.634376554000028,53.163423410000064
13,12,2023,5,3,7,3,0,1,1,0,0,0,0,0,0,1,8.552149394000025,53.57941783600006
14,11,2023,5,3,17,3,5,2,1,1,0,0,0,0,0,0,8.79146197600005,53.06497230300005
15,11,2023,5,3,5,2,0,1,1,0,0,0,0,0,1,1,8.816484080000066,53.08370329100006
16,11,2023,5,3,10,3,5,3,1,1,0,0,0,0,0,1,8.574383455000032,53.18142681000006
17,11,2023,5,3,7,3,4,6,1,0,0,0,0,0,0,0,8.80611334100007,53.07330922600005
18,12,2023,5,2,14,2,1,5,1,0,0,0,0,1,0,1,8.574983062000058,53.58667943200004
19,12,2023,5,2,10,3,1,5,1,1,0,0,0,0,0,1,8.586162779000063,53.561969899000076
20,11,2023,5,2,15,3,5,3,1,1,0,0,0,0,0,0,8.823513088000027,53.04410827600003
21,11,2023,5,2,15,3,1,7,1,1,0,0,0,0,0,0,8.803378588000044,53.07540239900004
22,11,2023,5,2,20,3,3,6,1,1,0,0,0,0,1,0,8.808806356000048,53.07418087800005
23,11,2023,5,1,15,3,5,3,1,1,0,0,0,0,0,0,8.807450611000036,53.08242181400004
24,11,2023,5,1,10,3,2,6,1,1,0,0,0,0,0,0,8.810653243000047,53.120312296000066
25,11,2023,5,7,11,3,5,3,1,1,0,0,0,0,0,0,8.793892516000028,53.091783382000074
26,11,2023,5,7,15,3,0,1,1,0,0,0,0,1,0,0,8.82778617200006,53.072522089000074
27,11,2023,5,7,14,2,0,7,1,0,0,0,0,0,0,0,8.770751613000073,53.094417890000045
28,11,2023,5,7,18,3,6,6,1,0,1,0,0,0,0,0,8.823532354000065,53.078121992000035
29,12,2023,5,6,10,3,0,1,1,0,0,0,0,0,0,0,8.565106618000073,53.559301342000026
30,12,2023,5,6,15,3,5,3,1,1,0,0,0,0,0,0,8.600777385000072,53.49840961400008
31,11,2023,5,5,18,3,5,3,1,1,0,0,0,0,0,0,8.924907279000024,53.03830376800005
32,11,2023,5,5,16,3,4,6,1,0,0,0,0,0,0,0,8.850572318000047,53.11608157200004
33,11,2023,5,5,19,3,6,4,1,0,1,0,0,0,2,0,8.812807520000035,53.06768132600007
34,11,2023,5,5,14,3,0,2,1,1,0,0,0,0,0,0,8.84885071900004,53.06788262800006
35,11,2023,5,4,13,3,5,3,1,0,0,0,0,0,0,0,8.858238289000042,53.04881412900005
36,11,2023,5,4,7,3,5,2,1,0,0,0,0,1,0,0,8.783817016000057,53.101761518000046
37,11,2023,5,4,14,3,5,3,1,1,0,0,0,0,0,0,8.859245990000034,53.06893824800005
38,12,2023,5,3,13,3,5,3,1,1,0,0,0,0,0,0,8.588193309000076,53.57481112200003
39,11,2023,5,3,11,3,1,5,1,1,0,0,0,0,0,0,8.821705651000059,53.08204228800008
40,11,2023,5,3,9,3,5,3,1,1,0,0,0,0,0,1,8.619075012000053,53.18050434300005
41,11,2023,5,3,16,2,0,7,1,0,0,0,0,0,0,0,8.78670715800007,53.10045435900008
42,11,2023,5,3,8,3,5,2,1,1,0,0,0,0,0,0,8.62443292200004,53.177167041000075
43,11,2023,5,3,7,3,5,2,1,1,0,0,0,0,0,0,8.825083412000026,53.084198496000056
44,11,2023,5,2,17,3,1,5,1,1,0,0,0,0,0,0,8.762586826000074,53.08644790900007
45,11,2023,5,2,17,3,4,6,1,1,0,0,0,0,0,0,8.950466736000067,53.05602165400006
46,11,2023,5,2,9,3,5,2,1,1,0,0,0,0,0,0,8.783932528000037,53.10360071100007
47,11,2023,5,2,17,3,5,2,1,0,0,0,0,1,0,0,8.831256384000028,53.08118256100005
48,11,2023,5,2,14,3,5,3,1,1,0,0,0,0,0,0,8.824462785000037,53.084404189000054
49,11,2023,5,2,18,3,4,1,1,0,0,0,0,0,0,0,8.807128329000022,53.08366852200004
50,11,2023,5,1,11,3,4,6,1,0,0,0,0,0,0,0,8.843311924000034,53.08361716300004
51,11,2023,5,1,18,3,5,3,1,0,0,0,0,0,0,0,8.827765713000076,53.08303519900005
52,11,2023,5,7,19,3,6,4,1,0,1,0,0,0,0,0,8.80470638600002,53.08385789700003
53,11,2023,5,7,14,3,5,2,1,1,0,0,0,0,0,0,8.812528562000068,53.081163616000026
54,11,2023,5,7,9,2,5,3,1,1,0,0,0,0,0,0,8.740706825000075,53.05269413700006
55,12,2023,5,6,5,3,5,3,1,0,0,0,0,1,1,0,8.588431907000029,53.576687529000026
56,12,2023,5,6,20,2,0,1,1,0,0,0,0,0,0,0,8.585889608000059,53.537306036000075
57,12,2023,5,5,13,3,0,1,1,0,0,0,0,0,0,0,8.59778637100004,53.50699384500007
58,12,2023,5,5,9,3,5,3,1,1,0,0,0,0,0,0,8.59317971400003,53.556319623000036
59,11,2023,5,5,15,3,1,7,1,1,0,0,0,0,0,0,8.832893274000071,53.06984504500008
60,11,2023,5,5,7,3,5,3,1,1,0,0,0,0,0,0,8.62514885500002,53.17415336000005
61,11,2023,5,5,8,3,4,2,1,1,0,0,0,0,0,0,8.685280544000022,53.17621731000003
62,11,2023,5,5,12,3,5,3,1,1,0,0,0,0,0,0,8.825126037000075,53.08417481200007
63,11,2023,5,5,15,3,1,5,1,1,0,0,0,0,0,0,8.79708387100004,53.079162980000035
64,11,2023,5,5,16,3,6,4,1,0,1,0,0,0,0,1,8.948526055000059,53.070576456000026
65,12,2023,5,4,6,3,5,2,1,1,0,0,0,0,0,1,8.601009799000053,53.53642436900003
66,11,2023,5,4,8,3,5,3,1,0,0,0,0,0,0,1,8.79140798000003,53.07250753200003
67,11,2023,5,4,14,3,5,2,1,1,0,0,0,0,0,1,8.847838014000047,53.066044274000035
68,11,2023,5,4,16,3,2,6,1,1,0,0,0,0,0,0,8.79261907800003,53.068925472000046
69,11,2023,5,4,17,2,5,3,1,1,0,0,0,0,0,0,8.542280234000032,53.19005696000005
70,11,2023,5,4,13,3,0,7,1,0,0,0,0,0,0,0,8.703259721000052,53.161920198000075
71,11,2023,5,4,23,3,5,3,1,1,0,0,0,0,2,0,8.89741086400005,53.05858640400004
72,11,2023,5,4,17,3,1,7,1,1,0,0,0,0,0,0,8.877074303000029,53.065792197000064
73,12,2023,5,3,15,3,5,2,1,1,0,0,0,0,0,0,8.593204359000026,53.57363687800006
74,12,2023,5,3,7,3,0,1,1,0,0,0,0,0,0,0,8.590725168000063,53.540830577000065
75,11,2023,5,3,12,3,3,6,1,0,0,0,0,0,0,0,8.854527370000028,53.06699892900008
76,11,2023,5,3,12,3,5,2,1,1,0,0,0,0,0,0,8.94364577600004,53.03800716900008
77,11,2023,5,2,7,3,6,4,1,0,1,0,0,0,0,0,8.817364319000035,53.08075013200005
78,11,2023,5,1,19,3,5,2,1,0,0,0,0,0,0,0,8.825168371000075,53.08433207400003
79,11,2023,5,1,15,3,5,2,1,1,0,0,0,0,0,0,8.800559903000021,53.07855458300003
80,11,2023,5,7,19,3,5,3,1,1,0,0,0,0,0,0,8.806569978000027,53.06497023000003
81,11,2023,5,7,8,3,5,3,1,1,0,0,0,0,0,0,8.91980748100002,53.045703711000044
82,11,2023,5,7,15,3,6,4,1,0,1,0,0,0,0,0,8.624929800000075,53.17891631700007
83,11,2023,5,6,8,3,5,3,1,1,0,0,0,0,0,0,8.801659891000043,53.06977006100004
84,11,2023,5,6,18,3,5,2,1,1,0,0,0,0,0,1,8.786874994000073,53.07180379300007
85,11,2023,5,6,14,3,5,3,1,1,0,0,0,0,0,0,8.719554447000064,53.05763854400004
86,11,2023,5,5,18,3,1,5,1,1,0,0,0,0,0,0,8.788871025000049,53.07123476700008
87,11,2023,5,4,19,3,5,3,1,0,0,0,0,1,0,0,8.808092040000076,53.09971129500008
88,11,2023,5,4,15,3,5,3,1,1,0,0,0,0,0,0,8.877973750000024,53.082548759000076
89,11,2023,5,3,14,3,2,6,1,0,0,1,0,0,0,0,8.803532435000022,53.06678931300007
90,11,2023,5,3,14,3,0,7,1,0,0,0,0,1,0,0,8.936964230000058,53.09106168500006
91,11,2023,5,3,15,3,4,6,1,0,0,0,0,0,0,0,8.807032313000036,53.097900408000044
92,11,2023,5,2,1,2,0,7,1,0,0,0,0,0,2,0,8.809296239000048,53.077814328000045
93,11,2023,5,2,14,2,5,2,1,1,0,0,0,0,0,0,8.841410050000036,53.03543568500004
94,12,2023,4,7,16,3,6,4,1,0,1,0,0,0,0,0,8.585280382000064,53.535041369000055
95,12,2023,4,7,9,3,0,1,1,0,0,0,0,0,0,0,8.634177030000046,53.53079559400004
96,11,2023,4,7,16,3,0,7,1,0,1,0,0,0,0,0,8.85715304300004,53.12254330600007
97,11,2023,4,6,16,3,5,2,1,0,0,0,0,1,0,0,8.790012054000044,53.096783007000056
98,11,2023,4,6,21,2,4,2,1,1,0,0,0,0,2,1,8.819112808000057,53.08027936900004
99,11,2023,4,6,19,3,1,7,1,1,0,0,0,0,0,1,8.798113432000036,53.066246008000064
100,11,2023,4,6,18,3,3,6,1,1,0,0,0,0,0,1,8.742473070000074,53.06291711600005
101,11,2023,4,5,6,2,5,3,1,1,0,0,0,0,0,0,8.818145105000042,53.07773344200007
102,11,2023,4,5,17,3,6,7,1,0,1,0,0,0,0,0,8.883972799000048,53.07895223400004
103,11,2023,4,5,17,3,3,6,1,1,0,0,0,0,0,0,8.807875655000032,53.059691927000074
104,11,2023,4,5,15,2,5,3,1,0,0,0,0,1,0,0,8.894819993000056,53.059788953000066
105,11,2023,5,4,7,3,5,3,1,1,0,0,0,0,0,0,8.772121285000026,53.094643778000034
106,12,2023,4,4,14,2,5,2,1,0,0,0,1,0,0,0,8.58620781600007,53.53687481400004
107,11,2023,4,4,8,3,5,2,1,1,0,0,0,0,0,0,8.870605644000022,53.09135072600003
108,11,2023,4,4,6,3,4,6,1,0,0,0,0,1,0,0,8.868637756000055,53.104319685000064
109,11,2023,4,4,13,3,1,5,1,1,0,0,0,0,0,0,8.80730023500007,53.06454139500005
110,11,2023,5,5,18,3,5,3,1,0,0,0,0,0,0,0,8.806580858000075,53.08725391000007
111,11,2023,4,3,11,3,5,3,1,1,0,0,0,0,0,0,8.859037275000048,53.08444203600004
112,11,2023,4,3,16,3,2,6,1,1,0,0,0,0,0,0,8.812590484000054,53.098213531000056
113,11,2023,4,3,13,3,5,2,1,1,0,0,0,0,0,1,8.823306322000064,53.07809567400005
114,12,2023,4,2,16,3,5,3,1,1,0,0,0,0,0,1,8.598213947000033,53.58517243000006
115,11,2023,4,2,19,3,2,6,1,1,0,0,0,0,0,0,8.835580907000065,53.07378592400005
116,11,2023,4,1,6,3,4,6,1,1,0,0,0,0,0,0,8.871250284000041,53.098906115000034
117,11,2023,4,7,12,3,1,1,1,1,0,0,0,0,0,0,8.831930072000034,53.07107485700004
118,11,2023,4,7,14,3,5,3,1,1,0,0,0,0,0,0,8.870919909000065,53.08752419700005
119,11,2023,4,6,23,3,0,7,1,0,0,0,0,0,2,0,8.688851812000053,53.169597198000076
120,11,2023,4,6,23,3,0,7,1,0,0,0,0,0,2,0,8.848729458000037,53.06799670200007
121,11,2023,4,5,11,3,5,3,1,1,0,0,0,0,0,1,8.889310678000072,53.07916154900005
122,11,2023,4,5,6,3,5,2,1,1,0,0,0,0,1,0,8.825139705000026,53.084494653000036
123,12,2023,4,4,13,3,5,3,1,1,0,0,0,0,0,0,8.610577589000059,53.57778865300003
124,11,2023,4,4,14,3,5,2,1,1,0,0,0,0,0,0,8.819173791000026,53.08026797200006
125,11,2023,4,4,7,3,6,4,1,0,1,0,0,0,0,0,8.785095973000068,53.06103232900006
126,12,2023,4,3,9,3,1,5,1,1,0,0,0,0,0,0,8.587230039000076,53.53954068100006
127,12,2023,4,3,8,3,5,2,1,1,0,0,0,0,0,0,8.597381288000065,53.59125881600005
128,11,2023,4,3,7,3,0,2,1,1,0,0,0,0,0,0,8.740756001000022,53.05265532200008
129,11,2023,4,3,11,3,5,2,1,1,0,0,0,0,0,0,8.813437966000038,53.09033805000007
130,11,2023,4,3,18,3,5,2,1,1,0,0,0,0,0,0,8.837292449000074,53.076885133000076
131,11,2023,4,3,9,3,5,3,1,1,0,0,0,0,0,0,8.82439911800003,53.084424693000074
132,11,2023,4,3,15,3,4,6,1,0,0,0,0,0,0,0,8.774990982000077,53.06243001100006
133,11,2023,4,3,15,3,3,6,1,0,0,0,0,0,0,0,8.878797982000037,53.122826743000076
134,11,2023,4,3,8,3,1,5,1,1,0,0,0,0,0,0,8.80898610500003,53.06352570200005
135,12,2023,4,2,15,3,5,2,1,1,0,0,0,0,0,0,8.59396210400007,53.54848921900003
136,12,2023,4,2,8,3,5,3,1,1,0,0,0,0,0,0,8.638192766000031,53.53493368200003
137,11,2023,4,1,21,2,1,5,1,1,0,0,0,0,2,0,8.781936253000026,53.05865492000004
138,11,2023,4,7,19,3,5,3,1,0,0,0,0,1,0,0,8.817916641000068,53.05272099000007
139,11,2023,4,7,18,3,5,3,1,1,0,0,0,0,0,0,8.754780937000021,53.11976314800006
140,12,2023,4,6,18,3,5,2,1,1,0,0,0,0,0,0,8.590283768000063,53.53483447500008
141,11,2023,5,4,15,3,5,3,1,1,0,0,0,0,0,0,8.862487526000052,53.09928423000008
142,11,2023,4,6,7,3,5,3,1,1,0,0,0,0,0,0,8.831252182000071,53.08130460800004
143,11,2023,4,6,0,3,0,2,1,0,0,0,0,1,0,0,8.786453292000033,53.095439627000076
144,11,2023,4,5,18,3,6,4,1,0,1,0,0,0,0,1,8.91523608700004,53.07127773800005
145,11,2023,4,5,14,3,5,3,1,0,0,0,0,0,0,1,8.935718311000073,53.038346457000046
146,11,2023,4,5,14,3,5,2,1,1,0,0,0,0,0,1,8.934360283000046,53.069272942000055
147,11,2023,4,5,12,3,5,3,1,0,0,0,0,1,0,0,8.78898500400004,53.07312543100005
148,11,2023,4,4,7,2,0,7,1,0,0,0,0,0,0,0,8.857793659000038,53.066570812000066
149,11,2023,4,4,12,3,4,2,1,1,0,0,0,0,0,1,8.817988315000036,53.08766020500008
150,11,2023,4,4,11,3,5,3,1,1,0,0,0,0,0,1,8.878496986000073,53.061006821000035
151,11,2023,4,3,23,3,5,3,1,1,0,0,0,0,2,0,8.816959865000058,53.07856831600003
152,11,2023,4,7,14,3,0,7,1,0,0,0,0,1,0,0,8.524054413000044,53.20290372900007
153,11,2023,4,6,19,2,0,7,1,0,0,0,0,0,0,0,8.943892596000069,53.03798839400008
154,11,2023,4,5,8,3,4,7,1,1,0,0,0,0,0,0,8.821879642000056,53.09561605400006
155,11,2023,5,5,16,3,5,2,1,1,0,0,0,0,0,1,8.896964697000044,53.11822385200003
156,12,2023,4,4,16,3,5,2,1,1,0,0,0,0,0,0,8.595718159000057,53.52900987600003
157,11,2023,4,4,12,3,5,3,1,0,0,0,0,1,0,0,8.859454852000056,53.100446230000045
158,11,2023,5,2,8,3,1,7,1,1,0,0,0,0,0,0,8.866391358000044,53.06381809000004
159,11,2023,4,2,12,2,0,7,1,0,0,0,0,0,0,0,8.848306197000056,53.05127951000003
160,11,2023,4,2,9,3,0,7,1,1,0,0,0,0,0,0,8.759307450000051,53.07740821900006
161,11,2023,4,2,17,3,5,3,1,1,0,0,0,0,0,0,8.76124214300006,53.12331926200005
162,11,2023,4,2,13,3,5,3,1,1,0,0,0,0,0,0,8.58451621200004,53.18143546200008
163,11,2023,4,2,18,3,1,5,1,1,0,0,0,0,0,0,8.803054346000067,53.067077176000055
164,11,2023,4,1,16,3,0,7,1,0,0,0,0,0,0,0,8.84249057300002,53.06708149600007
165,11,2023,4,7,15,3,3,6,1,0,0,0,0,0,0,0,8.879339744000049,53.08580802800003
166,11,2023,3,6,15,3,5,3,1,1,0,0,0,0,0,0,8.76278473900004,53.11612140900007
167,11,2023,3,6,12,3,5,3,1,1,0,0,0,0,0,0,8.578490901000066,53.20713553300004
168,11,2023,3,5,18,3,5,3,1,1,0,0,0,0,0,0,8.806340649000049,53.084438713000054
169,12,2023,3,4,19,3,5,3,1,1,0,0,0,0,2,0,8.573097819000054,53.54988621100006
170,12,2023,5,3,17,3,5,3,1,1,0,0,0,0,0,0,8.603535819000058,53.57936926900004
171,11,2023,3,4,12,2,3,6,1,0,0,0,0,0,0,0,8.859365926000066,53.07068658600008
172,11,2023,3,4,12,3,7,7,1,0,0,0,0,1,0,0,8.848052555000038,53.068111411000075
173,11,2023,3,4,17,3,5,3,1,1,0,0,0,0,0,0,8.891077577000033,53.07622563600006
174,11,2023,3,4,15,3,5,3,1,1,0,0,0,0,0,0,8.863784078000037,53.07125872100005
175,12,2023,3,3,15,3,5,3,1,1,0,0,0,0,0,0,8.592320255000061,53.53773592700003
176,11,2023,3,2,11,3,2,6,1,1,0,0,0,0,0,1,8.836494102000074,53.08328452300003
177,11,2023,3,2,16,3,5,3,1,1,0,0,0,0,0,1,8.734093054000027,53.05858445300004
178,11,2023,3,2,8,3,6,4,1,0,1,0,0,0,0,0,8.738852927000039,53.048302411000066
179,11,2023,3,2,7,3,0,7,1,0,0,0,0,0,0,1,8.862948711000058,53.09033020600003
180,11,2023,3,2,13,3,0,7,1,0,0,0,0,0,0,0,8.809264663000022,53.07466964000008
181,11,2023,3,1,16,3,3,2,1,1,0,0,0,0,0,0,8.93053324500005,53.05904275900008
182,11,2023,3,1,5,3,3,6,1,1,0,0,0,0,2,0,8.751391478000073,53.12045673100005
183,11,2023,3,7,9,3,2,6,1,0,0,0,0,0,0,1,8.821316409000076,53.075473128000056
184,11,2023,3,6,8,3,0,2,1,0,0,0,0,0,0,1,8.865192617000048,53.02318858800004
185,11,2023,3,6,16,3,3,2,1,1,0,0,0,0,0,0,8.785712592000039,53.10271807400005
186,11,2023,3,5,14,3,6,3,1,0,1,0,0,0,0,1,8.887950986000021,53.10906593400006
187,11,2023,3,5,8,3,5,3,1,1,0,0,0,0,0,1,8.607396110000025,53.184477077000054
188,11,2023,3,5,15,2,3,2,1,0,0,0,0,0,0,1,8.800389407000068,53.07198171400006
189,11,2023,4,5,16,3,5,3,1,1,0,0,0,0,0,0,8.84060874000005,53.104524094000055
190,11,2023,3,4,19,3,5,2,1,0,0,1,0,0,1,0,8.905875730000048,53.09070301300005
191,11,2023,3,4,20,3,7,7,1,0,0,0,0,0,1,0,8.818242422000026,53.098066034000055
192,11,2023,3,1,22,3,0,7,1,0,0,0,0,0,2,0,8.804762523000022,53.080963206000035
193,11,2023,3,7,13,3,5,3,1,1,0,0,0,0,0,0,8.818101923000029,53.07772511100006
194,11,2023,3,7,19,3,8,1,1,1,0,0,0,0,1,0,8.791648707000036,53.08273396000004
195,11,2023,3,6,7,3,6,4,1,0,1,0,0,0,0,0,8.84673261200004,53.09264958500006
196,11,2023,3,6,7,3,5,3,1,1,0,0,0,0,0,0,8.844190758000025,53.07534841900008
197,12,2023,3,5,17,2,0,1,1,0,0,0,0,0,0,0,8.579735951000032,53.54775168000003
198,11,2023,3,4,15,3,1,7,1,1,0,0,0,0,0,0,8.794523092000077,53.06118904400006
199,11,2023,3,4,5,3,1,7,1,1,0,0,0,0,1,0,8.789548338000031,53.097148160000074
200,11,2023,3,3,5,3,4,6,1,0,0,0,0,0,2,1,8.853302620000022,53.06430831900008
201,12,2023,3,2,5,3,5,3,1,1,0,0,0,0,2,1,8.590949151000075,53.58209937600003
202,12,2023,3,2,18,3,0,1,1,0,0,0,0,0,0,0,8.597457735000035,53.59111468900005
203,11,2023,3,2,16,3,0,7,1,1,0,0,0,0,0,0,8.807526728000028,53.05994590000006
204,11,2023,3,1,20,3,3,6,1,0,0,0,0,0,2,1,8.850144670000077,53.06551739300005
205,11,2023,3,7,17,3,5,3,1,1,0,0,0,0,0,0,8.853441427000064,53.06491262900005
206,11,2023,3,5,15,3,5,3,1,1,0,0,0,0,0,0,8.856480154000053,53.08871290700006
207,11,2023,3,4,17,3,2,6,1,1,0,0,0,0,1,0,8.891353558000048,53.09852843500005
208,11,2023,3,3,8,3,5,3,1,1,0,0,0,0,0,0,8.836985386000038,53.09925896900006
209,11,2023,3,3,16,3,5,3,1,1,0,0,0,0,0,0,8.847105095000074,53.086974335000036
210,11,2023,3,3,8,3,5,3,1,1,0,0,0,0,0,1,8.880361649000065,53.08244456300008
211,11,2023,3,3,15,3,6,4,1,0,1,0,0,0,0,0,8.898263443000076,53.10273877100008
212,11,2023,3,3,13,3,5,2,1,1,0,0,0,0,0,0,8.801341103000027,53.07148033300007
213,12,2023,3,2,12,2,0,7,1,1,0,0,0,0,0,0,8.586079146000031,53.56098479800005
214,11,2023,3,2,19,3,5,3,1,1,0,0,0,0,2,0,8.774172060000069,53.09543750800003
215,11,2023,3,2,7,3,5,3,1,1,0,0,0,0,0,1,8.877369778000059,53.08056806800005
216,11,2023,3,2,6,2,0,1,1,0,0,0,0,0,1,2,8.887709467000036,53.08148831900007
217,11,2023,3,2,10,3,5,3,1,1,0,0,0,0,0,1,8.825087816000064,53.08419604900007
218,11,2023,3,2,12,3,0,7,1,0,0,0,0,0,0,0,8.906508779000035,53.052417277000075
219,11,2023,3,7,10,3,5,3,1,1,0,0,0,0,0,1,8.756991742000025,53.114496978000034
220,11,2023,3,6,11,3,5,3,1,1,0,0,0,0,0,0,8.892387308000025,53.08135108300007
221,11,2023,3,4,3,3,2,6,1,0,0,0,0,0,2,0,8.730923492000045,53.137900769000055
222,11,2023,3,4,16,3,5,2,1,1,0,0,0,0,0,0,8.865418715000033,53.07168193900003
223,11,2023,3,4,7,3,3,2,1,1,0,0,0,0,0,0,8.875399635000065,53.06187349900006
224,11,2023,2,3,9,3,0,3,1,1,0,0,0,0,0,0,8.625437133000048,53.181338132000064
225,11,2023,2,3,8,3,5,3,1,1,0,0,0,0,0,0,8.827388934000055,53.078391364000026
226,11,2023,2,3,9,3,5,2,1,1,0,0,0,0,0,0,8.79370033300006,53.06640278700007
227,11,2023,2,3,15,3,5,3,1,1,0,0,0,0,0,0,8.685799453000072,53.16782826700006
228,11,2023,2,2,15,3,5,3,1,1,0,0,0,0,0,0,8.807438562000073,53.082414519000054
229,12,2023,2,1,13,2,5,3,1,1,0,0,0,0,0,1,8.574467300000038,53.54400498200005
230,11,2023,2,1,18,3,6,4,1,0,1,0,0,0,1,0,8.82846982500007,53.08785634100008
231,11,2023,3,3,16,3,1,5,1,1,0,0,0,0,0,0,8.843435591000059,53.089320153000074
232,12,2023,2,6,12,3,5,3,1,1,0,0,0,0,0,0,8.601566027000047,53.50608870000008
233,11,2023,2,5,16,3,6,4,1,0,1,0,0,0,0,1,8.736469923000072,53.04107525100005
234,11,2023,2,4,18,3,5,2,1,1,0,0,0,0,0,0,8.785373692000064,53.07092154400004
235,11,2023,2,4,16,3,5,3,1,1,0,0,0,0,0,0,8.784877212000026,53.08905234100007
236,11,2023,2,3,12,3,0,1,1,0,0,0,0,0,0,0,8.738768159000074,53.132959053000036
237,11,2023,2,2,13,2,5,2,1,1,0,0,0,0,0,0,8.872394668000027,53.06731202200007
238,11,2023,2,7,22,3,5,3,1,1,0,0,0,0,2,1,8.756360287000064,53.11841750000008
239,11,2023,2,7,22,3,9,1,1,0,0,0,0,0,2,1,8.801522099000067,53.071327359000065
240,11,2023,2,7,18,3,5,2,1,1,0,0,0,0,2,0,8.882765402000075,53.07467952600007
241,12,2023,2,6,7,3,4,2,1,1,0,0,0,0,0,1,8.596541338000065,53.55523426500008
242,11,2023,2,5,10,3,0,7,1,0,0,0,0,0,0,0,8.783202248000066,53.10838992400005
243,11,2023,2,5,7,3,5,3,1,1,0,0,0,0,2,0,8.824431970000035,53.08448933000005
244,12,2023,2,4,16,3,0,1,1,0,0,0,0,0,0,0,8.598696837000034,53.53613948800006
245,11,2023,2,4,17,3,0,7,1,0,1,0,0,0,0,0,8.852040995000038,53.083690009000065
246,11,2023,2,4,7,3,5,3,1,1,0,0,0,0,1,0,8.87705035600004,53.080907066000066
247,11,2023,2,3,16,3,1,7,1,1,0,0,0,0,0,0,8.829840919000048,53.08344787600004
248,12,2023,2,2,6,3,5,2,1,1,0,0,0,0,2,1,8.590257030000032,53.55909527000006
249,11,2023,2,2,12,3,1,5,1,1,0,0,0,0,0,1,8.803274049000038,53.066943354000045
250,11,2023,2,2,11,3,2,6,1,1,0,0,0,0,0,0,8.829240636000065,53.08533088900003
251,11,2023,2,2,10,3,5,3,1,1,0,0,0,0,0,0,8.783805033000021,53.098500828000056
252,11,2023,2,2,12,2,5,3,1,1,0,0,0,0,0,1,8.880246743000043,53.07192514700006
253,11,2023,2,2,21,3,5,3,1,0,0,0,0,1,2,0,8.69663302300006,53.17527538400003
254,11,2023,2,7,21,3,0,1,1,0,0,0,0,0,2,1,8.832288771000037,53.07095908600007
255,12,2023,2,6,22,3,0,1,1,0,0,0,0,0,2,0,8.59614466100004,53.56685555800004
256,11,2023,2,5,7,3,3,2,1,1,0,0,0,0,0,0,8.78652794800007,53.088027941000064
257,11,2023,2,5,10,3,6,4,1,0,1,0,0,0,0,0,8.807530948000021,53.08230821300003
258,11,2023,2,4,12,3,5,2,1,1,0,0,0,0,0,0,8.862068846000057,53.07166032600003
259,11,2023,2,4,8,3,5,2,1,1,0,0,0,0,0,0,8.861673625000037,53.09927357000004
260,12,2023,2,4,18,3,0,1,1,0,0,0,0,0,2,0,8.581237186000067,53.55099525500003
261,11,2023,2,4,22,3,5,2,1,1,0,0,0,0,2,0,8.825154703000067,53.08450754900008
262,11,2023,2,4,9,2,0,7,1,0,0,0,0,1,0,0,8.841042440000024,53.072549750000064
263,11,2023,2,4,11,3,2,6,1,1,0,0,0,0,0,0,8.798324489000038,53.06361223200008
264,11,2023,2,4,6,3,5,3,1,1,0,0,0,0,1,0,8.79566220700002,53.05617133000004
265,11,2023,2,4,11,2,5,2,1,1,0,0,0,0,0,0,8.833565787000055,53.09441536700007
266,11,2023,2,3,8,3,5,3,1,1,0,0,0,0,1,1,8.792792365000025,53.069093545000044