,UKREIS,UJAHR,UMONAT,UWOCHENTAG,USTUNDE,UKATEGORIE,UART,UTYP1,IstRad,IstPKW,IstFuss,IstKrad,IstGkfz,IstSonstig,ULICHTVERH,STRZUSTAND,longitude,latitude
267,11,2023,2,3,11,3,4,6,1,1,0,0,0,0,0,0,8.763695691000066,53.111421430000064
268,11,2023,2,3,23,3,6,4,1,0,1,0,0,0,2,2,8.77882423400007,53.106082177000076
269,11,2023,2,2,14,3,5,2,1,1,0,0,0,0,0,0,8.852497678000077,53.07360069300006
270,11,2023,2,7,7,2,7,7,1,0,0,0,0,0,2,0,8.815616154000054,53.05417540900004
271,11,2023,2,7,12,3,5,3,1,1,0,0,0,0,0,0,8.755735750000042,53.124911713000074
272,12,2023,2,5,12,3,5,3,1,1,0,0,0,0,0,0,8.56435877000007,53.55711184100005
273,12,2023,2,5,7,3,5,7,1,1,0,0,0,0,1,0,8.58862163300006,53.55846237700007
274,11,2023,2,5,18,3,5,3,1,1,0,0,0,0,2,1,8.804663471000026,53.085772648000045
275,11,2023,2,5,16,3,5,3,1,1,0,0,0,0,0,0,8.870590221000043,53.091048166000064
276,11,2023,2,5,9,2,5,3,1,0,0,0,1,0,0,1,8.896702438000034,53.118362938000075
277,11,2023,2,4,11,3,0,6,1,1,0,0,0,0,0,1,8.83094969900003,53.085796938000044
278,12,2023,1,3,18,3,6,4,1,0,1,0,0,0,2,1,8.594789265000031,53.57224241000006
279,11,2023,1,3,15,3,5,3,1,1,0,0,0,0,0,1,8.854894069000068,53.102464722000036
280,11,2023,1,3,6,3,5,3,1,1,0,0,0,0,2,1,8.824429375000022,53.08425756300005
281,11,2023,1,3,19,3,5,3,1,1,0,0,0,0,2,0,8.87652679200005,53.08103912200005
282,11,2023,1,3,12,3,5,3,1,1,0,0,0,0,0,1,8.686084571000038,53.173313335000046
283,11,2023,1,7,9,3,3,2,1,1,0,0,0,0,0,0,8.824134955000034,53.068926633000046
284,11,2023,1,6,7,3,6,4,1,0,1,0,0,0,1,1,8.788824912000052,53.063302984000075
285,11,2023,1,5,19,3,5,7,1,1,0,0,0,0,2,1,8.740813814000035,53.053073778000055
286,11,2023,1,5,11,3,4,6,1,0,0,0,0,0,2,1,8.854431641000076,53.08202001500007
287,11,2023,1,5,4,2,0,7,1,0,0,0,0,0,2,2,8.723031133000063,53.13824021500005
288,11,2023,5,4,15,3,5,2,1,1,0,0,0,0,0,0,8.810638496000024,53.07180136800008
289,11,2023,1,4,21,3,5,2,1,1,0,0,0,0,2,0,8.567611505000059,53.194133435000026
290,11,2023,1,4,14,3,5,3,1,1,0,0,0,0,0,0,8.831658375000075,53.07655657200007
291,11,2023,1,3,5,3,5,3,1,1,0,0,0,0,2,0,8.776464282000063,53.09691481700003
292,11,2023,1,2,14,3,0,7,1,0,0,0,0,0,0,0,8.807564011000068,53.09969954300004
293,11,2023,1,2,14,2,5,2,1,1,0,0,0,0,0,0,8.835090967000042,53.08679062400006
294,11,2023,1,6,20,3,5,3,1,0,0,1,0,0,2,0,8.801269645000048,53.086839068000074
295,11,2023,1,6,12,3,5,3,1,1,0,0,0,0,0,0,8.833386190000056,53.08173951800006
296,11,2023,1,6,13,3,5,3,1,1,0,0,0,0,0,0,8.825104389000046,53.08418684000003
297,11,2023,1,6,14,3,5,3,1,1,0,0,0,0,0,0,8.80320884400004,53.07222983200006
298,11,2023,1,4,18,3,3,6,1,1,0,0,0,0,2,1,8.788381428000037,53.069389897000065
299,11,2023,5,4,19,3,5,3,1,1,0,0,0,0,0,0,8.825104389000046,53.08418684000003
300,11,2023,1,4,9,3,5,3,1,1,0,0,0,0,0,0,8.82503444100007,53.08458486500007
301,11,2023,1,3,9,3,0,7,1,0,0,0,0,1,0,0,8.810932104000074,53.07391771200008
302,11,2023,1,3,13,3,1,5,1,1,0,0,0,0,0,0,8.904422255000043,53.04738889500004
303,11,2023,1,3,8,3,5,3,1,1,0,0,0,0,0,1,8.843850279000037,53.07455022900007
304,11,2023,1,2,12,3,5,3,1,1,0,0,0,0,0,0,8.815143900000066,53.07708054500006
305,11,2023,1,2,17,3,5,3,1,1,0,0,0,0,2,1,8.883910030000038,53.07909514600004
306,11,2023,1,2,21,3,5,3,1,1,0,0,0,0,2,0,8.837117825000064,53.08260138400004
307,11,2023,1,1,15,3,3,6,1,1,0,0,0,0,1,1,8.808934944000043,53.06355624000008
308,11,2023,1,7,12,3,5,2,1,1,0,0,0,0,0,1,8.627556775000073,53.170226152000055
309,12,2023,1,6,19,3,0,1,1,0,0,0,0,0,2,1,8.592148585000075,53.57485580400004
310,11,2023,1,6,13,3,5,2,1,1,0,0,0,0,0,0,8.820840543000031,53.04879869700005
311,11,2023,1,5,17,3,5,2,1,1,0,0,0,0,2,1,8.879672847000052,53.112546715000065
312,11,2023,1,5,5,2,5,2,1,1,0,0,0,0,2,1,8.887396874000046,53.050612759000046
313,11,2023,1,5,19,3,3,6,1,0,0,0,0,1,2,1,8.878821950000031,53.07910989900006
314,11,2023,1,5,9,3,5,2,1,1,0,0,0,0,1,1,8.825164061000066,53.08451559500003
315,11,2023,1,5,17,3,5,3,1,1,0,0,0,0,1,1,8.945131111000023,53.058217253000066
316,12,2023,1,4,13,3,1,5,1,1,0,0,0,1,0,0,8.592237024000042,53.53234224300007
317,12,2023,1,2,7,3,5,3,1,1,0,0,0,0,1,0,8.600021580000032,53.570169458000066
318,11,2023,1,2,8,3,3,6,1,1,0,0,0,0,0,1,8.857474307000075,53.08902696200005
319,12,2023,1,1,12,3,0,1,1,0,0,0,0,0,0,0,8.588847746000056,53.53652051200004
320,11,2023,1,7,17,3,5,3,1,1,0,0,0,0,2,0,8.832001492000074,53.07751644200005
321,11,2023,1,7,11,3,5,3,1,1,0,0,0,0,0,0,8.787313427000072,53.094912933000046
322,11,2023,1,6,14,3,6,4,1,0,1,0,0,0,0,0,8.79158437600006,53.10312868400007
323,11,2023,1,6,16,3,5,3,1,1,0,0,0,0,1,0,8.733796908000045,53.05840631600006
324,11,2023,1,5,12,2,5,2,1,1,0,0,0,0,0,0,8.814239428000064,53.10070738300004
325,11,2023,1,5,12,3,5,3,1,1,0,0,0,0,0,0,8.808248054000046,53.094648670000026
326,12,2023,1,4,8,3,5,2,1,1,0,0,0,0,1,1,8.58212400800005,53.55837568000004
327,11,2023,3,5,13,2,5,3,1,1,0,0,0,0,0,0,8.75122138300003,53.08230706300003
328,11,2023,1,4,15,3,3,2,1,0,0,0,0,1,0,1,8.959623326000042,53.039155340000036
329,11,2023,1,3,7,3,5,3,1,1,0,0,0,0,0,1,8.863378228000045,53.06840064600004
330,11,2023,1,3,16,3,0,6,1,1,0,0,0,0,0,1,8.828865964000045,53.03361342200003
331,11,2023,3,4,10,3,5,3,1,1,0,0,0,0,0,0,8.824431970000035,53.08448933000005
332,11,2023,1,3,16,3,3,6,1,0,0,0,0,0,2,0,8.80803185800005,53.07247974000006
333,11,2023,1,1,9,3,0,7,1,0,0,0,0,0,0,0,8.81299496400004,53.080953865000026
334,11,2023,2,3,14,3,5,2,1,1,0,0,0,0,0,0,8.848858654000026,53.06797482400003
335,11,2023,3,4,14,3,6,3,1,0,1,0,0,0,0,0,8.846746840000037,53.09266274700008
336,11,2023,1,4,13,2,5,3,1,1,0,0,0,0,0,0,8.755502120000074,53.08128368700005
337,11,2023,5,6,10,3,3,6,1,1,0,0,0,0,0,0,8.886723006000068,53.05152958200006
338,11,2023,5,7,10,3,5,2,1,1,0,0,0,0,0,0,8.856525804000057,53.08986728100007
339,11,2023,5,4,17,3,5,3,1,1,0,0,0,0,0,0,8.735236723000071,53.04469407100004
340,11,2023,5,2,7,3,5,3,1,0,0,0,0,0,0,0,8.810605770000052,53.08008327500005
341,11,2023,4,2,15,3,5,3,1,1,0,0,0,0,0,1,8.890902621000066,53.108865138000056
342,11,2023,1,6,8,3,5,2,1,1,0,0,0,0,0,0,8.898606611000048,53.11984156500006
343,11,2023,3,7,1,1,4,6,1,1,0,0,0,0,2,0,8.872786843000029,53.07750827000007
344,11,2023,1,3,8,3,5,3,1,1,0,0,0,0,0,0,8.773642788000075,53.11084343200008
345,11,2023,3,2,7,3,5,2,1,1,0,0,0,0,1,1,8.76505200300005,53.08518906000006
346,12,2023,3,2,11,3,5,3,1,1,0,0,0,0,0,0,8.582825433000039,53.54205091800003
347,11,2023,4,4,12,3,8,1,1,0,0,0,0,0,0,0,8.769757321000043,53.094954295000036
348,11,2023,3,3,8,3,5,3,1,1,0,0,0,0,0,1,8.797161881000022,53.10280115000006
349,12,2023,11,7,4,3,5,2,1,1,0,0,0,0,2,1,8.597356385000069,53.58977173800008
350,12,2023,11,7,15,3,2,6,1,1,0,0,0,0,0,1,8.572800371000028,53.56053529800005
351,11,2023,11,7,8,3,5,3,1,1,0,0,0,0,0,1,8.873638679000067,53.10128266500004
352,11,2023,11,7,14,2,5,3,1,1,0,0,0,0,0,1,8.886332998000057,53.07147986600006
353,11,2023,11,6,7,3,5,3,1,1,0,0,0,0,2,1,8.758009490000063,53.05816984300003
354,11,2023,11,6,15,3,2,6,1,1,0,0,0,0,0,1,8.827094202000069,53.072738722000054
355,11,2023,11,6,12,2,5,3,1,1,0,0,0,0,0,0,8.619074847000036,53.180502395000076
356,11,2023,11,5,11,3,3,6,1,0,0,0,0,1,0,0,8.823206587000072,53.07298969900006
357,11,2023,11,5,10,3,5,2,1,1,0,0,0,0,0,1,8.87763946800004,53.08252543000003
358,11,2023,11,5,18,3,0,2,1,0,0,0,0,0,2,0,8.85000823200005,53.09472978200006
359,11,2023,11,5,8,2,5,2,1,1,0,0,0,0,0,1,8.769633838000061,53.11040783000004
360,11,2023,11,5,9,3,3,2,1,1,0,0,0,0,0,1,8.84140269300002,53.10536977000004
361,12,2023,11,4,6,2,0,1,1,0,0,0,0,0,2,1,8.591812435000065,53.58010997500003
362,11,2023,11,4,14,3,3,2,1,1,0,0,0,0,0,0,8.941019857000072,53.05840401800003
363,11,2023,11,3,9,3,5,3,1,1,0,0,0,0,0,0,8.774157763000062,53.09543393700005
364,11,2023,11,3,13,3,5,3,1,0,0,0,0,1,0,0,8.61927005900003,53.18213714700005
365,11,2023,11,3,9,3,5,3,1,1,0,0,0,0,0,0,8.85462325900005,53.08235475100008
366,11,2023,11,3,21,3,0,7,1,0,0,0,0,0,2,1,8.820181298000023,53.08411215700005
367,11,2023,11,7,17,3,0,3,1,1,0,0,0,0,1,1,8.571041574000049,53.18126761800005
368,11,2023,11,7,19,2,5,2,1,1,0,0,0,0,2,1,8.943480617000034,53.06646068500004
369,11,2023,11,7,22,3,0,7,1,0,0,0,0,0,2,1,8.805714367000064,53.07335413000004
370,11,2023,11,6,11,3,5,3,1,1,0,0,0,0,0,0,8.619074156000067,53.180494217000046
371,11,2023,11,6,16,3,1,5,1,1,0,0,0,0,1,0,8.825008303000061,53.07510751500007
372,11,2023,11,6,14,3,5,2,1,1,0,0,0,0,0,0,8.588889179000034,53.18308148800003
373,11,2023,11,6,13,2,5,2,1,0,0,0,1,0,0,0,8.824805498000046,53.08458242700004
374,11,2023,11,5,18,2,0,7,1,0,0,0,0,0,2,0,8.802350432000026,53.08483764600004
375,11,2023,11,5,15,3,2,6,1,1,0,0,0,0,0,0,8.849337394000031,53.068825067000034
376,11,2023,11,5,13,3,5,3,1,1,0,0,0,0,2,0,8.790303889000029,53.08633569400007
377,11,2023,11,5,8,3,2,6,1,1,0,0,0,0,0,0,8.866023791000032,53.097604955000065
378,11,2023,11,5,17,3,5,2,1,1,0,0,0,0,2,0,8.742632352000044,53.053282369000044
379,11,2023,11,5,16,3,3,6,1,0,0,0,0,0,1,0,8.784913431000064,53.06053572600007
380,11,2023,11,4,14,3,0,7,1,0,0,0,0,0,0,1,8.702453431000038,53.16993325900006
381,11,2023,11,4,11,3,5,2,1,1,0,0,0,0,0,1,8.863844809000057,53.07139144100006
382,12,2023,10,3,21,3,0,1,1,0,0,0,0,0,2,0,8.568021609000027,53.55126579800003
383,12,2023,10,3,16,3,1,5,1,1,0,0,0,0,1,1,8.585846565000054,53.55896272800004
384,11,2023,10,3,15,3,5,3,1,1,0,0,0,0,1,1,8.826505487000077,53.07933166400005
385,11,2023,10,2,16,3,6,4,1,0,1,0,0,0,0,0,8.711828493000041,53.05622929300006
386,11,2023,10,1,5,3,5,3,1,1,0,0,0,0,2,0,8.813581361000047,53.090373681000074
387,11,2023,10,1,10,3,5,3,1,1,0,0,0,0,0,0,8.880364284000052,53.08237581800006
388,11,2023,10,7,20,3,0,1,1,0,0,0,0,0,2,1,8.80046470800005,53.07879452600008
389,11,2023,10,7,11,3,3,6,1,1,0,0,0,0,0,0,8.816365277000045,53.09721418400005
390,11,2023,10,6,16,3,9,1,1,1,0,0,0,0,0,1,8.738029966000056,53.14515084000004
391,11,2023,10,6,8,3,5,3,1,1,0,0,0,0,0,1,8.818888443000048,53.111713198000075
392,11,2023,10,6,8,3,0,5,1,1,0,0,0,0,0,1,8.76536650600002,53.08496230500003
393,11,2023,10,6,17,2,5,3,1,1,0,0,0,0,0,1,8.571704240000031,53.18987314300006
394,11,2023,10,5,13,2,6,7,1,0,1,0,0,0,0,0,8.52124539500005,53.20513182900004
395,11,2023,10,5,15,3,5,2,1,1,0,0,0,0,0,1,8.817687528000022,53.05263602100007
396,11,2023,10,4,18,3,1,7,1,1,0,0,0,0,0,0,8.803775081000026,53.09006212500003
397,11,2023,10,4,11,3,5,3,1,1,0,0,0,0,0,0,8.763464222000039,53.10090699300008
398,11,2023,10,4,9,3,4,6,1,0,0,0,0,0,0,0,8.772577732000059,53.08148955400003
399,11,2023,10,4,12,3,5,3,1,1,0,0,0,0,0,1,8.802523892000067,53.10151068000005
400,11,2023,10,3,9,3,5,3,1,1,0,0,0,0,0,1,8.848699169000042,53.10305473100004
401,11,2023,10,2,17,3,1,5,1,1,0,0,0,0,0,0,8.78556506700005,53.09071151900008
402,11,2023,10,2,17,3,0,4,1,0,1,0,0,0,0,1,8.857326597000053,53.07014951800005
403,11,2023,10,2,18,3,4,6,1,0,0,0,0,0,1,0,8.861782042000073,53.09920600500004
404,11,2023,10,2,16,3,5,3,1,1,0,0,0,0,0,0,8.901162850000048,53.089454913000054
405,11,2023,10,2,8,3,0,7,1,0,0,0,0,1,0,0,8.761994214000026,53.060126135000075
406,11,2023,10,7,4,3,5,3,1,1,0,0,0,0,2,0,8.806340215000034,53.08439296600005
407,11,2023,10,6,17,3,0,7,1,0,0,0,0,0,0,1,8.859815347000051,53.078650734000064
408,11,2023,10,6,13,3,5,3,1,0,0,1,0,0,0,1,8.790820937000035,53.08591981200004
409,11,2023,10,5,5,3,5,3,1,1,0,0,0,0,2,1,8.802838379000036,53.10138118300006
410,11,2023,10,4,12,2,0,1,1,0,0,0,0,0,0,0,8.820203462000052,53.08411554400004
411,11,2023,10,3,10,3,5,2,1,0,0,0,0,1,0,0,8.855720630000064,53.06960630200007
412,11,2023,10,3,18,3,5,3,1,1,0,0,0,0,1,0,8.804579353000065,53.08581200900005
413,11,2023,10,3,11,3,5,3,1,1,0,0,0,0,0,0,8.87477199600005,53.10128017200003
414,11,2023,10,3,15,3,5,3,1,1,0,0,0,0,0,0,8.73928453000002,53.059798930000056
415,11,2023,10,3,17,3,5,2,1,1,0,0,0,0,0,0,8.859407205000025,53.102752930000065
416,11,2023,10,3,16,3,5,2,1,1,0,0,0,0,0,0,8.813642938000044,53.09034906000005
417,11,2023,10,2,12,3,5,2,1,1,0,0,0,0,0,1,8.774255892000042,53.10146396400006
418,11,2023,10,2,16,3,0,7,1,1,0,0,0,0,1,0,8.892902140000047,53.06034722800007
419,12,2023,10,7,12,3,5,3,1,1,0,0,0,0,0,1,8.590760010000054,53.55679548100005
420,12,2023,10,6,14,3,5,3,1,1,0,0,0,0,0,1,8.58595864800003,53.55981533100004
421,12,2023,10,6,6,3,0,1,1,0,0,0,0,0,2,1,8.602857309000058,53.53111308800004
422,11,2023,10,6,8,3,6,4,1,0,1,0,0,0,0,1,8.893244153000069,53.06032576300004
423,11,2023,10,6,7,3,5,2,1,1,0,0,0,0,1,1,8.91771218200006,53.07127558800005
424,11,2023,10,6,22,3,2,6,1,1,0,0,0,0,2,1,8.786801801000024,53.07453914800004
425,11,2023,10,6,19,2,0,7,1,0,0,0,0,0,2,1,8.822631001000047,53.07532990400006
426,11,2023,10,5,16,3,1,5,1,1,0,0,0,0,0,0,8.790943738000067,53.09569293800007
427,11,2023,10,5,12,3,6,4,1,0,1,0,0,0,0,0,8.786731187000044,53.100427007000064
428,11,2023,10,5,13,3,5,3,1,1,0,0,0,0,0,0,8.794615269000076,53.09162438700008
429,11,2023,10,5,14,3,0,7,1,0,0,0,0,0,0,0,8.808753551000052,53.074828841000055
430,12,2023,10,4,10,3,0,1,1,0,0,0,0,0,0,0,8.607594121000034,53.53525374800006
431,11,2023,10,4,21,3,6,7,1,0,1,0,0,0,2,1,8.80913329200007,53.078708111000026
432,11,2023,10,4,17,3,0,7,1,1,0,0,0,0,0,0,8.619213503000026,53.18174315600004
433,11,2023,10,4,21,3,5,3,1,1,0,0,0,0,2,1,8.833079978000058,53.03988394500004
434,11,2023,10,4,6,3,5,2,1,1,0,0,0,0,2,0,8.896902675000035,53.059042531000046
435,11,2023,10,4,7,2,5,3,1,1,0,0,0,0,0,0,8.81938550700005,53.048496689000046
436,11,2023,10,4,14,3,5,2,1,1,0,0,0,0,0,0,8.781727016000048,53.06878610700005
437,12,2023,10,2,16,3,5,3,1,1,0,0,0,0,0,0,8.58846013300007,53.520951463000074
438,12,2023,10,3,6,3,5,2,1,1,0,0,0,0,1,1,8.595680194000067,53.566907177000076
439,12,2023,10,3,19,3,5,2,1,1,0,0,0,0,2,1,8.583275784000023,53.53630048300005
440,11,2023,10,3,12,3,3,6,1,1,0,0,0,0,0,1,8.94108195900003,53.06050307900006
441,11,2023,10,3,18,2,5,3,1,1,0,0,0,0,1,0,8.812601076000021,53.08084057000008
442,12,2023,10,2,16,3,1,5,1,1,0,0,0,0,0,1,8.593912053000054,53.56395613500007
443,12,2023,10,2,7,3,5,3,1,1,0,0,0,0,0,1,8.595350472000064,53.565531157000066
444,12,2023,10,1,8,2,0,1,1,0,0,0,0,0,0,1,8.621214117000022,53.60162147300008
445,11,2023,11,3,20,3,5,2,1,1,0,0,0,0,2,1,8.714323625000077,53.18013436400008
446,11,2023,10,7,12,3,5,3,1,1,0,0,0,0,0,1,8.799817107000024,53.07832303300006
447,11,2023,10,7,8,3,5,3,1,1,0,0,0,0,0,1,8.808495839000045,53.06130719200007
448,12,2023,10,6,7,3,5,3,1,1,0,0,0,0,1,1,8.621261985000046,53.590479591000076
449,11,2023,10,6,13,3,5,3,1,1,0,0,0,0,0,1,8.778833987000041,53.10609445100005
450,11,2023,10,6,17,2,3,6,1,0,0,0,0,0,0,0,8.81926216000005,53.083874310000056
451,11,2023,10,6,14,3,5,3,1,1,0,0,0,0,0,0,8.870647440000027,53.06705850700007
452,11,2023,10,6,12,3,6,6,1,0,1,0,0,0,0,1,8.575381014000072,53.18353118200008
453,12,2023,11,3,7,3,5,3,1,1,0,0,0,0,0,1,8.570282122000037,53.55177855000005
454,11,2023,10,5,17,3,5,2,1,1,0,0,0,0,0,0,8.838042821000045,53.06788803400008
455,11,2023,10,5,19,3,3,7,1,1,0,0,0,0,2,1,8.807786643000043,53.072545052000066
456,11,2023,10,5,7,3,5,2,1,1,0,0,0,0,1,0,8.716774239000074,53.11025968700005
457,11,2023,10,4,19,3,1,7,1,0,0,0,0,1,2,0,8.807397606000052,53.07398785000004
458,11,2023,10,4,9,3,3,6,1,0,0,0,0,0,0,0,8.806326026000022,53.08145656100004
459,11,2023,10,4,10,1,5,3,1,0,0,0,0,1,0,0,8.727036382000051,53.06109881200007
460,12,2023,10,3,7,3,0,1,1,0,0,0,0,0,2,1,8.565947951000055,53.567777454000066
461,11,2023,10,2,12,3,0,3,1,1,0,0,0,0,0,0,8.703045676000045,53.17132916300005
462,11,2023,10,2,10,3,4,2,1,1,0,0,0,0,0,0,8.802611264000063,53.079805700000065
463,11,2023,10,1,18,3,5,3,1,1,0,0,0,0,2,0,8.786606904000053,53.08939204900008
464,11,2023,10,1,14,3,0,7,1,0,0,0,0,0,0,0,8.809870502000024,53.07438030600008
465,11,2023,9,7,19,2,0,7,1,0,0,0,0,0,1,1,8.799065701000075,53.102691211000035
466,11,2023,9,6,22,3,0,1,1,0,0,0,0,0,2,0,8.739214311000069,53.04830482800003
467,11,2023,9,6,13,3,5,3,1,1,0,0,0,0,0,0,8.789115356000025,53.074727721000045
468,11,2023,9,6,15,3,4,6,1,0,0,0,0,0,0,0,8.89573583400005,53.11118603500006
469,11,2023,9,6,20,2,5,2,1,0,0,0,0,1,2,1,8.84777168100004,53.05054085200004
470,11,2023,9,5,20,3,4,6,1,1,0,0,0,0,2,0,8.814281032000054,53.075647393000054
471,11,2023,9,5,14,3,0,7,1,0,1,0,0,0,0,0,8.776677735000021,53.09725244800006
472,11,2023,9,5,12,2,5,3,1,1,0,0,0,0,0,0,8.932533540000065,53.06977614900006
473,11,2023,9,5,10,3,5,3,1,1,0,0,0,0,0,0,8.900965376000045,53.08951495400004
474,11,2023,9,5,18,3,5,3,1,0,1,0,0,0,0,0,8.880150899000057,53.102623797000035
475,11,2023,9,5,15,2,5,2,1,1,0,0,0,0,0,0,8.875118051000072,53.08242617900004
476,11,2023,9,5,17,2,5,3,1,0,0,0,0,1,0,0,8.856753386000037,53.08893055600004
477,11,2023,9,4,15,3,5,3,1,1,0,0,0,0,0,0,8.877152790000025,53.10793808400007
478,11,2023,9,3,19,3,5,2,1,1,0,0,0,0,1,0,8.87894376600002,53.07892452300007
479,11,2023,9,3,16,3,6,4,1,0,1,0,0,0,0,0,8.802271265000059,53.063639092000074
480,11,2023,9,3,9,3,0,7,1,0,0,0,0,0,0,0,8.823131818000036,53.08303979200008
481,11,2023,9,3,11,3,2,6,1,1,0,0,0,0,0,0,8.815971888000036,53.09631955100008
482,11,2023,9,3,7,2,5,2,1,1,0,0,0,0,0,0,8.954538680000041,53.057641465000074
483,11,2023,9,3,7,3,5,3,1,0,0,0,0,1,0,0,8.787606295000046,53.06999263400007
484,11,2023,9,3,10,3,5,2,1,1,0,0,0,0,0,0,8.840773295000076,53.104757419000066
485,12,2023,10,5,5,3,5,3,1,0,0,0,0,1,2,1,8.592677812000034,53.51558781400007
486,12,2023,9,2,19,3,0,1,1,0,0,0,0,0,2,0,8.609682081000074,53.50773953800007
487,11,2023,9,2,18,3,5,3,1,1,0,0,0,0,0,0,8.75234213400006,53.11310262000006
488,11,2023,9,2,7,3,5,2,1,1,0,0,0,0,0,0,8.936365528000067,53.07376826500007
489,11,2023,9,2,11,2,5,2,1,0,0,0,1,0,0,0,8.960794419000024,53.04925986900008
490,12,2023,9,1,17,3,0,1,1,0,0,0,0,0,0,0,8.609190170000034,53.58681168600003
491,11,2023,9,7,23,3,4,6,1,0,0,0,0,0,2,0,8.853268683000067,53.063409206000074
492,11,2023,9,6,13,3,5,3,1,1,0,0,0,0,0,0,8.914310767000075,53.06530486400004
493,11,2023,9,6,14,3,1,5,1,1,0,0,0,0,0,0,8.819224693000024,53.07254604900004
494,11,2023,9,6,18,3,5,3,1,0,0,0,0,1,0,0,8.95139580700004,53.089618259000076
495,12,2023,9,5,13,3,4,6,1,1,0,0,0,0,0,0,8.591214046000061,53.53291634200008
496,11,2023,11,5,16,3,5,3,1,1,0,0,0,0,0,0,8.833960267000066,53.08425198200007
497,11,2023,9,5,17,3,6,3,1,0,1,0,0,0,0,0,8.804467448000025,53.07762924700006
498,11,2023,9,5,19,3,3,2,1,1,0,0,0,0,1,0,8.800551283000061,53.064835748000064
499,11,2023,9,5,9,3,5,2,1,1,0,0,0,0,0,0,8.853526915000032,53.06485458800006
500,11,2023,9,5,15,3,6,4,1,0,1,0,0,0,0,0,8.936054532000071,53.08250017200004
501,11,2023,9,5,7,3,5,3,1,0,0,0,0,1,0,0,8.817672556000048,53.05528709500004
502,12,2023,9,4,15,3,5,2,1,0,0,1,0,0,0,0,8.574492441000075,53.550867408000045
503,11,2023,9,4,10,3,4,6,1,0,0,0,0,0,0,0,8.848130337000043,53.10570788800004
504,11,2023,9,4,17,2,3,6,1,0,0,0,0,0,0,0,8.836044239000046,53.06219448300004
505,11,2023,9,4,9,3,5,2,1,0,0,0,1,0,0,0,8.78498612200002,53.10222007600004
506,12,2023,9,3,17,3,5,3,1,1,0,0,0,0,0,0,8.589957178000077,53.52690342600005
507,11,2023,9,3,13,3,5,3,1,0,0,0,0,0,0,0,8.838076769000054,53.08516227900003
508,11,2023,9,5,11,3,5,3,1,1,0,0,0,0,0,0,8.88598974200005,53.08603709100004
509,11,2023,9,3,21,3,3,6,1,0,0,0,0,0,2,0,8.831050877000052,53.09124092900004
510,11,2023,9,2,12,3,6,7,1,1,1,0,0,0,0,0,8.837481112000034,53.07719025100005
511,11,2023,9,2,17,3,1,1,1,0,0,0,0,0,0,0,8.808247387000051,53.09464916700006
512,11,2023,9,2,19,3,0,7,1,0,0,0,0,0,0,0,8.927127318000032,53.09005296600003
513,11,2023,9,2,12,3,6,7,1,1,1,0,0,1,0,0,8.837506700000063,53.07725385200007
514,11,2023,9,2,9,3,0,1,1,0,0,0,0,0,0,1,8.802942119000022,53.09256400700008
515,11,2023,9,7,13,3,0,7,1,0,0,0,0,0,0,0,8.820731429000034,53.072702840000034
516,11,2023,9,7,15,3,0,1,1,0,0,0,0,0,0,0,8.840794907000031,53.067385813000044
517,11,2023,9,7,17,3,5,3,1,1,0,0,0,0,0,0,8.943600888000049,53.03801058300007
518,11,2023,9,6,20,3,4,3,1,1,0,0,0,0,2,0,8.686081095000077,53.17107742300004
519,11,2023,9,6,15,3,2,6,1,0,0,0,0,0,0,0,8.835229395000056,53.10786660600007
520,12,2023,9,5,17,3,5,3,1,1,0,0,0,0,0,0,8.577002891000063,53.54698132600004
521,12,2023,9,5,17,3,1,5,1,1,0,0,0,0,0,0,8.585581171000058,53.55792064100007
522,11,2023,9,5,16,3,5,2,1,0,0,0,0,0,0,0,8.797145356000044,53.08340165900006
523,11,2023,9,5,8,3,2,6,1,0,0,0,0,0,0,0,8.803564746000063,53.08009121100008
524,11,2023,9,5,17,3,3,3,1,1,0,0,0,0,0,0,8.615444220000029,53.19447611100003
525,11,2023,9,5,21,2,0,7,1,0,1,0,0,0,2,0,8.817250053000066,53.08076846200004
526,11,2023,9,5,8,3,2,6,1,1,0,0,0,0,0,0,8.804198428000063,53.09874418000004
527,11,2023,10,2,18,3,0,1,1,1,0,0,0,0,1,1,8.557079500000043,53.18935984400008
528,12,2023,9,4,16,3,5,3,1,0,0,0,0,1,0,0,8.58042477600003,53.55881490500008
529,11,2023,9,4,13,3,3,2,1,1,0,0,0,1,0,1,8.892221238000047,53.060576043000026
530,11,2023,9,4,15,3,5,2,1,1,0,0,0,0,0,0,8.832807470000034,53.07746481500004
531,11,2023,9,4,12,3,5,3,1,1,0,0,0,0,0,0,8.784313780000048,53.08338773400004
532,12,2023,9,3,19,3,5,3,1,1,0,0,0,0,0,0,8.592795787000057,53.55847462000003