,UKREIS,UJAHR,UMONAT,UWOCHENTAG,USTUNDE,UKATEGORIE,UART,UTYP1,IstRad,IstPKW,IstFuss,IstKrad,IstGkfz,IstSonstig,ULICHTVERH,STRZUSTAND,longitude,latitude
533,11,2023,9,3,17,3,5,2,1,1,0,0,0,0,0,0,8.859559371000046,53.072195203000035
534,11,2023,9,3,13,3,2,6,1,0,0,0,0,0,0,0,8.787343437000061,53.072075753000036
535,11,2023,9,2,15,3,4,2,1,1,0,0,0,0,0,0,8.819736954000064,53.053705465000064
536,11,2023,9,2,15,3,8,1,1,0,0,0,1,0,0,0,8.900997395000047,53.115468727000064
537,11,2023,9,2,13,3,5,3,1,1,0,0,0,0,0,0,8.96052867700007,53.04861369000008
538,11,2023,9,2,1,3,5,3,1,1,0,0,0,0,2,0,8.923407565000048,53.05944998600006
539,11,2023,9,2,14,3,5,2,1,0,0,0,0,0,0,0,8.799434101000031,53.078527836000035
540,11,2023,9,1,13,3,4,6,1,0,0,0,0,1,0,0,8.736782147000042,53.045525473000055
541,11,2023,9,7,18,3,5,2,1,1,0,0,0,0,0,0,8.785519400000055,53.074846351000076
542,11,2023,9,7,17,2,0,7,1,0,0,0,0,0,0,0,8.66845330700005,53.17494297600007
543,11,2023,9,7,13,3,5,2,1,1,0,0,0,0,0,0,8.854291186000069,53.08239053900007
544,11,2023,9,6,17,3,5,3,1,1,0,0,0,0,0,0,8.79499491100006,53.08462420600006
545,11,2023,9,6,9,3,5,3,1,1,0,0,0,0,0,0,8.87897683400007,53.07894173200003
546,11,2023,9,6,17,3,4,2,1,1,0,0,0,0,0,0,8.582391720000032,53.18039600600008
547,11,2023,9,6,16,3,5,3,1,1,0,0,0,0,0,0,8.82884871500005,53.041769473000045
548,11,2023,9,6,15,3,5,3,1,1,0,0,0,0,0,0,8.696350427000027,53.16860964300008
549,11,2023,9,6,13,3,2,6,1,0,0,0,0,0,0,0,8.877905440000063,53.070776282000054
550,11,2023,9,5,15,3,1,5,1,1,0,0,0,0,0,0,8.79708738100004,53.09468708900005
551,11,2023,9,5,18,3,5,3,1,1,0,0,0,0,0,0,8.934158632000049,53.06945429500007
552,11,2023,9,5,21,3,7,7,1,0,0,0,0,1,2,0,8.863453278000065,53.09161635100003
553,11,2023,9,5,13,3,2,6,1,0,0,0,0,0,0,0,8.878542246000052,53.07897156000007
554,11,2023,9,5,8,3,5,2,1,1,0,0,0,0,0,0,8.635158182000055,53.167014237000046
555,11,2023,9,5,8,2,5,6,1,1,0,0,0,0,0,0,8.886434321000024,53.08605242100003
556,11,2023,9,4,15,3,5,2,1,1,0,0,0,0,0,0,8.85687432800006,53.07346541000004
557,11,2023,9,4,10,3,4,2,1,1,0,0,0,0,0,0,8.812928287000034,53.10187306300003
558,11,2023,9,4,9,1,5,2,1,1,0,0,0,0,0,0,8.879834618000075,53.11259359400003
559,11,2023,9,4,7,3,5,3,1,1,0,0,0,0,0,0,8.84471611300006,53.03374595500003
560,11,2023,9,4,17,3,1,5,1,1,0,0,0,0,0,0,8.795295355000064,53.06548849100005
561,11,2023,9,4,8,3,5,2,1,1,0,0,0,0,0,0,8.58483097900006,53.181285744000036
562,12,2023,9,3,18,3,5,3,1,1,0,0,0,0,0,0,8.630303183000024,53.59611451600006
563,11,2023,9,3,17,3,5,3,1,1,0,0,0,0,0,0,8.71948393100007,53.17378991900006
564,11,2023,9,3,8,3,5,3,1,1,0,0,0,0,0,0,8.807556499000043,53.08251120400007
565,11,2023,9,3,15,3,3,7,1,0,0,0,0,0,0,0,8.80393480500004,53.07228505200004
566,11,2023,9,3,7,3,3,6,1,0,0,0,0,0,0,0,8.796219077000046,53.08400724300003
567,11,2023,9,3,13,3,5,3,1,1,0,0,0,0,0,0,8.78846679000003,53.07342684000008
568,11,2023,9,3,8,3,1,7,1,1,0,0,0,0,0,0,8.876313862000075,53.080970027000035
569,11,2023,9,3,8,3,3,6,1,1,0,0,0,0,0,0,8.923529545000065,53.092967515000055
570,11,2023,9,2,16,2,5,3,1,0,0,0,0,0,0,0,8.797974656000065,53.09060056000004
571,11,2023,9,2,16,3,3,2,1,1,0,0,0,0,0,0,8.808258616000046,53.09464081600004
572,11,2023,9,2,18,3,5,2,1,1,0,0,0,0,1,0,8.819433998000022,53.04842065200006
573,11,2023,9,1,12,2,9,1,1,0,0,0,0,0,0,0,8.646406118000073,53.161838154000066
574,11,2023,9,6,13,3,5,3,1,1,0,0,0,0,0,0,8.852807905000077,53.06890309500005
575,11,2023,9,6,17,3,4,6,1,0,0,0,0,0,0,0,8.800550931000032,53.07878727800005
576,11,2023,9,6,8,3,5,2,1,1,0,0,0,0,0,0,8.612386245000039,53.175063986000055
577,12,2023,8,5,17,3,5,2,1,1,0,0,0,0,0,0,8.593715126000063,53.54673358100007
578,11,2023,8,5,20,3,5,3,1,1,0,0,0,0,0,0,8.567451515000073,53.194346745000075
579,11,2023,8,5,10,3,5,2,1,0,0,0,0,1,0,0,8.782501265000064,53.066984812000044
580,11,2023,8,4,14,3,5,2,1,1,0,0,0,0,0,0,8.751977733000047,53.122063670000045
581,11,2023,8,4,22,3,5,3,1,1,0,0,0,0,2,0,8.728652067000041,53.03887377900003
582,12,2023,8,3,19,3,5,2,1,1,0,0,0,0,0,0,8.585030428000039,53.54051366900006
583,11,2023,8,3,7,3,5,3,1,0,0,0,0,0,0,0,8.81098272500003,53.07170266300005
584,11,2023,8,3,13,2,3,7,1,0,0,0,0,0,0,0,8.894545911000023,53.09839330900007
585,12,2023,8,2,13,3,5,3,1,1,0,0,0,0,0,0,8.604795695000064,53.52514880400008
586,12,2023,8,2,10,2,5,3,1,1,0,0,0,0,0,0,8.574776703000055,53.56054750700008
587,12,2023,8,2,13,2,0,1,1,0,0,0,0,0,0,0,8.589667324000061,53.57258621700004
588,11,2023,8,2,9,2,5,2,1,1,0,0,0,0,0,0,8.81237866500004,53.080956066000056
589,11,2023,8,2,14,3,5,3,1,0,0,0,0,1,0,0,8.872358645000077,53.06303825300006
590,11,2023,8,2,15,3,3,6,1,1,0,0,0,0,0,0,8.936203865000039,53.13583720400004
591,11,2023,8,2,8,3,3,2,1,1,0,0,0,0,0,0,8.619011503000024,53.18012322700008
592,11,2023,8,2,2,3,0,7,1,0,0,0,0,0,2,0,8.780115025000043,53.09637480200007
593,11,2023,8,1,10,3,4,6,1,0,0,0,0,0,0,0,8.807631732000061,53.08770982400006
594,11,2023,8,1,20,3,0,7,1,0,0,0,0,0,2,0,8.852232823000065,53.05680282800006
595,11,2023,8,1,18,2,0,1,1,0,0,0,0,0,0,0,8.827182853000068,53.073003364000044
596,12,2023,8,7,19,3,5,3,1,0,0,0,0,1,1,1,8.599961568000026,53.51224756700003
597,11,2023,8,6,18,2,3,6,1,1,0,0,0,0,0,1,8.585519522000027,53.177199657000074
598,11,2023,9,6,18,3,4,2,1,1,0,0,0,0,0,1,8.818113174000075,53.04677495900006
599,11,2023,8,5,17,3,3,6,1,1,0,0,0,0,0,0,8.689577211000028,53.16938478600008
600,11,2023,8,4,22,3,0,2,1,1,0,0,0,0,2,0,8.830726746000039,53.07148017500003
601,11,2023,8,4,13,3,1,5,1,1,0,0,0,0,0,0,8.84799177800005,53.09353824300007
602,11,2023,8,4,16,3,3,6,1,0,0,0,0,0,0,0,8.801221067000029,53.07169897000006
603,11,2023,8,4,18,3,6,4,1,0,1,0,0,0,0,0,8.800554169000065,53.07855062300007
604,11,2023,8,4,15,3,5,2,1,0,0,0,1,0,0,0,8.831340265000051,53.08126391800005
605,11,2023,8,4,14,3,5,3,1,0,0,0,0,1,0,0,8.632063463000065,53.19177212800008
606,11,2023,8,4,18,2,5,3,1,1,0,0,0,0,0,0,8.864385445000039,53.071147548000056
607,12,2023,8,3,15,3,5,3,1,1,0,0,0,0,0,0,8.594888859000037,53.54488502800007
608,11,2023,8,3,13,3,5,2,1,1,0,0,0,0,0,0,8.863808083000038,53.06868393900004
609,11,2023,8,3,15,3,1,5,1,1,0,0,0,0,0,0,8.687344350000046,53.17893957300004
610,12,2023,8,2,9,3,0,1,1,0,0,0,0,0,0,0,8.597311542000057,53.575753391000035
611,12,2023,8,2,16,3,5,2,1,1,0,0,0,0,0,0,8.598733153000069,53.566560440000046
612,11,2023,8,2,11,2,5,3,1,1,0,0,0,0,0,0,8.824181656000064,53.07030141000007
613,11,2023,8,2,11,3,4,6,1,0,0,0,0,1,0,0,8.81959306400006,53.08049298000003
614,11,2023,8,2,13,3,4,2,1,1,0,0,0,0,0,0,8.62338151800003,53.17354183500004
615,11,2023,8,2,13,3,3,6,1,0,0,0,0,0,0,0,8.806765859000052,53.06562081700008
616,11,2023,8,2,17,3,4,6,1,1,0,0,0,0,0,0,8.863661979000028,53.090333617000056
617,11,2023,8,2,9,3,5,3,1,1,0,0,0,0,0,0,8.815733782000052,53.03093387400003
618,12,2023,8,1,19,3,0,1,1,0,0,0,0,0,0,0,8.559425597000029,53.58959570800005
619,11,2023,8,1,10,3,5,2,1,1,0,0,0,0,0,0,8.954643212000065,53.057577105000064
620,11,2023,8,7,13,3,3,6,1,1,0,0,0,0,0,0,8.936217317000057,53.09133359900005
621,11,2023,8,7,8,2,5,3,1,0,0,0,0,1,0,0,8.879133712000055,53.085801263000064
622,11,2023,8,7,17,3,5,3,1,1,0,0,0,0,0,1,8.795212568000068,53.073219538000046
623,11,2023,8,7,13,2,5,3,1,1,0,0,0,0,0,0,8.799887828000067,53.07043824600004
624,11,2023,8,7,12,3,0,7,1,0,0,0,0,0,0,0,8.85170320100002,53.080112436000036
625,11,2023,8,6,23,2,9,7,1,0,0,0,0,0,2,0,8.817825997000057,53.069865105000076
626,11,2023,8,6,21,2,3,2,1,1,0,0,0,0,2,0,8.801341103000027,53.07148033300007
627,11,2023,9,4,14,2,5,2,1,1,0,0,0,0,0,0,8.704299327000058,53.15605756900004
628,11,2023,8,6,12,3,5,3,1,1,0,0,0,0,0,0,8.732343395000044,53.05828182300007
629,11,2023,8,6,13,3,3,2,1,1,0,0,0,0,0,0,8.79694999700007,53.076465219000056
630,11,2023,8,5,19,3,4,6,1,0,0,0,0,0,0,0,8.81851339900004,53.02792780300007
631,11,2023,8,5,12,3,0,7,1,0,0,0,0,0,0,0,8.90434082400003,53.04372181800005
632,11,2023,8,4,16,3,1,6,1,1,0,0,0,0,0,0,8.757890261000057,53.05852196500007
633,12,2023,8,3,17,3,5,2,1,1,0,0,0,0,0,0,8.605535332000045,53.53063780700006
634,12,2023,8,3,17,3,0,1,1,0,0,0,0,0,0,0,8.591392107000047,53.54379596100006
635,11,2023,8,3,16,3,5,3,1,1,0,0,0,0,0,0,8.856618818000072,53.07138422400004
636,11,2023,8,3,11,3,1,5,1,1,0,0,0,0,0,0,8.789986208000073,53.06848484300008
637,11,2023,8,3,19,3,5,3,1,1,0,0,0,0,0,0,8.825048318000029,53.08465325000003
638,11,2023,8,3,7,3,2,1,1,1,0,0,0,0,0,0,8.815094513000076,53.10212379500007
639,12,2023,8,2,21,3,5,3,1,1,0,0,0,0,2,0,8.595319611000036,53.51128237200004
640,11,2023,8,2,16,3,3,6,1,0,0,0,0,0,0,0,8.85809434600003,53.086211398000046
641,11,2023,8,2,17,3,5,3,1,0,0,0,0,0,0,0,8.82381396300002,53.04408633800006
642,11,2023,8,6,15,3,0,4,1,0,1,0,0,0,0,0,8.828217021000057,53.072389169000076
643,11,2023,8,6,12,3,3,6,1,0,0,0,0,1,0,0,8.753574456000024,53.16249215600004
644,11,2023,9,4,19,3,3,6,1,1,0,0,0,0,0,0,8.921569180000063,53.131758485000034
645,11,2023,8,6,19,2,0,1,1,0,0,0,0,0,1,0,8.803806800000075,53.08010627400006
646,11,2023,8,6,13,3,5,3,1,1,0,0,0,0,0,0,8.863843908000035,53.071239508000076
647,11,2023,8,6,13,3,5,3,1,1,0,0,0,0,0,0,8.880578739000043,53.071993758000076
648,12,2023,8,5,8,3,0,1,1,0,0,0,0,0,0,0,8.587483965000047,53.53991190100004
649,12,2023,10,5,13,3,0,1,1,0,0,0,0,0,0,1,8.57461832100006,53.55552263200008
650,12,2023,8,4,8,3,5,3,1,0,0,0,0,1,0,0,8.601068361000046,53.53472895300007
651,11,2023,8,4,9,3,6,4,1,0,1,0,0,0,0,0,8.741801193000072,53.13092530900008
652,11,2023,8,4,19,3,3,2,1,1,0,0,0,0,0,0,8.73615085800003,53.140666370000076
653,11,2023,8,3,15,3,5,3,1,0,0,0,0,1,0,0,8.888319128000035,53.109711410000045
654,11,2023,8,3,7,3,5,2,1,1,0,0,0,0,0,0,8.850118026000075,53.085275584000044
655,11,2023,8,3,14,3,5,3,1,1,0,0,0,0,0,0,8.859617104000051,53.08268344900006
656,11,2023,8,2,8,2,0,4,1,0,1,0,0,0,0,0,8.848411173000045,53.08508734600008
657,11,2023,10,1,13,3,1,5,1,1,0,0,0,0,0,0,8.834043824000048,53.07051931700005
658,11,2023,8,2,19,3,1,5,1,1,0,0,0,0,0,1,8.816310839000039,53.07084880600007
659,11,2023,8,1,3,3,0,7,1,0,0,0,0,0,2,1,8.84111534300007,53.067327688000034
660,11,2023,8,7,17,3,1,5,1,1,0,0,0,0,0,0,8.780133171000045,53.07594450700003
661,12,2023,8,6,15,3,5,2,1,1,0,0,0,0,0,0,8.594388047000052,53.526869247000036
662,12,2023,8,6,7,3,5,3,1,1,0,0,0,0,0,1,8.582085698000071,53.55556085900008
663,11,2023,8,5,14,3,5,3,1,1,0,0,0,0,0,0,8.804618228000038,53.085793178000074
664,12,2023,8,4,13,3,8,1,1,0,0,0,0,0,0,1,8.591995799000074,53.57637656300005
665,11,2023,8,4,15,3,3,3,1,1,0,0,0,0,0,1,8.838013743000033,53.06789358900005
666,11,2023,8,4,18,3,0,3,1,1,0,0,0,0,0,0,8.832775957000024,53.07746913100004
667,12,2023,8,3,7,3,5,3,1,1,0,0,0,0,0,0,8.606075561000068,53.55096736100006
668,11,2023,8,3,12,3,3,2,1,0,0,0,0,1,0,1,8.65373822500004,53.17428636800008
669,11,2023,8,3,16,3,5,2,1,0,0,0,0,0,0,1,8.914259185000049,53.038979150000046
670,12,2023,7,2,7,2,0,1,1,0,0,0,0,0,0,1,8.573370968000063,53.56049434100004
671,11,2023,7,2,11,3,0,7,1,0,0,0,0,0,0,1,8.736512532000063,53.11763988800004
672,11,2023,10,2,11,3,5,2,1,1,0,0,0,0,0,0,8.736363624000035,53.13369550700003
673,11,2023,7,2,14,3,3,2,1,1,0,0,0,0,0,1,8.71386129700005,53.14165156400003
674,11,2023,7,1,19,3,5,3,1,1,0,0,0,0,0,0,8.814392054000052,53.081645104000074
675,11,2023,7,7,13,3,3,2,1,1,0,0,0,0,0,0,8.702253417000065,53.16769547100006
676,11,2023,11,6,13,3,0,7,1,0,0,0,0,0,0,0,8.93030525200004,53.095179474000076
677,11,2023,7,6,5,3,5,3,1,1,0,0,0,0,1,1,8.93247279700006,53.03884464300006
678,11,2023,7,4,15,3,5,3,1,1,0,0,0,0,0,1,8.819100822000053,53.111843185000055
679,11,2023,7,4,12,3,5,3,1,0,0,0,0,1,0,0,8.852815178000071,53.104669182000066
680,11,2023,8,3,15,3,5,3,1,0,0,1,0,0,0,0,8.572409500000049,53.18709889300004
681,11,2023,7,3,16,3,6,7,1,0,1,0,0,0,0,0,8.574772206000034,53.20148332300005
682,11,2023,7,3,17,3,1,5,1,1,0,0,0,0,0,0,8.823997293000048,53.07302533300003
683,12,2023,7,2,16,3,5,3,1,1,0,0,0,0,0,1,8.598949669000035,53.57024331300005
684,11,2023,7,2,16,3,7,7,1,0,0,0,0,1,0,0,8.82356519700005,53.047899845000074
685,11,2023,7,2,12,3,5,3,1,1,0,0,0,0,0,0,8.862085041000057,53.07165645500004
686,11,2023,7,1,9,3,0,7,1,0,0,0,0,0,0,0,8.817359258000067,53.08553516000006
687,11,2023,11,4,8,3,3,6,1,1,0,0,0,0,0,1,8.787529798000037,53.073967940000045
688,11,2023,7,7,13,3,4,6,1,1,0,0,0,0,0,0,8.79469804100006,53.07182017700006
689,11,2023,7,5,13,2,5,3,1,1,0,0,0,0,0,0,8.82764132400007,53.040211750000026
690,11,2023,7,5,7,3,3,2,1,0,0,0,1,0,0,0,8.782995232000076,53.076481913000066
691,11,2023,7,5,15,2,0,7,1,0,0,0,0,0,0,0,8.882238157000074,53.10097722200004
692,11,2023,7,4,21,3,5,3,1,1,0,0,0,0,1,0,8.627947206000044,53.17188305600007
693,11,2023,7,3,13,3,4,6,1,1,0,0,0,0,0,0,8.795627635000073,53.07228188800008
694,11,2023,7,3,9,3,5,2,1,1,0,0,0,0,0,0,8.854054635000068,53.08253370800003
695,11,2023,7,2,15,3,0,7,1,0,0,0,0,0,0,0,8.822607614000049,53.07289527700004
696,11,2023,7,2,11,2,5,3,1,0,0,0,1,0,0,0,8.822830826000029,53.048125603000074
697,11,2023,7,2,17,3,4,6,1,0,0,0,0,1,0,0,8.901002421000044,53.04408527800007
698,11,2023,7,7,15,2,5,3,1,0,0,0,0,0,0,0,8.80354017600007,53.07206508100006
699,11,2023,7,7,10,3,5,3,1,1,0,0,0,0,0,0,8.876073241000029,53.08234465000004
700,12,2023,7,6,10,3,5,3,1,0,0,1,0,0,0,0,8.59797986700005,53.506672801000036
701,11,2023,7,6,10,3,0,5,1,1,0,0,0,0,0,0,8.824075791000041,53.07923002100006
702,11,2023,7,6,7,3,5,2,1,1,0,0,0,0,0,0,8.796562306000055,53.08263398400004
703,11,2023,8,2,6,3,0,2,1,1,0,0,0,0,0,0,8.953779904000044,53.03409613500003
704,11,2023,7,6,16,3,5,3,1,1,0,0,0,0,0,0,8.704392025000061,53.15567412300004
705,11,2023,7,6,15,3,5,2,1,1,0,0,0,0,0,0,8.853333973000076,53.08055308100006
706,11,2023,8,4,13,3,0,7,1,0,0,0,0,0,0,0,8.832720892000054,53.08060964100008
707,11,2023,7,5,23,2,4,6,1,0,0,0,0,0,2,1,8.797796467000069,53.06900082200008
708,11,2023,7,4,16,3,4,6,1,0,0,0,0,0,0,0,8.882337094000036,53.103382890000034
709,11,2023,7,4,15,2,5,3,1,1,0,0,0,0,0,0,8.604622636000045,53.17734437800004
710,12,2023,7,3,12,3,5,3,1,1,0,0,0,0,0,0,8.59961204900003,53.503888707000044
711,11,2023,7,3,8,2,3,6,1,0,0,0,0,0,0,0,8.88799414600004,53.06673510600007
712,11,2023,7,3,17,2,5,3,1,0,0,0,0,0,0,0,8.832925225000054,53.10845073400003
713,11,2023,11,5,6,3,1,5,1,1,0,0,0,0,2,1,8.87268599500004,53.06982376600007
714,11,2023,7,3,11,3,1,7,1,1,0,0,0,0,0,0,8.924387254000067,53.07015525600008
715,11,2023,7,3,16,3,5,3,1,0,0,0,0,1,0,0,8.809318645000076,53.083452985000065
716,11,2023,7,3,12,3,3,6,1,1,0,0,0,0,0,0,8.891632979000065,53.06088430700004
717,11,2023,7,3,12,3,1,5,1,1,0,0,0,0,0,0,8.82842533400003,53.08316702400003
718,11,2023,7,2,12,3,0,7,1,0,0,0,0,0,0,0,8.798456776000023,53.08553342300007
719,11,2023,7,2,13,3,5,2,1,1,0,0,0,0,0,0,8.86294636100007,53.07138544500003
720,11,2023,7,2,14,3,5,3,1,0,0,0,0,1,0,0,8.614930550000054,53.176540266000075
721,11,2023,7,1,15,3,6,4,1,0,1,0,0,0,0,0,8.810241236000024,53.082349427000054
722,11,2023,7,1,19,3,0,7,1,0,0,0,0,0,0,0,8.740308199000026,53.05149558700003
723,11,2023,7,1,2,3,4,6,1,1,0,0,0,0,2,0,8.827017055000056,53.07276356700004
724,11,2023,7,1,3,3,4,6,1,0,0,0,0,0,2,0,8.832107243000053,53.06870351600003
725,12,2023,7,7,11,3,5,2,1,1,0,0,0,0,0,0,8.588139469000055,53.53602119400006
726,11,2023,7,7,23,3,4,6,1,0,0,0,0,0,2,0,8.782104203000074,53.07732531800008
727,12,2023,7,6,13,3,5,3,1,1,0,0,0,0,0,0,8.608426189000056,53.55001714400004
728,11,2023,7,6,20,3,5,3,1,1,0,0,0,0,0,0,8.826557384000068,53.08347999600005
729,11,2023,7,6,17,3,5,3,1,1,0,0,0,0,0,0,8.818723395000063,53.07780991700008
730,11,2023,7,6,9,3,1,5,1,1,0,0,0,0,0,0,8.598813793000033,53.18091848500006
731,11,2023,7,6,12,3,5,3,1,1,0,0,0,0,0,0,8.87581887400006,53.062753056000076
732,11,2023,7,6,18,3,5,3,1,1,0,0,0,0,0,0,8.962813962000041,53.06017555100004
733,11,2023,7,6,11,3,1,5,1,1,0,0,0,0,0,0,8.913506813000026,53.09919602400004
734,12,2023,7,5,6,2,0,1,1,0,0,0,0,0,0,1,8.62330279500003,53.60276084100008
735,12,2023,7,5,17,3,5,3,1,0,0,0,0,1,0,0,8.59152191000004,53.572136184000044
736,11,2023,7,5,10,3,5,2,1,1,0,0,0,0,0,0,8.824934737000035,53.08418954000007
737,12,2023,7,4,13,3,5,2,1,1,0,0,0,0,0,1,8.590360687000043,53.56546276500006
738,12,2023,9,3,12,2,1,5,1,1,0,0,0,0,0,0,8.591858649000073,53.53510903000006
739,11,2023,7,4,9,3,0,2,1,1,0,0,0,0,0,1,8.862955774000056,53.09019476800006
740,11,2023,7,4,13,3,3,2,1,1,0,0,0,0,0,0,8.713844730000062,53.14168496600007
741,11,2023,8,1,0,3,5,2,1,1,0,0,0,0,2,0,8.796637790000034,53.082506049000074
742,11,2023,7,4,17,3,3,6,1,0,0,0,0,1,0,0,8.778772235000076,53.06465938100007
743,12,2023,7,3,16,3,5,2,1,1,0,0,0,0,0,0,8.58963835000003,53.53198297600005
744,11,2023,7,3,18,3,4,6,1,0,0,0,0,1,0,0,8.619173674000024,53.18597354000008
745,11,2023,7,3,11,3,5,3,1,1,0,0,0,0,0,0,8.89053350100005,53.08351414400005
746,11,2023,10,2,15,3,1,5,1,0,0,0,0,1,0,0,8.68582415800006,53.17393066900007
747,11,2023,7,3,13,3,5,2,1,0,0,0,1,0,0,0,8.791158044000042,53.09154636800008
748,11,2023,7,3,8,3,2,6,1,0,0,0,0,0,0,0,8.87897537200007,53.085566562000054
749,11,2023,7,3,12,3,0,7,1,0,0,0,0,0,0,0,8.951218709000045,53.065116198000055
750,11,2023,7,2,9,3,0,7,1,0,0,0,0,0,0,1,8.812927970000032,53.07397599800004
751,11,2023,7,2,17,3,5,3,1,1,0,0,0,0,0,0,8.739141846000052,53.13520391900005
752,11,2023,10,3,18,3,5,2,1,0,0,0,0,0,2,1,8.833329685000024,53.08636763000004
753,11,2023,7,2,6,3,5,2,1,1,0,0,0,0,0,0,8.897864773000038,53.05932817200005
754,12,2023,10,6,17,3,5,3,1,1,0,0,0,0,0,0,8.59297940600004,53.55843620300004
755,12,2023,7,7,11,3,5,2,1,1,0,0,0,0,0,1,8.588080324000032,53.56271248300004
756,11,2023,7,7,22,3,4,6,1,0,0,0,0,0,2,0,8.802999156000055,53.09266015700007
757,11,2023,7,7,11,3,1,5,1,1,0,0,0,0,0,1,8.863289573000031,53.08737219000005
758,12,2023,6,6,19,3,0,3,1,1,0,0,0,0,0,0,8.606038157000057,53.593576873000075
759,11,2023,6,5,20,3,5,3,1,1,0,0,0,0,0,1,8.807227236000074,53.08753707000005
760,11,2023,9,2,17,3,6,4,1,0,1,0,0,0,0,0,8.774196369000038,53.08062095000008
761,11,2023,6,5,17,3,6,4,1,0,1,0,0,0,0,1,8.795864634000054,53.07550411200003
762,11,2023,6,4,13,3,4,6,1,0,0,0,0,0,0,0,8.805873822000024,53.07344505000003
763,11,2023,6,4,17,3,0,7,1,0,0,0,0,1,0,0,8.897275568000055,53.08603297700006
764,11,2023,6,4,19,3,6,4,1,0,1,0,0,0,0,0,8.96148942800005,53.06679530200006
765,12,2023,6,3,17,3,5,2,1,1,0,0,0,0,0,0,8.59664888900005,53.54331907000005
766,12,2023,6,3,9,3,5,2,1,0,0,0,1,0,0,0,8.589904964000027,53.52938503000007
767,11,2023,9,5,17,3,5,2,1,1,0,0,0,0,0,0,8.737760171000048,53.05643469800003
768,11,2023,6,3,9,3,5,2,1,1,0,0,0,0,0,0,8.715292746000046,53.05068259400008
769,11,2023,6,3,10,3,0,7,1,0,0,0,0,0,0,0,8.941135771000063,53.05843637000004
770,11,2023,6,3,20,3,1,7,1,1,0,0,0,0,0,0,8.913311546000045,53.05690294500005
771,11,2023,6,3,11,3,5,7,1,1,0,0,0,0,0,1,8.574374508000062,53.18136047100006
772,11,2023,6,2,11,3,1,5,1,1,0,0,0,0,0,1,8.802760817000035,53.06726094000004
773,11,2023,6,2,10,3,9,7,1,1,0,0,0,0,0,1,8.826978746000066,53.08482506200005
774,12,2023,6,1,11,3,1,5,1,1,0,0,0,0,0,0,8.580584245000068,53.545087342000045
775,11,2023,6,1,14,3,5,3,1,1,0,0,0,0,0,0,8.728003393000051,53.03821863700006
776,12,2023,6,7,15,3,5,3,1,1,0,0,0,0,0,0,8.600752053000065,53.52861348500005
777,11,2023,6,7,13,2,5,3,1,1,0,0,0,0,0,0,8.94347642300005,53.066492726000035
778,11,2023,6,7,16,3,4,6,1,0,1,0,0,0,0,0,8.738902559000053,53.13504772400006
779,11,2023,6,7,13,3,5,2,1,1,0,0,0,0,0,0,8.773970815000041,53.062051359000066
780,12,2023,6,6,2,3,1,1,1,1,0,0,0,0,2,1,8.583206020000034,53.56443961300005
781,11,2023,6,6,11,3,5,2,1,1,0,0,0,0,0,1,8.669866083000045,53.17461912700003
782,11,2023,6,6,20,3,5,2,1,1,0,0,0,0,0,0,8.575911627000039,53.20311396900007
783,11,2023,6,5,16,3,3,6,1,1,0,0,0,0,0,0,8.820481217000065,53.06937349700007
784,11,2023,9,1,20,3,6,4,1,0,1,0,0,0,2,0,8.762197683000068,53.114333240000065
785,11,2023,6,5,11,3,5,2,1,0,0,0,1,0,0,0,8.785143624000057,53.08855848600007
786,11,2023,6,5,11,3,3,7,1,1,0,0,0,0,0,0,8.902701213000057,53.10013513600006
787,11,2023,6,5,15,3,5,3,1,1,0,0,0,0,0,0,8.793758188000027,53.06634921500006
788,11,2023,6,5,13,2,1,7,1,1,0,0,0,0,0,0,8.828513048000048,53.08519107500007
789,11,2023,6,5,8,3,1,7,1,1,0,0,0,0,0,0,8.82545484000002,53.07302202200003
790,12,2023,6,4,20,3,5,3,1,1,0,0,0,0,0,0,8.570272024000076,53.551789033000034
791,11,2023,6,4,13,3,0,7,1,0,0,0,0,0,0,0,8.80067979100005,53.07091718800007
792,11,2023,6,4,18,3,5,3,1,1,0,0,0,0,0,0,8.790853468000023,53.08613864800003
793,11,2023,6,4,7,3,2,6,1,1,0,0,0,0,0,0,8.758647564000057,53.11583480200005
794,11,2023,6,4,13,3,0,5,1,0,0,0,1,0,0,0,8.829662584000062,53.08547947800008
795,11,2023,6,3,15,3,5,3,1,1,0,0,0,0,0,0,8.647067952000043,53.164841540000054
796,11,2023,6,3,11,3,0,7,1,0,0,0,0,0,0,0,8.833691197000064,53.08949613600004
797,11,2023,6,3,16,3,3,6,1,1,0,0,0,0,0,0,8.710124646000054,53.149904426000035
798,11,2023,6,3,10,2,0,1,1,0,0,0,0,0,0,1,8.807593996000037,53.059896938000065